emd_nm,base_year_month,base_year_month(sub),em_cnt,em_g,pay_amt
건입동,2018년 01월,2018년 1월,18416,45646550,1364804
건입동,2018년 02월,2018년 2월,17491,42953550,1284216
건입동,2018년 03월,2018년 3월,19396,46422450,1387853
건입동,2018년 04월,2018년 4월,19179,42438700,1268331
건입동,2018년 05월,2018년 5월,21277,44893300,1341494
건입동,2018년 06월,2018년 6월,23311,48187900,1439810
건입동,2018년 07월,2018년 7월,28626,57478250,1717202
건입동,2018년 08월,2018년 8월,26842,52553750,1569931
건입동,2018년 09월,2018년 9월,25510,49888000,1490285
건입동,2018년 10월,2018년 10월,23042,45417700,1426422
건입동,2018년 11월,2018년 11월,20791,42954200,1283438
건입동,2018년 12월,2018년 12월,20161,47652200,1424551
건입동,2019년 01월,2019년 1월,19741,46571200,1392203
건입동,2019년 02월,2019년 2월,18910,46934900,1403269
건입동,2019년 03월,2019년 3월,18966,43272850,1293420
건입동,2019년 04월,2019년 4월,18991,41103100,1228391
건입동,2019년 05월,2019년 5월,21797,45366000,1355574
건입동,2019년 06월,2019년 6월,23387,47155800,1408848
건입동,2019년 07월,2019년 7월,26082,54400500,1625503
건입동,2019년 08월,2019년 8월,26561,50759250,1516091
건입동,2019년 09월,2019년 9월,24806,47534600,1419870
건입동,2019년 10월,2019년 10월,22040,40734600,1216507
건입동,2019년 11월,2019년 11월,20387,40990100,1224609
건입동,2019년 12월,2019년 12월,19300,43076900,1287491
건입동,2020년 01월,2020년 1월,20359,45356150,1355578
건입동,2020년 02월,2020년 2월,18554,40314100,1204862
건입동,2020년 03월,2020년 3월,19812,40335450,1205108
건입동,2020년 04월,2020년 4월,18703,36668950,1095412
건입동,2020년 05월,2020년 5월,21611,40943550,1222972
건입동,2020년 06월,2020년 6월,20591,40283450,1203386
건입동,2020년 07월,2020년 7월,25261,46323350,1383433
건입동,2020년 08월,2020년 8월,25377,45467600,1357702
건입동,2020년 09월,2020년 9월,21173,35693200,1065579
건입동,2020년 10월,2020년 10월,21072,36567550,1091729
건입동,2020년 11월,2020년 11월,18837,35796000,1069165
건입동,2020년 12월,2020년 12월,18178,37884150,1131993
건입동,2021년 01월,2021년 1월,17467,36737750,1097802
건입동,2021년 02월,2021년 2월,13784,29397850,878538
건입동,2021년 03월,2021년 3월,16998,34167750,1020797
건입동,2021년 04월,2021년 4월,17780,35386850,1057232
건입동,2021년 05월,2021년 5월,20131,38047500,1136417
건입동,2021년 06월,2021년 6월,20296,36493300,1089760
구좌읍,2019년 11월,2019년 11월,593,2720350,81464
구좌읍,2019년 12월,2019년 12월,2942,11540750,345481
구좌읍,2020년 01월,2020년 1월,5800,21059800,630380
구좌읍,2020년 02월,2020년 2월,6097,19992650,598248
구좌읍,2020년 03월,2020년 3월,7258,22170750,663286
구좌읍,2020년 04월,2020년 4월,7488,21849950,653628
구좌읍,2020년 05월,2020년 5월,9516,27501450,822671
구좌읍,2020년 06월,2020년 6월,9180,25651800,767268
구좌읍,2020년 07월,2020년 7월,13077,37079550,1109175
구좌읍,2020년 08월,2020년 8월,14184,41169850,1231565
구좌읍,2020년 09월,2020년 9월,11770,31084150,929611
구좌읍,2020년 10월,2020년 10월,11513,31478700,941467
구좌읍,2020년 11월,2020년 11월,10253,30118550,901009
구좌읍,2020년 12월,2020년 12월,9802,26978450,806937
구좌읍,2021년 01월,2021년 1월,9025,25143650,752046
구좌읍,2021년 02월,2021년 2월,8833,26678900,798152
구좌읍,2021년 03월,2021년 3월,10269,30919350,924985
구좌읍,2021년 04월,2021년 4월,11197,33131350,991154
구좌읍,2021년 05월,2021년 5월,12014,34451200,1030579
구좌읍,2021년 06월,2021년 6월,14031,37807150,1130748
남원읍,2018년 01월,2018년 1월,9570,42437700,1270773
남원읍,2018년 02월,2018년 2월,8588,37088050,1110498
남원읍,2018년 03월,2018년 3월,10072,42988350,1287127
남원읍,2018년 04월,2018년 4월,10001,42703500,1278681
남원읍,2018년 05월,2018년 5월,11153,42616750,1275783
남원읍,2018년 06월,2018년 6월,11733,42287450,1265691
남원읍,2018년 07월,2018년 7월,13599,49758400,1489365
남원읍,2018년 08월,2018년 8월,13714,49571700,1483730
남원읍,2018년 09월,2018년 9월,12365,45419400,1359493
남원읍,2018년 10월,2018년 10월,11662,44434300,1330102
남원읍,2018년 11월,2018년 11월,10756,45008000,1347620
남원읍,2018년 12월,2018년 12월,11501,48961900,1465999
남원읍,2019년 01월,2019년 1월,10629,45272000,1355508
남원읍,2019년 02월,2019년 2월,7080,27809150,832508
남원읍,2019년 03월,2019년 3월,4749,17810750,533149
남원읍,2019년 04월,2019년 4월,4902,16786800,502368
남원읍,2019년 05월,2019년 5월,12716,45550300,1363350
남원읍,2019년 06월,2019년 6월,16410,58575550,1752986
남원읍,2019년 07월,2019년 7월,18048,64063450,1916105
남원읍,2019년 08월,2019년 8월,19078,66347550,1983554
남원읍,2019년 09월,2019년 9월,17315,57377000,1715490
남원읍,2019년 10월,2019년 10월,16754,57174300,1710048
남원읍,2019년 11월,2019년 11월,15041,55376450,1656190
남원읍,2019년 12월,2019년 12월,14964,60409100,1806276
남원읍,2020년 01월,2020년 1월,15805,68767000,2056671
남원읍,2020년 02월,2020년 2월,14605,61501550,1838582
남원읍,2020년 03월,2020년 3월,16239,62658150,1871340
남원읍,2020년 04월,2020년 4월,15672,59824450,1786816
남원읍,2020년 05월,2020년 5월,17574,63544800,1898050
남원읍,2020년 06월,2020년 6월,18020,63109150,1884639
남원읍,2020년 07월,2020년 7월,19042,67019150,2002478
남원읍,2020년 08월,2020년 8월,19399,71615800,2141973
남원읍,2020년 09월,2020년 9월,16302,56561100,1691503
남원읍,2020년 10월,2020년 10월,15179,57684950,1725913
남원읍,2020년 11월,2020년 11월,12979,53573900,1603690
남원읍,2020년 12월,2020년 12월,14848,60576700,1813426
남원읍,2021년 01월,2021년 1월,14101,56595100,1694399
남원읍,2021년 02월,2021년 2월,13816,56178800,1681205
남원읍,2021년 03월,2021년 3월,14974,62602150,1873290
남원읍,2021년 04월,2021년 4월,15199,61957700,1853834
남원읍,2021년 05월,2021년 5월,16071,59816600,1789111
남원읍,2021년 06월,2021년 6월,17330,62927050,1882300
노형동,2018년 01월,2018년 1월,113990,265018400,7883340
노형동,2018년 02월,2018년 2월,103571,243744900,7286110
노형동,2018년 03월,2018년 3월,117835,268625650,8029649
노형동,2018년 04월,2018년 4월,116559,248898350,7438077
노형동,2018년 05월,2018년 5월,129778,259232500,7744843
노형동,2018년 06월,2018년 6월,138587,272193365,8131502
노형동,2018년 07월,2018년 7월,166509,327483750,9783283
노형동,2018년 08월,2018년 8월,159491,306231800,9147486
노형동,2018년 09월,2018년 9월,144302,259310550,7743748
노형동,2018년 10월,2018년 10월,134077,244370750,7297934
노형동,2018년 11월,2018년 11월,124342,246249750,7356747
노형동,2018년 12월,2018년 12월,123178,273200900,8165560
노형동,2019년 01월,2019년 1월,116979,260492900,7785696
노형동,2019년 02월,2019년 2월,111835,251290500,7510492
노형동,2019년 03월,2019년 3월,115276,249789350,7451348
노형동,2019년 04월,2019년 4월,115179,237397550,7080703
노형동,2019년 05월,2019년 5월,127025,249305400,7332524
노형동,2019년 06월,2019년 6월,133924,258025550,7707839
노형동,2019년 07월,2019년 7월,151462,295221200,8819321
노형동,2019년 08월,2019년 8월,152487,285216650,8518837
노형동,2019년 09월,2019년 9월,139536,253510600,7570769
노형동,2019년 10월,2019년 10월,129982,223797811,6681364
노형동,2019년 11월,2019년 11월,121182,230736200,6892263
노형동,2019년 12월,2019년 12월,117990,247186350,7386443
노형동,2020년 01월,2020년 1월,108198,234382600,7004780
노형동,2020년 02월,2020년 2월,112953,241766400,7225016
노형동,2020년 03월,2020년 3월,125089,255138700,7623245
노형동,2020년 04월,2020년 4월,116837,226073450,6753460
노형동,2020년 05월,2020년 5월,132995,249341150,7447431
노형동,2020년 06월,2020년 6월,122308,226997876,6731271
노형동,2020년 07월,2020년 7월,154741,278924650,8329441
노형동,2020년 08월,2020년 8월,161492,290691050,8681020
노형동,2020년 09월,2020년 9월,139314,232960150,6954576
노형동,2020년 10월,2020년 10월,135035,232088700,6929436
노형동,2020년 11월,2020년 11월,123836,231329350,6909285
노형동,2020년 12월,2020년 12월,127389,255413000,7630954
노형동,2021년 01월,2021년 1월,120758,247444300,7393542
노형동,2021년 02월,2021년 2월,108469,227399950,6795260
노형동,2021년 03월,2021년 3월,115113,232733500,6953675
노형동,2021년 04월,2021년 4월,110768,212851000,6358341
노형동,2021년 05월,2021년 5월,123524,227061100,6781308
노형동,2021년 06월,2021년 6월,133924,239069250,7139202
대륜동,2018년 01월,2018년 1월,21666,57612600,1676850
대륜동,2018년 02월,2018년 2월,19252,51722150,1513367
대륜동,2018년 03월,2018년 3월,21567,57214850,1681467
대륜동,2018년 04월,2018년 4월,21424,55609050,1634928
대륜동,2018년 05월,2018년 5월,22382,53686150,1591674
대륜동,2018년 06월,2018년 6월,22734,52926700,1571745
대륜동,2018년 07월,2018년 7월,26787,63629950,1845498
대륜동,2018년 08월,2018년 8월,26246,60656200,1756266
대륜동,2018년 09월,2018년 9월,23877,50863500,1471947
대륜동,2018년 10월,2018년 10월,22438,48485050,1400208
대륜동,2018년 11월,2018년 11월,21689,50041200,1443596
대륜동,2018년 12월,2018년 12월,21606,54002100,1593933
대륜동,2019년 01월,2019년 1월,20265,52272200,1545297
대륜동,2019년 02월,2019년 2월,17234,41752800,1231580
대륜동,2019년 03월,2019년 3월,15630,35447200,1043436
대륜동,2019년 04월,2019년 4월,14778,31985850,940809
대륜동,2019년 05월,2019년 5월,19665,44419200,1311684
대륜동,2019년 06월,2019년 6월,21529,45993650,1357397
대륜동,2019년 07월,2019년 7월,27006,61582250,1823602
대륜동,2019년 08월,2019년 8월,27051,60755300,1798886
대륜동,2019년 09월,2019년 9월,24430,52395650,1549657
대륜동,2019년 10월,2019년 10월,23606,49536650,1466479
대륜동,2019년 11월,2019년 11월,22345,50189350,1484372
대륜동,2019년 12월,2019년 12월,21921,55227750,1633171
대륜동,2020년 01월,2020년 1월,21953,57458199,1698951
대륜동,2020년 02월,2020년 2월,21164,53111950,1569011
대륜동,2020년 03월,2020년 3월,23648,56525400,1671571
대륜동,2020년 04월,2020년 4월,22566,51090800,1505634
대륜동,2020년 05월,2020년 5월,24730,57743441,2566208
대륜동,2020년 06월,2020년 6월,23663,53387563,2029213
대륜동,2020년 07월,2020년 7월,21926,49049300,1463149
대륜동,2020년 08월,2020년 8월,21378,48610200,1450405
대륜동,2020년 09월,2020년 9월,18609,38982000,1162942
대륜동,2020년 10월,2020년 10월,17296,37333600,1113819
대륜동,2020년 11월,2020년 11월,15613,36899550,1100683
대륜동,2020년 12월,2020년 12월,17194,42350750,1262989
대륜동,2021년 01월,2021년 1월,17589,44229050,1319090
대륜동,2021년 02월,2021년 2월,16256,41473600,1237515
대륜동,2021년 03월,2021년 3월,17931,45509750,1357737
대륜동,2021년 04월,2021년 4월,18317,44380900,1324745
대륜동,2021년 05월,2021년 5월,20159,46104350,1375720
대륜동,2021년 06월,2021년 6월,20790,46745900,1393974
대정읍,2018년 01월,2018년 1월,10185,38885550,1164122
대정읍,2018년 02월,2018년 2월,9530,36731400,1099621
대정읍,2018년 03월,2018년 3월,11087,43941150,1315494
대정읍,2018년 04월,2018년 4월,11311,41431100,1240205
대정읍,2018년 05월,2018년 5월,12810,43391800,1298609
대정읍,2018년 06월,2018년 6월,13202,44202200,1322775
대정읍,2018년 07월,2018년 7월,13985,50247200,1503933
대정읍,2018년 08월,2018년 8월,15985,53799900,1610055
대정읍,2018년 09월,2018년 9월,15276,50900300,1523162
대정읍,2018년 10월,2018년 10월,13956,47706650,1427723
대정읍,2018년 11월,2018년 11월,13481,49818000,1491190
대정읍,2018년 12월,2018년 12월,12238,52109450,1559839
대정읍,2019년 01월,2019년 1월,15727,59920500,1792834
대정읍,2019년 02월,2019년 2월,17555,64507450,1929205
대정읍,2019년 03월,2019년 3월,20864,74448950,2226436
대정읍,2019년 04월,2019년 4월,22208,76326749,2282592
대정읍,2019년 05월,2019년 5월,28406,89408798,2673269
대정읍,2019년 06월,2019년 6월,29856,94718850,2832294
대정읍,2019년 07월,2019년 7월,29752,99189650,2966150
대정읍,2019년 08월,2019년 8월,36484,105859200,3163967
대정읍,2019년 09월,2019년 9월,22135,51079250,1524478
대정읍,2019년 10월,2019년 10월,29849,77633150,2318561
대정읍,2019년 11월,2019년 11월,33506,99774700,2981811
대정읍,2019년 12월,2019년 12월,30188,102687000,3070106
대정읍,2020년 01월,2020년 1월,30696,104173150,3113333
대정읍,2020년 02월,2020년 2월,31001,97979349,2928064
대정읍,2020년 03월,2020년 3월,32870,103538750,3093839
대정읍,2020년 04월,2020년 4월,31888,95039599,2839668
대정읍,2020년 05월,2020년 5월,37916,110405348,3299551
대정읍,2020년 06월,2020년 6월,36214,103177347,3082455
대정읍,2020년 07월,2020년 7월,34439,99259041,2965260
대정읍,2020년 08월,2020년 8월,40025,108944848,3251131
대정읍,2020년 09월,2020년 9월,38067,92630549,2760795
대정읍,2020년 10월,2020년 10월,36538,96266900,2851291
대정읍,2020년 11월,2020년 11월,34724,100047750,2938732
대정읍,2020년 12월,2020년 12월,35493,107058050,3194754
대정읍,2021년 01월,2021년 1월,35084,105314800,3148492
대정읍,2021년 02월,2021년 2월,32472,99042750,2961654
대정읍,2021년 03월,2021년 3월,36061,105467100,3153248
대정읍,2021년 04월,2021년 4월,35556,101782450,3043155
대정읍,2021년 05월,2021년 5월,42373,113929800,3405235
대정읍,2021년 06월,2021년 6월,41806,109850800,3271828
대천동,2018년 01월,2018년 1월,20280,53858550,1593709
대천동,2018년 02월,2018년 2월,17523,44956800,1337892
대천동,2018년 03월,2018년 3월,19840,49992600,1489066
대천동,2018년 04월,2018년 4월,18862,42731250,1270763
대천동,2018년 05월,2018년 5월,20853,43830200,1301723
대천동,2018년 06월,2018년 6월,21954,45078650,1336915
대천동,2018년 07월,2018년 7월,25030,53081150,1574140
대천동,2018년 08월,2018년 8월,25032,52218200,1549444
대천동,2018년 09월,2018년 9월,23196,45676250,1351333
대천동,2018년 10월,2018년 10월,21978,44132850,1310707
대천동,2018년 11월,2018년 11월,20457,43982200,1286078
대천동,2018년 12월,2018년 12월,20550,47963050,1406049
대천동,2019년 01월,2019년 1월,18865,45113300,1319285
대천동,2019년 02월,2019년 2월,14844,36020500,1047644
대천동,2019년 03월,2019년 3월,12703,29641700,860628
대천동,2019년 04월,2019년 4월,12674,28034650,821240
대천동,2019년 05월,2019년 5월,20250,41796850,1233263
대천동,2019년 06월,2019년 6월,22971,46918200,1392702
대천동,2019년 07월,2019년 7월,29065,62889962,1874913
대천동,2019년 08월,2019년 8월,29686,62450130,1859211
대천동,2019년 09월,2019년 9월,27059,55161400,1643849
대천동,2019년 10월,2019년 10월,26275,51590000,1538099
대천동,2019년 11월,2019년 11월,24704,53151631,1584999
대천동,2019년 12월,2019년 12월,23135,53564700,1597133
대천동,2020년 01월,2020년 1월,23785,58420100,1742931
대천동,2020년 02월,2020년 2월,22735,53765750,1603740
대천동,2020년 03월,2020년 3월,25061,57795350,1723274
대천동,2020년 04월,2020년 4월,23923,51288700,1528880
대천동,2020년 05월,2020년 5월,26363,55578850,1656863
대천동,2020년 06월,2020년 6월,25899,54499299,1625207
대천동,2020년 07월,2020년 7월,27126,56585581,1686982
대천동,2020년 08월,2020년 8월,31292,66506000,1959986
대천동,2020년 09월,2020년 9월,29059,56779450,1671122
대천동,2020년 10월,2020년 10월,27287,57481400,1694438
대천동,2020년 11월,2020년 11월,26015,57841350,1703284
대천동,2020년 12월,2020년 12월,27298,62836650,1848309
대천동,2021년 01월,2021년 1월,26239,62019900,1836310
대천동,2021년 02월,2021년 2월,23585,56333000,1679618
대천동,2021년 03월,2021년 3월,25623,59499550,1774752
대천동,2021년 04월,2021년 4월,24561,53705700,1601545
대천동,2021년 05월,2021년 5월,27284,58341550,1739063
대천동,2021년 06월,2021년 6월,26836,56178400,1674289
도두동,2018년 01월,2018년 1월,5338,14694200,439510
도두동,2018년 02월,2018년 2월,4940,14004850,418870
도두동,2018년 03월,2018년 3월,5648,15804550,472743
도두동,2018년 04월,2018년 4월,5572,14904200,445722
도두동,2018년 05월,2018년 5월,6253,15476250,462740
도두동,2018년 06월,2018년 6월,6760,16682350,498785
도두동,2018년 07월,2018년 7월,8109,19566250,585020
도두동,2018년 08월,2018년 8월,7809,18073950,540275
도두동,2018년 09월,2018년 9월,7408,16785750,501748
도두동,2018년 10월,2018년 10월,6888,16677600,499828
도두동,2018년 11월,2018년 11월,6403,15927400,476200
도두동,2018년 12월,2018년 12월,6233,16824600,503216
도두동,2019년 01월,2019년 1월,5913,15314350,457942
도두동,2019년 02월,2019년 2월,5621,14416750,431093
도두동,2019년 03월,2019년 3월,5700,15020400,449211
도두동,2019년 04월,2019년 4월,5888,15270900,456657
도두동,2019년 05월,2019년 5월,6704,16476700,492655
도두동,2019년 06월,2019년 6월,7195,16892650,504994
도두동,2019년 07월,2019년 7월,8407,20124150,601668
도두동,2019년 08월,2019년 8월,8766,20959850,626580
도두동,2019년 09월,2019년 9월,7896,18552500,554606
도두동,2019년 10월,2019년 10월,7376,18124000,541885
도두동,2019년 11월,2019년 11월,6909,18902350,565329
도두동,2019년 12월,2019년 12월,6527,17385050,519908
도두동,2020년 01월,2020년 1월,6581,18797900,562288
도두동,2020년 02월,2020년 2월,6079,16045750,479894
도두동,2020년 03월,2020년 3월,6373,16070150,480556
도두동,2020년 04월,2020년 4월,5890,14195400,424392
도두동,2020년 05월,2020년 5월,6872,16621200,496904
도두동,2020년 06월,2020년 6월,6829,16569750,495387
도두동,2020년 07월,2020년 7월,8482,20972600,627027
도두동,2020년 08월,2020년 8월,8578,21004750,627968
도두동,2020년 09월,2020년 9월,7432,16956300,506851
도두동,2020년 10월,2020년 10월,7681,18218650,544635
도두동,2020년 11월,2020년 11월,7114,18714300,559617
도두동,2020년 12월,2020년 12월,6863,17619050,526840
도두동,2021년 01월,2021년 1월,6898,17814850,532726
도두동,2021년 02월,2021년 2월,5969,15402250,460579
도두동,2021년 03월,2021년 3월,6681,17504100,523480
도두동,2021년 04월,2021년 4월,6926,17377150,519593
도두동,2021년 05월,2021년 5월,8298,19663550,587847
도두동,2021년 06월,2021년 6월,8749,19733350,589865
동홍동,2018년 01월,2018년 1월,45936,118701000,3501286
동홍동,2018년 02월,2018년 2월,43240,113812050,3355444
동홍동,2018년 03월,2018년 3월,46464,117711450,3467250
동홍동,2018년 04월,2018년 4월,42709,100217900,2955831
동홍동,2018년 05월,2018년 5월,45795,100885000,2971507
동홍동,2018년 06월,2018년 6월,49364,104634500,3074845
동홍동,2018년 07월,2018년 7월,58001,125812450,3700341
동홍동,2018년 08월,2018년 8월,54933,116500150,3422980
동홍동,2018년 09월,2018년 9월,50389,100407800,2934279
동홍동,2018년 10월,2018년 10월,46571,96178300,2815548
동홍동,2018년 11월,2018년 11월,44355,101432950,2983866
동홍동,2018년 12월,2018년 12월,43991,109345600,3239146
동홍동,2019년 01월,2019년 1월,32267,83674100,2476151
동홍동,2019년 02월,2019년 2월,21240,57549400,1704825
동홍동,2019년 03월,2019년 3월,11966,34358750,1021825
동홍동,2019년 04월,2019년 4월,11882,32622800,968296
동홍동,2019년 05월,2019년 5월,35644,81200750,2400433
동홍동,2019년 06월,2019년 6월,47193,103689750,3083745
동홍동,2019년 07월,2019년 7월,59933,135774149,4042666
동홍동,2019년 08월,2019년 8월,61215,134502400,4007463
동홍동,2019년 09월,2019년 9월,58112,125995299,3756475
동홍동,2019년 10월,2019년 10월,54550,114124900,3396919
동홍동,2019년 11월,2019년 11월,50938,116633800,3471068
동홍동,2019년 12월,2019년 12월,49347,123632700,3681748
동홍동,2020년 01월,2020년 1월,49731,132288450,3939798
동홍동,2020년 02월,2020년 2월,46334,122315350,3643758
동홍동,2020년 03월,2020년 3월,49689,122303100,3642445
동홍동,2020년 04월,2020년 4월,46209,107296750,3195453
동홍동,2020년 05월,2020년 5월,52324,120417978,4004644
동홍동,2020년 06월,2020년 6월,53363,121853705,3999253
동홍동,2020년 07월,2020년 7월,53571,114230800,3400625
동홍동,2020년 08월,2020년 8월,56313,115116700,3430406
동홍동,2020년 09월,2020년 9월,50515,98116600,2927933
동홍동,2020년 10월,2020년 10월,46279,93397850,2788398
동홍동,2020년 11월,2020년 11월,39548,88411450,2642520
동홍동,2020년 12월,2020년 12월,45999,106031300,3169520
동홍동,2021년 01월,2021년 1월,45790,107302450,3207633
동홍동,2021년 02월,2021년 2월,43531,103601250,3097236
동홍동,2021년 03월,2021년 3월,44732,101916400,3046301
동홍동,2021년 04월,2021년 4월,43687,93011250,2778522
동홍동,2021년 05월,2021년 5월,46424,94027400,2807843
동홍동,2021년 06월,2021년 6월,46479,86524400,2581670
봉개동,2018년 01월,2018년 1월,3709,10390450,310803
봉개동,2018년 02월,2018년 2월,3511,9991650,298897
봉개동,2018년 03월,2018년 3월,3851,10577250,316362
봉개동,2018년 04월,2018년 4월,3984,10487400,313668
봉개동,2018년 05월,2018년 5월,4727,11513550,344226
봉개동,2018년 06월,2018년 6월,5177,11721950,350348
봉개동,2018년 07월,2018년 7월,6289,14849800,443925
봉개동,2018년 08월,2018년 8월,6120,14493600,433257
봉개동,2018년 09월,2018년 9월,5883,13159300,393362
봉개동,2018년 10월,2018년 10월,5437,12044850,360001
봉개동,2018년 11월,2018년 11월,5042,12438750,371898
봉개동,2018년 12월,2018년 12월,6800,15268450,456378
봉개동,2019년 01월,2019년 1월,7395,15822450,472839
봉개동,2019년 02월,2019년 2월,7161,15840150,473422
봉개동,2019년 03월,2019년 3월,7373,15534700,464209
봉개동,2019년 04월,2019년 4월,7343,15217800,454669
봉개동,2019년 05월,2019년 5월,8453,16219600,484484
봉개동,2019년 06월,2019년 6월,8928,16879500,504178
봉개동,2019년 07월,2019년 7월,10208,20094100,600276
봉개동,2019년 08월,2019년 8월,9645,17698900,528605
봉개동,2019년 09월,2019년 9월,9301,16732150,499657
봉개동,2019년 10월,2019년 10월,8754,14864800,443781
봉개동,2019년 11월,2019년 11월,8296,15031050,448860
봉개동,2019년 12월,2019년 12월,7950,15966250,477011
봉개동,2020년 01월,2020년 1월,8060,16561850,494851
봉개동,2020년 02월,2020년 2월,7796,15622400,466748
봉개동,2020년 03월,2020년 3월,8563,15780450,471281
봉개동,2020년 04월,2020년 4월,8157,14598650,435924
봉개동,2020년 05월,2020년 5월,9086,15886600,474318
봉개동,2020년 06월,2020년 6월,8841,16575149,495062
봉개동,2020년 07월,2020년 7월,10706,18891000,564058
봉개동,2020년 08월,2020년 8월,10745,19456900,581081
봉개동,2020년 09월,2020년 9월,9477,15629750,466536
봉개동,2020년 10월,2020년 10월,9248,15425650,460453
봉개동,2020년 11월,2020년 11월,8097,14457800,431744
봉개동,2020년 12월,2020년 12월,8207,15685200,468528
봉개동,2021년 01월,2021년 1월,7966,15180900,453441
봉개동,2021년 02월,2021년 2월,6496,12899650,385384
봉개동,2021년 03월,2021년 3월,7480,13873900,414359
봉개동,2021년 04월,2021년 4월,7564,13278500,396462
봉개동,2021년 05월,2021년 5월,9026,15601950,465787
봉개동,2021년 06월,2021년 6월,9426,16048700,479157
삼도1동,2018년 01월,2018년 1월,28427,71078500,2125206
삼도1동,2018년 02월,2018년 2월,27127,68419050,2045801
삼도1동,2018년 03월,2018년 3월,29721,73542800,2198903
삼도1동,2018년 04월,2018년 4월,29402,66869550,1998767
삼도1동,2018년 05월,2018년 5월,32645,68054150,2033445
삼도1동,2018년 06월,2018년 6월,35688,72919400,2178646
삼도1동,2018년 07월,2018년 7월,43475,87997000,2629071
삼도1동,2018년 08월,2018년 8월,41888,84322600,2519212
삼도1동,2018년 09월,2018년 9월,37621,70970500,2119627
삼도1동,2018년 10월,2018년 10월,34547,66964900,2000299
삼도1동,2018년 11월,2018년 11월,31734,66904150,1999221
삼도1동,2018년 12월,2018년 12월,30921,73518900,2197844
삼도1동,2019년 01월,2019년 1월,30087,70912250,2119792
삼도1동,2019년 02월,2019년 2월,28980,69023300,2063488
삼도1동,2019년 03월,2019년 3월,29038,67585050,2020367
삼도1동,2019년 04월,2019년 4월,28392,62998400,1882865
삼도1동,2019년 05월,2019년 5월,32062,65460900,1955847
삼도1동,2019년 06월,2019년 6월,34226,68266500,2039509
삼도1동,2019년 07월,2019년 7월,39467,81298700,2429112
삼도1동,2019년 08월,2019년 8월,39762,79567550,2377200
삼도1동,2019년 09월,2019년 9월,37519,72046850,2152076
삼도1동,2019년 10월,2019년 10월,33462,60155000,1796298
삼도1동,2019년 11월,2019년 11월,30136,58742500,1754747
삼도1동,2019년 12월,2019년 12월,28876,64189500,1918519
삼도1동,2020년 01월,2020년 1월,29949,70070100,2094580
삼도1동,2020년 02월,2020년 2월,27917,61990800,1852694
삼도1동,2020년 03월,2020년 3월,29934,63840650,1907768
삼도1동,2020년 04월,2020년 4월,28097,56606000,1691147
삼도1동,2020년 05월,2020년 5월,32271,62806100,1876093
삼도1동,2020년 06월,2020년 6월,29910,58721055,1748512
삼도1동,2020년 07월,2020년 7월,36516,68090950,2033600
삼도1동,2020년 08월,2020년 8월,35329,66153800,1975759
삼도1동,2020년 09월,2020년 9월,30342,53852800,1608016
삼도1동,2020년 10월,2020년 10월,30585,54576750,1629726
삼도1동,2020년 11월,2020년 11월,27238,53469800,1597386
삼도1동,2020년 12월,2020년 12월,26591,57201600,1709407
삼도1동,2021년 01월,2021년 1월,25715,55008750,1643865
삼도1동,2021년 02월,2021년 2월,20172,43495350,1299813
삼도1동,2021년 03월,2021년 3월,23787,50034650,1495108
삼도1동,2021년 04월,2021년 4월,25571,51074200,1525816
삼도1동,2021년 05월,2021년 5월,29938,57099250,1705541
삼도1동,2021년 06월,2021년 6월,32306,59222300,1768609
삼도2동,2018년 01월,2018년 1월,16603,39820100,1176372
삼도2동,2018년 02월,2018년 2월,15629,36785950,1086209
삼도2동,2018년 03월,2018년 3월,17161,40787200,1203576
삼도2동,2018년 04월,2018년 4월,16835,37846950,1115661
삼도2동,2018년 05월,2018년 5월,19169,38050900,1119702
삼도2동,2018년 06월,2018년 6월,21206,41411150,1211055
삼도2동,2018년 07월,2018년 7월,26313,51910050,1523350
삼도2동,2018년 08월,2018년 8월,25227,48277350,1416979
삼도2동,2018년 09월,2018년 9월,23226,42080450,1237549
삼도2동,2018년 10월,2018년 10월,21586,40283000,1183118
삼도2동,2018년 11월,2018년 11월,20066,39478300,1156520
삼도2동,2018년 12월,2018년 12월,19183,43280150,1275734
삼도2동,2019년 01월,2019년 1월,18552,40432400,1192998
삼도2동,2019년 02월,2019년 2월,18214,40530650,1194221
삼도2동,2019년 03월,2019년 3월,19154,40510300,1188041
삼도2동,2019년 04월,2019년 4월,18667,38799550,1129875
삼도2동,2019년 05월,2019년 5월,19882,39018000,1131398
삼도2동,2019년 06월,2019년 6월,22246,43205150,1248712
삼도2동,2019년 07월,2019년 7월,25165,48782500,1414445
삼도2동,2019년 08월,2019년 8월,24765,46484250,1357175
삼도2동,2019년 09월,2019년 9월,21979,40115250,1184629
삼도2동,2019년 10월,2019년 10월,19399,34224250,1015174
삼도2동,2019년 11월,2019년 11월,18375,35060900,1033139
삼도2동,2019년 12월,2019년 12월,17166,35540150,1048907
삼도2동,2020년 01월,2020년 1월,15603,33954800,1001306
삼도2동,2020년 02월,2020년 2월,14806,31296400,923964
삼도2동,2020년 03월,2020년 3월,15696,31831100,937548
삼도2동,2020년 04월,2020년 4월,15209,29979550,883959
삼도2동,2020년 05월,2020년 5월,18126,35372900,1039187
삼도2동,2020년 06월,2020년 6월,18461,37503450,1104854
삼도2동,2020년 07월,2020년 7월,20887,39410400,1158621
삼도2동,2020년 08월,2020년 8월,19954,38042250,1124558
삼도2동,2020년 09월,2020년 9월,17484,30701050,910878
삼도2동,2020년 10월,2020년 10월,16851,30367250,902817
삼도2동,2020년 11월,2020년 11월,15278,30242650,900453
삼도2동,2020년 12월,2020년 12월,15019,31214650,929188
삼도2동,2021년 01월,2021년 1월,12959,28184650,842344
삼도2동,2021년 02월,2021년 2월,12085,26655750,796660
삼도2동,2021년 03월,2021년 3월,11799,24801600,741111
삼도2동,2021년 04월,2021년 4월,11627,23157600,691836
삼도2동,2021년 05월,2021년 5월,12852,24945700,745184
삼도2동,2021년 06월,2021년 6월,12943,24066500,718753
삼양동,2018년 01월,2018년 1월,42726,102218000,3015893
삼양동,2018년 02월,2018년 2월,40524,96713450,2857023
삼양동,2018년 03월,2018년 3월,44644,102398050,3023056
삼양동,2018년 04월,2018년 4월,43448,92406800,2727789
삼양동,2018년 05월,2018년 5월,48141,97071900,2863184
삼양동,2018년 06월,2018년 6월,52339,104939850,3095825
삼양동,2018년 07월,2018년 7월,64273,132845050,3920137
삼양동,2018년 08월,2018년 8월,61645,121738500,3590695
삼양동,2018년 09월,2018년 9월,56783,103698750,3058752
삼양동,2018년 10월,2018년 10월,51684,95545200,2823001
삼양동,2018년 11월,2018년 11월,48542,97723950,2885998
삼양동,2018년 12월,2018년 12월,47484,106564050,3156067
삼양동,2019년 01월,2019년 1월,46268,102886400,3049165
삼양동,2019년 02월,2019년 2월,44277,100438200,2976771
삼양동,2019년 03월,2019년 3월,45290,98265650,2912984
삼양동,2019년 04월,2019년 4월,44832,91513250,2716347
삼양동,2019년 05월,2019년 5월,51980,101518950,3032639
삼양동,2019년 06월,2019년 6월,56050,109558700,3272743
삼양동,2019년 07월,2019년 7월,63531,127378250,3805579
삼양동,2019년 08월,2019년 8월,63800,118668400,3544190
삼양동,2019년 09월,2019년 9월,58756,108093245,3213099
삼양동,2019년 10월,2019년 10월,53732,92665885,2751084
삼양동,2019년 11월,2019년 11월,50101,93866750,2788372
삼양동,2019년 12월,2019년 12월,49182,102451450,3043774
삼양동,2020년 01월,2020년 1월,49621,108895450,3234919
삼양동,2020년 02월,2020년 2월,47844,103103700,3062420
삼양동,2020년 03월,2020년 3월,53093,109838850,3263260
삼양동,2020년 04월,2020년 4월,48902,95539210,2838289
삼양동,2020년 05월,2020년 5월,55436,104476200,3099654
삼양동,2020년 06월,2020년 6월,47912,89653250,2656546
삼양동,2020년 07월,2020년 7월,60173,110306150,3266366
삼양동,2020년 08월,2020년 8월,60258,110548100,3297647
삼양동,2020년 09월,2020년 9월,52094,88975450,2656285
삼양동,2020년 10월,2020년 10월,49636,86136310,2571872
삼양동,2020년 11월,2020년 11월,43932,84711750,2530398
삼양동,2020년 12월,2020년 12월,46912,97844950,2908149
삼양동,2021년 01월,2021년 1월,45538,94467640,2804429
삼양동,2021년 02월,2021년 2월,38048,80428320,2403325
삼양동,2021년 03월,2021년 3월,42531,87197200,2605322
삼양동,2021년 04월,2021년 4월,43813,84829840,2533936
삼양동,2021년 05월,2021년 5월,49969,93122870,2781197
삼양동,2021년 06월,2021년 6월,52430,96172500,2872148
서홍동,2018년 01월,2018년 1월,15597,47230450,1397423
서홍동,2018년 02월,2018년 2월,15013,45843500,1358929
서홍동,2018년 03월,2018년 3월,16243,48582800,1445073
서홍동,2018년 04월,2018년 4월,15485,44080700,1312859
서홍동,2018년 05월,2018년 5월,16979,44875250,1336662
서홍동,2018년 06월,2018년 6월,17531,45915250,1366823
서홍동,2018년 07월,2018년 7월,21064,53264700,1585899
서홍동,2018년 08월,2018년 8월,21462,52265950,1555176
서홍동,2018년 09월,2018년 9월,20800,48260450,1438560
서홍동,2018년 10월,2018년 10월,19207,46832100,1395039
서홍동,2018년 11월,2018년 11월,17721,45646500,1360892
서홍동,2018년 12월,2018년 12월,17939,49404600,1462715
서홍동,2019년 01월,2019년 1월,14060,40390200,1205227
서홍동,2019년 02월,2019년 2월,8893,23934350,715333
서홍동,2019년 03월,2019년 3월,5778,14023750,418894
서홍동,2019년 04월,2019년 4월,5789,13657550,403291
서홍동,2019년 05월,2019년 5월,15830,38787050,1146927
서홍동,2019년 06월,2019년 6월,18250,44145400,1311219
서홍동,2019년 07월,2019년 7월,21594,52257450,1561777
서홍동,2019년 08월,2019년 8월,22292,52004550,1543127
서홍동,2019년 09월,2019년 9월,20694,46899350,1384363
서홍동,2019년 10월,2019년 10월,19001,42088700,1242240
서홍동,2019년 11월,2019년 11월,17979,43400700,1283492
서홍동,2019년 12월,2019년 12월,17069,44950900,1334698
서홍동,2020년 01월,2020년 1월,15526,43321100,1295737
서홍동,2020년 02월,2020년 2월,14629,40153050,1200977
서홍동,2020년 03월,2020년 3월,16255,42033800,1256945
서홍동,2020년 04월,2020년 4월,15418,37353700,1116770
서홍동,2020년 05월,2020년 5월,16819,39287850,1174439
서홍동,2020년 06월,2020년 6월,17108,39029650,1166578
서홍동,2020년 07월,2020년 7월,18648,40746100,1217582
서홍동,2020년 08월,2020년 8월,25071,56296100,1682292
서홍동,2020년 09월,2020년 9월,22303,47293500,1412600
서홍동,2020년 10월,2020년 10월,19742,43249150,1291847
서홍동,2020년 11월,2020년 11월,15516,35093100,1048372
서홍동,2020년 12월,2020년 12월,15749,40146100,1199201
서홍동,2021년 01월,2021년 1월,16533,42811500,1277628
서홍동,2021년 02월,2021년 2월,16133,42488650,1268342
서홍동,2021년 03월,2021년 3월,17363,43048550,1285182
서홍동,2021년 04월,2021년 4월,16810,39314300,1173536
서홍동,2021년 05월,2021년 5월,16953,38265400,1142491
서홍동,2021년 06월,2021년 6월,14277,29767600,888409
성산읍,2018년 01월,2018년 1월,2456,11343100,339679
성산읍,2018년 02월,2018년 2월,2323,10137100,303538
성산읍,2018년 03월,2018년 3월,2756,13681050,409754
성산읍,2018년 04월,2018년 4월,2713,14115500,422756
성산읍,2018년 05월,2018년 5월,3232,14259700,426976
성산읍,2018년 06월,2018년 6월,3240,14160700,423975
성산읍,2018년 07월,2018년 7월,3449,15918350,476677
성산읍,2018년 08월,2018년 8월,3282,16154350,483825
성산읍,2018년 09월,2018년 9월,2835,13481700,403769
성산읍,2018년 10월,2018년 10월,2800,13774800,412547
성산읍,2018년 11월,2018년 11월,2879,13387450,400909
성산읍,2018년 12월,2018년 12월,2872,15630200,468149
성산읍,2019년 01월,2019년 1월,6076,40014154,1170175
성산읍,2019년 02월,2019년 2월,6575,46043704,1348963
성산읍,2019년 03월,2019년 3월,7209,50507700,1510722
성산읍,2019년 04월,2019년 4월,8041,55663526,1637284
성산읍,2019년 05월,2019년 5월,9552,58067944,1736152
성산읍,2019년 06월,2019년 6월,9939,57757046,1730511
성산읍,2019년 07월,2019년 7월,10931,62051614,1857266
성산읍,2019년 08월,2019년 8월,11207,63509160,1898064
성산읍,2019년 09월,2019년 9월,8344,49593693,1472978
성산읍,2019년 10월,2019년 10월,8527,51296900,1530550
성산읍,2019년 11월,2019년 11월,7814,47126600,1405686
성산읍,2019년 12월,2019년 12월,8005,47381500,1412121
성산읍,2020년 01월,2020년 1월,9759,53259250,1585672
성산읍,2020년 02월,2020년 2월,8833,43668750,1301112
성산읍,2020년 03월,2020년 3월,9955,46373628,1333478
성산읍,2020년 04월,2020년 4월,9863,42885800,1276845
성산읍,2020년 05월,2020년 5월,11917,52756684,1562003
성산읍,2020년 06월,2020년 6월,11813,58983672,1650031
성산읍,2020년 07월,2020년 7월,11872,59437456,1674716
성산읍,2020년 08월,2020년 8월,15375,82187750,2451028
성산읍,2020년 09월,2020년 9월,13867,64840500,1933199
성산읍,2020년 10월,2020년 10월,13068,65917800,1965802
성산읍,2020년 11월,2020년 11월,11457,62781150,1872738
성산읍,2020년 12월,2020년 12월,10956,58846300,1754336
성산읍,2021년 01월,2021년 1월,9800,51552400,1534718
성산읍,2021년 02월,2021년 2월,9721,54796550,1634355
성산읍,2021년 03월,2021년 3월,11156,60014350,1789092
성산읍,2021년 04월,2021년 4월,11484,63529350,1893965
성산읍,2021년 05월,2021년 5월,11459,57482500,1710269
성산읍,2021년 06월,2021년 6월,17581,85688760,2555047
송산동,2018년 01월,2018년 1월,6039,22834700,666988
송산동,2018년 02월,2018년 2월,6333,22845650,668102
송산동,2018년 03월,2018년 3월,8127,29374600,836469
송산동,2018년 04월,2018년 4월,8300,31331450,897246
송산동,2018년 05월,2018년 5월,8766,32837750,945340
송산동,2018년 06월,2018년 6월,8987,31772700,920718
송산동,2018년 07월,2018년 7월,10858,35965550,1035940
송산동,2018년 08월,2018년 8월,10282,33924200,976345
송산동,2018년 09월,2018년 9월,10698,30837000,883033
송산동,2018년 10월,2018년 10월,10138,30286950,871292
송산동,2018년 11월,2018년 11월,9110,28894450,830066
송산동,2018년 12월,2018년 12월,8489,29534450,872902
송산동,2019년 01월,2019년 1월,7485,28136200,840480
송산동,2019년 02월,2019년 2월,4740,16820600,503434
송산동,2019년 03월,2019년 3월,2787,9738800,291469
송산동,2019년 04월,2019년 4월,3002,11162250,334133
송산동,2019년 05월,2019년 5월,7345,28696250,854695
송산동,2019년 06월,2019년 6월,8774,32139400,955167
송산동,2019년 07월,2019년 7월,10514,34753550,1030516
송산동,2019년 08월,2019년 8월,10184,33028800,978392
송산동,2019년 09월,2019년 9월,9460,27761100,820609
송산동,2019년 10월,2019년 10월,8847,25903350,768732
송산동,2019년 11월,2019년 11월,7997,23879300,708524
송산동,2019년 12월,2019년 12월,7295,24298850,720326
송산동,2020년 01월,2020년 1월,7237,25218900,744928
송산동,2020년 02월,2020년 2월,6633,22466700,664009
송산동,2020년 03월,2020년 3월,7579,24734100,732471
송산동,2020년 04월,2020년 4월,7604,27067150,802912
송산동,2020년 05월,2020년 5월,8454,30771900,911381
송산동,2020년 06월,2020년 6월,8869,31989550,948505
송산동,2020년 07월,2020년 7월,9878,32658300,967041
송산동,2020년 08월,2020년 8월,9047,30123950,901505
송산동,2020년 09월,2020년 9월,7024,19669000,588329
송산동,2020년 10월,2020년 10월,6113,17237900,515662
송산동,2020년 11월,2020년 11월,5167,15650900,468238
송산동,2020년 12월,2020년 12월,5865,18290650,547236
송산동,2021년 01월,2021년 1월,5517,17074050,510824
송산동,2021년 02월,2021년 2월,5255,17695700,529586
송산동,2021년 03월,2021년 3월,5786,20041950,599794
송산동,2021년 04월,2021년 4월,6039,22429600,671388
송산동,2021년 05월,2021년 5월,6718,26770600,801455
송산동,2021년 06월,2021년 6월,8196,31243800,935303
아라동,2018년 01월,2018년 1월,51381,120076450,3565424
아라동,2018년 02월,2018년 2월,47792,113409350,3383674
아라동,2018년 03월,2018년 3월,56005,126600400,3777257
아라동,2018년 04월,2018년 4월,57187,120009900,3581667
아라동,2018년 05월,2018년 5월,62967,125428550,3743371
아라동,2018년 06월,2018년 6월,66807,131746050,3930825
아라동,2018년 07월,2018년 7월,80137,160430750,4786506
아라동,2018년 08월,2018년 8월,77120,150581150,4492184
아라동,2018년 09월,2018년 9월,70843,128068300,3818254
아라동,2018년 10월,2018년 10월,65156,121516250,3624567
아라동,2018년 11월,2018년 11월,61326,124576750,3715865
아라동,2018년 12월,2018년 12월,60275,134846400,4024785
아라동,2019년 01월,2019년 1월,58479,131907350,3935919
아라동,2019년 02월,2019년 2월,54591,125788600,3755337
아라동,2019년 03월,2019년 3월,57211,125495000,3744438
아라동,2019년 04월,2019년 4월,56440,116138550,3463430
아라동,2019년 05월,2019년 5월,64629,128605265,3813658
아라동,2019년 06월,2019년 6월,66456,129864113,3873117
아라동,2019년 07월,2019년 7월,73778,146464000,4366542
아라동,2019년 08월,2019년 8월,73928,141699350,4223233
아라동,2019년 09월,2019년 9월,68472,125690350,3747065
아라동,2019년 10월,2019년 10월,64201,111021800,3305345
아라동,2019년 11월,2019년 11월,59590,113050500,3370877
아라동,2019년 12월,2019년 12월,58317,120968950,3606766
아라동,2020년 01월,2020년 1월,50934,110772750,3303545
아라동,2020년 02월,2020년 2월,55782,117567400,3502877
아라동,2020년 03월,2020년 3월,63040,125026900,3726467
아라동,2020년 04월,2020년 4월,58275,111515050,3323313
아라동,2020년 05월,2020년 5월,66911,125904100,3751985
아라동,2020년 06월,2020년 6월,60043,112703700,3357659
아라동,2020년 07월,2020년 7월,74456,139674450,4159469
아라동,2020년 08월,2020년 8월,74924,141323900,4216737
아라동,2020년 09월,2020년 9월,62672,108428100,3234547
아라동,2020년 10월,2020년 10월,59808,105955960,3160805
아라동,2020년 11월,2020년 11월,55773,107873600,3220533
아라동,2020년 12월,2020년 12월,58078,119343000,3563384
아라동,2021년 01월,2021년 1월,55238,115795850,3457152
아라동,2021년 02월,2021년 2월,49746,104113000,3108446
아라동,2021년 03월,2021년 3월,51813,105042100,3135927
아라동,2021년 04월,2021년 4월,50260,94682900,2825579
아라동,2021년 05월,2021년 5월,57174,107045700,3194475
아라동,2021년 06월,2021년 6월,60530,112190800,3346777
안덕면,2018년 01월,2018년 1월,2664,10007850,299586
안덕면,2018년 02월,2018년 2월,2387,8852300,265021
안덕면,2018년 03월,2018년 3월,2712,9981250,298765
안덕면,2018년 04월,2018년 4월,2817,9588800,286972
안덕면,2018년 05월,2018년 5월,3288,10540150,315393
안덕면,2018년 06월,2018년 6월,3493,10782750,322623
안덕면,2018년 07월,2018년 7월,4139,11881650,355422
안덕면,2018년 08월,2018년 8월,4060,11208700,335248
안덕면,2018년 09월,2018년 9월,3623,9638350,288263
안덕면,2018년 10월,2018년 10월,3398,9233950,276182
안덕면,2018년 11월,2018년 11월,3175,9171400,274335
안덕면,2018년 12월,2018년 12월,3287,10940800,327428
안덕면,2019년 01월,2019년 1월,5037,19138700,572942
안덕면,2019년 02월,2019년 2월,5365,21553400,645298
안덕면,2019년 03월,2019년 3월,6168,24666050,738470
안덕면,2019년 04월,2019년 4월,6535,24347150,728826
안덕면,2019년 05월,2019년 5월,7749,27228750,814968
안덕면,2019년 06월,2019년 6월,8549,29946400,896334
안덕면,2019년 07월,2019년 7월,10481,35578550,1064767
안덕면,2019년 08월,2019년 8월,12171,42604400,1275129
안덕면,2019년 09월,2019년 9월,6661,22078850,660723
안덕면,2019년 10월,2019년 10월,8470,28175450,843214
안덕면,2019년 11월,2019년 11월,9059,32506550,972986
안덕면,2019년 12월,2019년 12월,8997,35027700,1048622
안덕면,2020년 01월,2020년 1월,9399,37625800,1126491
안덕면,2020년 02월,2020년 2월,8489,34189050,1023587
안덕면,2020년 03월,2020년 3월,9668,36068850,1079715
안덕면,2020년 04월,2020년 4월,9656,35376349,1058947
안덕면,2020년 05월,2020년 5월,11779,41537000,1243221
안덕면,2020년 06월,2020년 6월,11814,42982400,1286533
안덕면,2020년 07월,2020년 7월,12480,43152748,1291487
안덕면,2020년 08월,2020년 8월,13596,48238800,1437582
안덕면,2020년 09월,2020년 9월,11245,33174850,985692
안덕면,2020년 10월,2020년 10월,10918,35010700,1038353
안덕면,2020년 11월,2020년 11월,10481,35431850,1052201
안덕면,2020년 12월,2020년 12월,9953,33677650,1002292
안덕면,2021년 01월,2021년 1월,9832,33522600,1003220
안덕면,2021년 02월,2021년 2월,9544,35158950,1052383
안덕면,2021년 03월,2021년 3월,10760,39511350,1182662
안덕면,2021년 04월,2021년 4월,11464,40209250,1203460
안덕면,2021년 05월,2021년 5월,13399,44037200,1317870
안덕면,2021년 06월,2021년 6월,13805,46467450,1385481
애월읍,2018년 01월,2018년 1월,3702,7744200,231453
애월읍,2018년 02월,2018년 2월,3182,6799950,203217
애월읍,2018년 03월,2018년 3월,3789,8239050,246239
애월읍,2018년 04월,2018년 4월,3733,7756850,231792
애월읍,2018년 05월,2018년 5월,4084,7819200,233577
애월읍,2018년 06월,2018년 6월,4276,8349500,249441
애월읍,2018년 07월,2018년 7월,5031,9775900,292052
애월읍,2018년 08월,2018년 8월,4454,7980150,238340
애월읍,2018년 09월,2018년 9월,3689,6243150,186405
애월읍,2018년 10월,2018년 10월,3537,5927500,176971
애월읍,2018년 11월,2018년 11월,3388,6189400,184870
애월읍,2018년 12월,2018년 12월,3289,6749250,201654
애월읍,2019년 01월,2019년 1월,3129,6324700,188969
애월읍,2019년 02월,2019년 2월,2811,5733100,171296
애월읍,2019년 03월,2019년 3월,3015,6057700,180998
애월읍,2019년 04월,2019년 4월,2997,5753700,171879
애월읍,2019년 05월,2019년 5월,4231,7364450,163291
애월읍,2019년 06월,2019년 6월,4795,8786950,262429
애월읍,2019년 07월,2019년 7월,5287,9908000,295935
애월읍,2019년 08월,2019년 8월,5390,9669800,288777
애월읍,2019년 09월,2019년 9월,4749,8122000,242512
애월읍,2019년 10월,2019년 10월,4479,7338950,219056
애월읍,2019년 11월,2019년 11월,6869,15380950,459809
애월읍,2019년 12월,2019년 12월,13387,40070100,1198886
애월읍,2020년 01월,2020년 1월,18289,58435300,1748666
애월읍,2020년 02월,2020년 2월,19199,58395800,1747240
애월읍,2020년 03월,2020년 3월,23171,66494950,1989196
애월읍,2020년 04월,2020년 4월,23199,66115500,1977823
애월읍,2020년 05월,2020년 5월,29041,80917650,2420785
애월읍,2020년 06월,2020년 6월,30249,78356550,2343428
애월읍,2020년 07월,2020년 7월,40444,104291450,3118966
애월읍,2020년 08월,2020년 8월,43067,112411340,3361977
애월읍,2020년 09월,2020년 9월,37419,84883500,2537820
애월읍,2020년 10월,2020년 10월,36791,87842750,2626511
애월읍,2020년 11월,2020년 11월,34200,89782750,2685376
애월읍,2020년 12월,2020년 12월,33615,88980300,2661340
애월읍,2021년 01월,2021년 1월,32503,84554750,2529006
애월읍,2021년 02월,2021년 2월,30567,81911700,2450078
애월읍,2021년 03월,2021년 3월,33859,90262150,2699833
애월읍,2021년 04월,2021년 4월,35383,91456441,2735409
애월읍,2021년 05월,2021년 5월,41080,103211100,3086534
애월읍,2021년 06월,2021년 6월,42490,103756400,3102615
연동,2018년 01월,2018년 1월,87893,206889500,6167585
연동,2018년 02월,2018년 2월,80743,191655500,5725187
연동,2018년 03월,2018년 3월,90628,209706300,6263385
연동,2018년 04월,2018년 4월,90536,196002700,5852557
연동,2018년 05월,2018년 5월,99607,201843450,6026218
연동,2018년 06월,2018년 6월,106320,210002200,6271434
연동,2018년 07월,2018년 7월,127759,253462200,7569058
연동,2018년 08월,2018년 8월,121127,236127850,7051253
연동,2018년 09월,2018년 9월,112172,206187100,6155745
연동,2018년 10월,2018년 10월,103328,194120950,5795548
연동,2018년 11월,2018년 11월,96205,196586350,5871094
연동,2018년 12월,2018년 12월,92782,211932650,6332751
연동,2019년 01월,2019년 1월,90183,203753650,6087433
연동,2019년 02월,2019년 2월,83752,191881450,5733305
연동,2019년 03월,2019년 3월,86765,192251450,5744477
연동,2019년 04월,2019년 4월,87345,184190350,5502015
연동,2019년 05월,2019년 5월,99507,197044200,5708857
연동,2019년 06월,2019년 6월,104813,204564100,6108931
연동,2019년 07월,2019년 7월,117094,230929350,6897382
연동,2019년 08월,2019년 8월,118698,228375261,6818997
연동,2019년 09월,2019년 9월,108349,202175700,6036109
연동,2019년 10월,2019년 10월,102100,182421200,5445097
연동,2019년 11월,2019년 11월,94404,183488850,5479842
연동,2019년 12월,2019년 12월,91744,199559550,5961710
연동,2020년 01월,2020년 1월,77081,173357100,5179415
연동,2020년 02월,2020년 2월,86995,184990350,5525399
연동,2020년 03월,2020년 3월,96062,193495350,5778052
연동,2020년 04월,2020년 4월,89161,173115250,5169094
연동,2020년 05월,2020년 5월,102397,193430500,5774664
연동,2020년 06월,2020년 6월,93671,174126550,5198046
연동,2020년 07월,2020년 7월,118315,217649050,6497094
연동,2020년 08월,2020년 8월,123257,227439000,6788264
연동,2020년 09월,2020년 9월,109284,187614200,5598069
연동,2020년 10월,2020년 10월,103635,181125650,5404373
연동,2020년 11월,2020년 11월,93837,180737600,5395328
연동,2020년 12월,2020년 12월,96956,195632400,5841486
연동,2021년 01월,2021년 1월,92675,186455350,5567724
연동,2021년 02월,2021년 2월,85077,175310650,5235507
연동,2021년 03월,2021년 3월,90560,183660400,5484355
연동,2021년 04월,2021년 4월,87258,167509250,5001183
연동,2021년 05월,2021년 5월,98129,181776100,5426576
연동,2021년 06월,2021년 6월,105468,189432610,5678533
영천동,2018년 01월,2018년 1월,5859,26620950,793393
영천동,2018년 02월,2018년 2월,5595,24788850,739562
영천동,2018년 03월,2018년 3월,6742,29111700,857329
영천동,2018년 04월,2018년 4월,6168,26815250,790207
영천동,2018년 05월,2018년 5월,6037,24046000,708360
영천동,2018년 06월,2018년 6월,6566,25458350,755476
영천동,2018년 07월,2018년 7월,7771,30305000,898503
영천동,2018년 08월,2018년 8월,7495,27934350,825782
영천동,2018년 09월,2018년 9월,6917,25920300,767534
영천동,2018년 10월,2018년 10월,6659,24895700,735610
영천동,2018년 11월,2018년 11월,6393,24418450,721739
영천동,2018년 12월,2018년 12월,6046,25220700,754521
영천동,2019년 01월,2019년 1월,4185,17198200,514894
영천동,2019년 02월,2019년 2월,6211,26749050,800923
영천동,2019년 03월,2019년 3월,6512,27313750,817749
영천동,2019년 04월,2019년 4월,5291,22056850,660382
영천동,2019년 05월,2019년 5월,7775,32714050,979514
영천동,2019년 06월,2019년 6월,7482,33003050,988202
영천동,2019년 07월,2019년 7월,6745,31923300,955965
영천동,2019년 08월,2019년 8월,5479,26368400,789671
영천동,2019년 09월,2019년 9월,3784,16944600,507387
영천동,2019년 10월,2019년 10월,3702,16214500,485536
영천동,2019년 11월,2019년 11월,3583,17172150,514277
영천동,2019년 12월,2019년 12월,3357,17544750,525532
영천동,2020년 01월,2020년 1월,3344,17786350,532747
영천동,2020년 02월,2020년 2월,3071,14006350,419440
영천동,2020년 03월,2020년 3월,3509,14617800,437644
영천동,2020년 04월,2020년 4월,3340,13762750,412072
영천동,2020년 05월,2020년 5월,3892,16905200,506191
영천동,2020년 06월,2020년 6월,4041,17383200,520481
영천동,2020년 07월,2020년 7월,6425,25272450,756605
영천동,2020년 08월,2020년 8월,13444,50754500,1519341
영천동,2020년 09월,2020년 9월,12345,42076100,1259227
영천동,2020년 10월,2020년 10월,10639,38365800,1148332
영천동,2020년 11월,2020년 11월,10483,40903000,1224491
영천동,2020년 12월,2020년 12월,11034,45443100,1360586
영천동,2021년 01월,2021년 1월,10412,43607950,1305692
영천동,2021년 02월,2021년 2월,9637,40278950,1206036
영천동,2021년 03월,2021년 3월,10530,44995500,1347270
영천동,2021년 04월,2021년 4월,9487,41495250,1242548
영천동,2021년 05월,2021년 5월,8559,32951350,986459
영천동,2021년 06월,2021년 6월,9652,35074700,1049860
예래동,2018년 01월,2018년 1월,2951,12408800,349560
예래동,2018년 02월,2018년 2월,2732,11120850,315450
예래동,2018년 03월,2018년 3월,3176,13505550,381015
예래동,2018년 04월,2018년 4월,3362,13901900,392205
예래동,2018년 05월,2018년 5월,3679,14295350,406894
예래동,2018년 06월,2018년 6월,3873,14140000,401488
예래동,2018년 07월,2018년 7월,4460,16477050,474460
예래동,2018년 08월,2018년 8월,4733,16294850,471553
예래동,2018년 09월,2018년 9월,4033,12324850,353914
예래동,2018년 10월,2018년 10월,3876,11873900,336232
예래동,2018년 11월,2018년 11월,3592,12548750,355684
예래동,2018년 12월,2018년 12월,3580,13406250,383591
예래동,2019년 01월,2019년 1월,3609,13382150,380619
예래동,2019년 02월,2019년 2월,3271,12034200,343467
예래동,2019년 03월,2019년 3월,2853,10722200,304677
예래동,2019년 04월,2019년 4월,2725,9982300,289245
예래동,2019년 05월,2019년 5월,3166,11338149,331056
예래동,2019년 06월,2019년 6월,5659,18830347,563557
예래동,2019년 07월,2019년 7월,5660,19188095,574269
예래동,2019년 08월,2019년 8월,5903,20235490,605590
예래동,2019년 09월,2019년 9월,5123,16327346,488551
예래동,2019년 10월,2019년 10월,4794,15295791,457710
예래동,2019년 11월,2019년 11월,4293,14201095,424996
예래동,2019년 12월,2019년 12월,3980,15437297,462149
예래동,2020년 01월,2020년 1월,4167,17346942,519386
예래동,2020년 02월,2020년 2월,3699,13627046,407904
예래동,2020년 03월,2020년 3월,4111,14309895,428298
예래동,2020년 04월,2020년 4월,4097,13601944,407023
예래동,2020년 05월,2020년 5월,5065,16806245,502957
예래동,2020년 06월,2020년 6월,5206,18336343,548782
예래동,2020년 07월,2020년 7월,5863,20849041,624029
예래동,2020년 08월,2020년 8월,5901,20497450,613476
예래동,2020년 09월,2020년 9월,4478,12611500,377225
예래동,2020년 10월,2020년 10월,4241,11937750,357097
예래동,2020년 11월,2020년 11월,3968,12130850,362934
예래동,2020년 12월,2020년 12월,4537,14459450,432683
예래동,2021년 01월,2021년 1월,4525,14789450,442544
예래동,2021년 02월,2021년 2월,4563,15566250,465853
예래동,2021년 03월,2021년 3월,4920,17300600,517786
예래동,2021년 04월,2021년 4월,5256,17646850,528119
예래동,2021년 05월,2021년 5월,6346,19494750,583282
예래동,2021년 06월,2021년 6월,6328,18753350,561054
오라동,2018년 01월,2018년 1월,21959,54526600,1630298
오라동,2018년 02월,2018년 2월,20462,51631850,1543747
오라동,2018년 03월,2018년 3월,22804,55909700,1671627
오라동,2018년 04월,2018년 4월,22516,52750250,1576940
오라동,2018년 05월,2018년 5월,25575,55474400,1657808
오라동,2018년 06월,2018년 6월,28124,60373450,1804156
오라동,2018년 07월,2018년 7월,34220,73072800,2183643
오라동,2018년 08월,2018년 8월,32538,68955750,2060554
오라동,2018년 09월,2018년 9월,29839,57673000,1710925
오라동,2018년 10월,2018년 10월,27793,55131400,1626529
오라동,2018년 11월,2018년 11월,25873,55900850,1654089
오라동,2018년 12월,2018년 12월,25950,61793000,1841881
오라동,2019년 01월,2019년 1월,25403,60950700,1796627
오라동,2019년 02월,2019년 2월,24220,58486400,1724327
오라동,2019년 03월,2019년 3월,25569,59515150,1755760
오라동,2019년 04월,2019년 4월,25365,55311750,1633054
오라동,2019년 05월,2019년 5월,28760,59584800,1755197
오라동,2019년 06월,2019년 6월,30830,62850300,1854638
오라동,2019년 07월,2019년 7월,35209,73058550,2157827
오라동,2019년 08월,2019년 8월,35696,70181500,2071006
오라동,2019년 09월,2019년 9월,35307,66121150,1948733
오라동,2019년 10월,2019년 10월,31604,56696450,1674216
오라동,2019년 11월,2019년 11월,27070,55212450,1641064
오라동,2019년 12월,2019년 12월,26760,59647100,1782693
오라동,2020년 01월,2020년 1월,26824,62218300,1859830
오라동,2020년 02월,2020년 2월,25411,57683650,1724132
오라동,2020년 03월,2020년 3월,27508,59354850,1773744
오라동,2020년 04월,2020년 4월,25770,53100000,1586646
오라동,2020년 05월,2020년 5월,29580,59632400,1781578
오라동,2020년 06월,2020년 6월,29489,58819899,1757194
오라동,2020년 07월,2020년 7월,35077,67532450,2017313
오라동,2020년 08월,2020년 8월,36243,70038100,2092120
오라동,2020년 09월,2020년 9월,30978,56426750,1685204
오라동,2020년 10월,2020년 10월,30489,56171250,1677534
오라동,2020년 11월,2020년 11월,27827,55021000,1643751
오라동,2020년 12월,2020년 12월,29036,62629100,1871624
오라동,2021년 01월,2021년 1월,27858,60085650,1795679
오라동,2021년 02월,2021년 2월,22967,50073100,1496493
오라동,2021년 03월,2021년 3월,25401,53931150,1611630
오라동,2021년 04월,2021년 4월,25765,51424200,1536252
오라동,2021년 05월,2021년 5월,29350,57321800,1712295
오라동,2021년 06월,2021년 6월,30482,58187300,1738107
외도동,2018년 01월,2018년 1월,40581,95864700,2864007
외도동,2018년 02월,2018년 2월,37306,88582050,2648170
외도동,2018년 03월,2018년 3월,42208,97356250,2910160
외도동,2018년 04월,2018년 4월,41487,88844750,2655016
외도동,2018년 05월,2018년 5월,46513,94064300,2810329
외도동,2018년 06월,2018년 6월,50174,100357550,2998174
외도동,2018년 07월,2018년 7월,61048,124292900,3713470
외도동,2018년 08월,2018년 8월,57730,115475450,3449943
외도동,2018년 09월,2018년 9월,53099,97489600,2911436
외도동,2018년 10월,2018년 10월,49457,93525200,2918915
외도동,2018년 11월,2018년 11월,45494,94443250,2822052
외도동,2018년 12월,2018년 12월,45089,101745450,3041154
외도동,2019년 01월,2019년 1월,43374,97317450,2908693
외도동,2019년 02월,2019년 2월,40796,93201100,2785911
외도동,2019년 03월,2019년 3월,42783,93075950,2781648
외도동,2019년 04월,2019년 4월,42723,87075650,2601705
외도동,2019년 05월,2019년 5월,47726,92812950,2767585
외도동,2019년 06월,2019년 6월,50593,97149950,2901907
외도동,2019년 07월,2019년 7월,56477,112283300,3354354
외도동,2019년 08월,2019년 8월,57207,107713250,3217145
외도동,2019년 09월,2019년 9월,52843,96168350,2871861
외도동,2019년 10월,2019년 10월,49311,85114050,2541051
외도동,2019년 11월,2019년 11월,45676,86091200,2571381
외도동,2019년 12월,2019년 12월,44655,92350950,2759384
외도동,2020년 01월,2020년 1월,41858,92336746,2759670
외도동,2020년 02월,2020년 2월,43481,94108700,2812395
외도동,2020년 03월,2020년 3월,48054,98399600,2940074
외도동,2020년 04월,2020년 4월,45059,89160650,2663518
외도동,2020년 05월,2020년 5월,50993,98045200,2928697
외도동,2020년 06월,2020년 6월,46765,88248849,2635421
외도동,2020년 07월,2020년 7월,59199,111732950,3337129
외도동,2020년 08월,2020년 8월,58718,110243800,3292663
외도동,2020년 09월,2020년 9월,51461,88884250,2653673
외도동,2020년 10월,2020년 10월,49949,89881050,2684024
외도동,2020년 11월,2020년 11월,45238,88486000,2643334
외도동,2020년 12월,2020년 12월,46892,98028250,2929223
외도동,2021년 01월,2021년 1월,45127,96402550,2880875
외도동,2021년 02월,2021년 2월,39492,84339150,2520317
외도동,2021년 03월,2021년 3월,43893,90926700,2716943
외도동,2021년 04월,2021년 4월,45171,89457350,2672512
외도동,2021년 05월,2021년 5월,50516,97421950,2910028
외도동,2021년 06월,2021년 6월,53226,100096900,2989654
용담1동,2018년 01월,2018년 1월,14853,40712250,1217614
용담1동,2018년 02월,2018년 2월,14064,37374350,1117720
용담1동,2018년 03월,2018년 3월,16047,42821400,1280647
용담1동,2018년 04월,2018년 4월,15785,39343900,1176382
용담1동,2018년 05월,2018년 5월,17283,39819000,1190275
용담1동,2018년 06월,2018년 6월,18322,40188250,1201074
용담1동,2018년 07월,2018년 7월,22707,48926550,1462138
용담1동,2018년 08월,2018년 8월,21494,46123400,1378297
용담1동,2018년 09월,2018년 9월,20276,41854350,1250546
용담1동,2018년 10월,2018년 10월,18475,38562750,1152202
용담1동,2018년 11월,2018년 11월,16845,38430500,1148685
용담1동,2018년 12월,2018년 12월,16158,41677600,1246344
용담1동,2019년 01월,2019년 1월,15773,39537950,1182193
용담1동,2019년 02월,2019년 2월,15265,38227350,1143049
용담1동,2019년 03월,2019년 3월,15436,37816350,1130617
용담1동,2019년 04월,2019년 4월,15302,35929200,1074104
용담1동,2019년 05월,2019년 5월,16825,35526250,1061559
용담1동,2019년 06월,2019년 6월,18183,37244900,1112836
용담1동,2019년 07월,2019년 7월,20411,41799350,1248838
용담1동,2019년 08월,2019년 8월,21097,42579500,1272182
용담1동,2019년 09월,2019년 9월,19488,38817250,1159663
용담1동,2019년 10월,2019년 10월,17876,35074400,1047782
용담1동,2019년 11월,2019년 11월,16803,35593650,1063698
용담1동,2019년 12월,2019년 12월,16518,38401950,1147933
용담1동,2020년 01월,2020년 1월,16978,39746300,1188153
용담1동,2020년 02월,2020년 2월,15367,35311750,1055498
용담1동,2020년 03월,2020년 3월,16189,35536300,1062031
용담1동,2020년 04월,2020년 4월,15099,31146900,930685
용담1동,2020년 05월,2020년 5월,17593,34807400,1039841
용담1동,2020년 06월,2020년 6월,16649,33887649,1012434
용담1동,2020년 07월,2020년 7월,19977,36729700,1096982
용담1동,2020년 08월,2020년 8월,19329,36390400,1086927
용담1동,2020년 09월,2020년 9월,16901,31369450,936900
용담1동,2020년 10월,2020년 10월,16743,30243500,903153
용담1동,2020년 11월,2020년 11월,14329,28326650,846301
용담1동,2020년 12월,2020년 12월,14631,30491200,911115
용담1동,2021년 01월,2021년 1월,13667,28496450,851445
용담1동,2021년 02월,2021년 2월,10887,22772750,680449
용담1동,2021년 03월,2021년 3월,12237,25848900,772446
용담1동,2021년 04월,2021년 4월,13947,28097300,839485
용담1동,2021년 05월,2021년 5월,16992,33500950,1000843
용담1동,2021년 06월,2021년 6월,18047,33693350,1006285
용담2동,2018년 01월,2018년 1월,28816,68654450,2052466
용담2동,2018년 02월,2018년 2월,27464,65950150,1971602
용담2동,2018년 03월,2018년 3월,30143,69454350,2076112
용담2동,2018년 04월,2018년 4월,29754,64687850,1933227
용담2동,2018년 05월,2018년 5월,33144,66675300,1991981
용담2동,2018년 06월,2018년 6월,36591,71688750,2141484
용담2동,2018년 07월,2018년 7월,45368,89787950,2682284
용담2동,2018년 08월,2018년 8월,42578,83612550,2497745
용담2동,2018년 09월,2018년 9월,39711,72694000,2171010
용담2동,2018년 10월,2018년 10월,35463,65808900,1965438
용담2동,2018년 11월,2018년 11월,32192,64771150,1935074
용담2동,2018년 12월,2018년 12월,31274,70913350,2119670
용담2동,2019년 01월,2019년 1월,30372,68830800,2057320
용담2동,2019년 02월,2019년 2월,29522,66050350,1974199
용담2동,2019년 03월,2019년 3월,29796,65200500,1948563
용담2동,2019년 04월,2019년 4월,29760,63115600,1885997
용담2동,2019년 05월,2019년 5월,34096,67551750,2018016
용담2동,2019년 06월,2019년 6월,36485,69787550,2084589
용담2동,2019년 07월,2019년 7월,41712,80724950,2411361
용담2동,2019년 08월,2019년 8월,41736,78100000,2332584
용담2동,2019년 09월,2019년 9월,37849,69717350,2082069
용담2동,2019년 10월,2019년 10월,34583,63211900,1887755
용담2동,2019년 11월,2019년 11월,31786,63714550,1903462
용담2동,2019년 12월,2019년 12월,29930,65067300,1944552
용담2동,2020년 01월,2020년 1월,30237,67781500,2025895
용담2동,2020년 02월,2020년 2월,28910,61018600,1823355
용담2동,2020년 03월,2020년 3월,31151,61010900,1822597
용담2동,2020년 04월,2020년 4월,29818,57175200,1707810
용담2동,2020년 05월,2020년 5월,34583,62409650,1863725
용담2동,2020년 06월,2020년 6월,32160,58453350,1745581
용담2동,2020년 07월,2020년 7월,40900,71460000,2133653
용담2동,2020년 08월,2020년 8월,40998,73913800,2207171
용담2동,2020년 09월,2020년 9월,36391,59800000,1784914
용담2동,2020년 10월,2020년 10월,36094,62033400,1852058
용담2동,2020년 11월,2020년 11월,31301,57733300,1724203
용담2동,2020년 12월,2020년 12월,30475,61444900,1835745
용담2동,2021년 01월,2021년 1월,28266,57256400,1710706
용담2동,2021년 02월,2021년 2월,24419,49429650,1476815
용담2동,2021년 03월,2021년 3월,28065,56587400,1690568
용담2동,2021년 04월,2021년 4월,28990,58446350,1746214
용담2동,2021년 05월,2021년 5월,33544,61815700,1846122
용담2동,2021년 06월,2021년 6월,35913,62862000,1876935
이도1동,2018년 01월,2018년 1월,17909,51373100,1536695
이도1동,2018년 02월,2018년 2월,16827,47339200,1416005
이도1동,2018년 03월,2018년 3월,19116,51699300,1546221
이도1동,2018년 04월,2018년 4월,18674,46583350,1392806
이도1동,2018년 05월,2018년 5월,20157,47787850,1428647
이도1동,2018년 06월,2018년 6월,22372,52173500,1559628
이도1동,2018년 07월,2018년 7월,26933,60661400,1813043
이도1동,2018년 08월,2018년 8월,25327,55988250,1673335
이도1동,2018년 09월,2018년 9월,23241,49206600,1470415
이도1동,2018년 10월,2018년 10월,21915,47510650,1419794
이도1동,2018년 11월,2018년 11월,20428,49084700,1467467
이도1동,2018년 12월,2018년 12월,19221,49224550,1471911
이도1동,2019년 01월,2019년 1월,19188,49807950,1489412
이도1동,2019년 02월,2019년 2월,17586,43017550,1286104
이도1동,2019년 03월,2019년 3월,18373,45641600,1364694
이도1동,2019년 04월,2019년 4월,18272,42816050,1279930
이도1동,2019년 05월,2019년 5월,20653,46101700,1377950
이도1동,2019년 06월,2019년 6월,22154,47468200,1418543
이도1동,2019년 07월,2019년 7월,25037,53054350,1585331
이도1동,2019년 08월,2019년 8월,24913,51229450,1530698
이도1동,2019년 09월,2019년 9월,23084,47155800,1408877
이도1동,2019년 10월,2019년 10월,21091,44486050,1329397
이도1동,2019년 11월,2019년 11월,20385,47579550,1422304
이도1동,2019년 12월,2019년 12월,19349,49508100,1480430
이도1동,2020년 01월,2020년 1월,19049,51342000,1535470
이도1동,2020년 02월,2020년 2월,17733,45066950,1347590
이도1동,2020년 03월,2020년 3월,20235,48128850,1438830
이도1동,2020년 04월,2020년 4월,18783,43521000,1300983
이도1동,2020년 05월,2020년 5월,21339,48859650,1460524
이도1동,2020년 06월,2020년 6월,20107,43676550,1305313
이도1동,2020년 07월,2020년 7월,23732,49991500,1493793
이도1동,2020년 08월,2020년 8월,24147,47093800,1406820
이도1동,2020년 09월,2020년 9월,21562,38896900,1161484
이도1동,2020년 10월,2020년 10월,21457,37657550,1124427
이도1동,2020년 11월,2020년 11월,19374,36796500,1099100
이도1동,2020년 12월,2020년 12월,18623,37794550,1129214
이도1동,2021년 01월,2021년 1월,16910,33481750,1000292
이도1동,2021년 02월,2021년 2월,13680,28316950,846101
이도1동,2021년 03월,2021년 3월,17110,37497450,1120658
이도1동,2021년 04월,2021년 4월,18201,39182450,1170955
이도1동,2021년 05월,2021년 5월,20656,42806500,1279079
이도1동,2021년 06월,2021년 6월,13892,28492400,851337
이도2동,2018년 01월,2018년 1월,99670,246651600,7371540
이도2동,2018년 02월,2018년 2월,92603,230440750,6886558
이도2동,2018년 03월,2018년 3월,103323,249276500,7448453
이도2동,2018년 04월,2018년 4월,102728,227249550,6788163
이도2동,2018년 05월,2018년 5월,113606,234533700,7004233
이도2동,2018년 06월,2018년 6월,122949,250202150,7471180
이도2동,2018년 07월,2018년 7월,150903,306877400,9163602
이도2동,2018년 08월,2018년 8월,143767,285745750,8532047
이도2동,2018년 09월,2018년 9월,132393,249370800,7444153
이도2동,2018년 10월,2018년 10월,118401,225779650,6844792
이도2동,2018년 11월,2018년 11월,109093,228491250,6824240
이도2동,2018년 12월,2018년 12월,107167,251434850,7512001
이도2동,2019년 01월,2019년 1월,104329,244881100,7316055
이도2동,2019년 02월,2019년 2월,97306,231621700,6920097
이도2동,2019년 03월,2019년 3월,100060,227260600,6789207
이도2동,2019년 04월,2019년 4월,98775,211813200,6326026
이도2동,2019년 05월,2019년 5월,111376,224717200,6710670
이도2동,2019년 06월,2019년 6월,120091,234713850,7007927
이도2동,2019년 07월,2019년 7월,136950,273172800,8156392
이도2동,2019년 08월,2019년 8월,134060,259693200,7752570
이도2동,2019년 09월,2019년 9월,123165,229571300,6852361
이도2동,2019년 10월,2019년 10월,113367,202196250,6034006
이도2동,2019년 11월,2019년 11월,105018,206554050,6166818
이도2동,2019년 12월,2019년 12월,101481,222595500,6648882
이도2동,2020년 01월,2020년 1월,99481,229944100,6869890
이도2동,2020년 02월,2020년 2월,98520,221645750,6620851
이도2동,2020년 03월,2020년 3월,108624,231274250,6906917
이도2동,2020년 04월,2020년 4월,101094,204602850,6109457
이도2동,2020년 05월,2020년 5월,117204,228796850,6830373
이도2동,2020년 06월,2020년 6월,111012,222943362,7512848
이도2동,2020년 07월,2020년 7월,134969,255052550,7613360
이도2동,2020년 08월,2020년 8월,136787,256440620,7653524
이도2동,2020년 09월,2020년 9월,117482,206499100,6161735
이도2동,2020년 10월,2020년 10월,115415,207863950,6203907
이도2동,2020년 11월,2020년 11월,102816,199985150,5969896
이도2동,2020년 12월,2020년 12월,106044,220681900,6589301
이도2동,2021년 01월,2021년 1월,101519,214562700,6407461
이도2동,2021년 02월,2021년 2월,83034,178656200,5334543
이도2동,2021년 03월,2021년 3월,95874,198242608,5919242
이도2동,2021년 04월,2021년 4월,97899,192527200,5747928
이도2동,2021년 05월,2021년 5월,112714,215882550,6444414
이도2동,2021년 06월,2021년 6월,127973,225423200,6688412
이호동,2018년 01월,2018년 1월,6890,17513450,523688
이호동,2018년 02월,2018년 2월,6487,16209850,484669
이호동,2018년 03월,2018년 3월,7202,18059150,539967
이호동,2018년 04월,2018년 4월,7355,17653400,527748
이호동,2018년 05월,2018년 5월,8384,18423750,550612
이호동,2018년 06월,2018년 6월,9378,20108550,600861
이호동,2018년 07월,2018년 7월,11524,24586600,734701
이호동,2018년 08월,2018년 8월,10874,23119700,690891
이호동,2018년 09월,2018년 9월,9990,19464750,581445
이호동,2018년 10월,2018년 10월,9009,18088600,559586
이호동,2018년 11월,2018년 11월,8273,18173250,543171
이호동,2018년 12월,2018년 12월,7857,19062100,569889
이호동,2019년 01월,2019년 1월,7845,19278750,576441
이호동,2019년 02월,2019년 2월,7603,18806000,562297
이호동,2019년 03월,2019년 3월,7900,18573500,555274
이호동,2019년 04월,2019년 4월,8221,18478550,552285
이호동,2019년 05월,2019년 5월,9280,20127650,601533
이호동,2019년 06월,2019년 6월,10131,21368200,638538
이호동,2019년 07월,2019년 7월,11623,25321400,756730
이호동,2019년 08월,2019년 8월,11645,24983650,746617
이호동,2019년 09월,2019년 9월,10648,22081450,659759
이호동,2019년 10월,2019년 10월,9695,19865800,593574
이호동,2019년 11월,2019년 11월,8809,20064600,599737
이호동,2019년 12월,2019년 12월,8373,20094800,600749
이호동,2020년 01월,2020년 1월,8681,23302900,696904
이호동,2020년 02월,2020년 2월,8372,21174500,633123
이호동,2020년 03월,2020년 3월,9196,21279150,636080
이호동,2020년 04월,2020년 4월,8327,18466400,551919
이호동,2020년 05월,2020년 5월,9975,21388150,639153
이호동,2020년 06월,2020년 6월,8996,18843700,563072
이호동,2020년 07월,2020년 7월,11940,24443100,730371
이호동,2020년 08월,2020년 8월,12158,26576100,794257
이호동,2020년 09월,2020년 9월,10064,19857650,593234
이호동,2020년 10월,2020년 10월,10220,21155300,632124
이호동,2020년 11월,2020년 11월,9071,20030450,598624
이호동,2020년 12월,2020년 12월,9161,20953200,626288
이호동,2021년 01월,2021년 1월,8663,19924750,595613
이호동,2021년 02월,2021년 2월,6817,16235200,485381
이호동,2021년 03월,2021년 3월,7967,18808700,562302
이호동,2021년 04월,2021년 4월,8655,19633000,586840
이호동,2021년 05월,2021년 5월,9544,20363000,608488
이호동,2021년 06월,2021년 6월,10497,21586550,645034
일도1동,2018년 01월,2018년 1월,5813,21302450,637606
일도1동,2018년 02월,2018년 2월,5367,18945550,567001
일도1동,2018년 03월,2018년 3월,6370,21493900,643231
일도1동,2018년 04월,2018년 4월,6222,19784300,591963
일도1동,2018년 05월,2018년 5월,6722,19538650,584494
일도1동,2018년 06월,2018년 6월,7071,19577700,585555
일도1동,2018년 07월,2018년 7월,8061,20983850,627514
일도1동,2018년 08월,2018년 8월,7687,20246750,605490
일도1동,2018년 09월,2018년 9월,7476,20998100,628102
일도1동,2018년 10월,2018년 10월,6957,20229300,632563
일도1동,2018년 11월,2018년 11월,6562,20483900,612885
일도1동,2018년 12월,2018년 12월,6294,21310550,637754
일도1동,2019년 01월,2019년 1월,6072,21091100,631205
일도1동,2019년 02월,2019년 2월,5639,19539750,584788
일도1동,2019년 03월,2019년 3월,6006,20226750,605293
일도1동,2019년 04월,2019년 4월,6067,20257050,606201
일도1동,2019년 05월,2019년 5월,6725,20543450,614620
일도1동,2019년 06월,2019년 6월,6946,20742350,620555
일도1동,2019년 07월,2019년 7월,7801,21474250,642259
일도1동,2019년 08월,2019년 8월,7466,20834500,623113
일도1동,2019년 09월,2019년 9월,6892,18767250,561271
일도1동,2019년 10월,2019년 10월,6787,19784150,591813
일도1동,2019년 11월,2019년 11월,6550,19832500,593334
일도1동,2019년 12월,2019년 12월,6293,20720650,620027
일도1동,2020년 01월,2020년 1월,6356,22040850,659634
일도1동,2020년 02월,2020년 2월,5638,16871700,504740
일도1동,2020년 03월,2020년 3월,5899,17045250,509873
일도1동,2020년 04월,2020년 4월,5680,16343050,488898
일도1동,2020년 05월,2020년 5월,6393,18849200,563905
일도1동,2020년 06월,2020년 6월,6109,18194950,544319
일도1동,2020년 07월,2020년 7월,6972,19485950,582836
일도1동,2020년 08월,2020년 8월,6910,17930600,536197
일도1동,2020년 09월,2020년 9월,6510,17142050,512673
일도1동,2020년 10월,2020년 10월,6689,17780350,531752
일도1동,2020년 11월,2020년 11월,6021,18145450,542831
일도1동,2020년 12월,2020년 12월,5743,16798950,502537
일도1동,2021년 01월,2021년 1월,5256,15883200,475165
일도1동,2021년 02월,2021년 2월,3763,11973600,358260
일도1동,2021년 03월,2021년 3월,5418,18107050,541869
일도1동,2021년 04월,2021년 4월,5789,18833000,563538
일도1동,2021년 05월,2021년 5월,6279,18297050,547356
일도1동,2021년 06월,2021년 6월,2707,7451200,222864
일도2동,2018년 01월,2018년 1월,67736,170627900,5102131
일도2동,2018년 02월,2018년 2월,64735,162109500,4847074
일도2동,2018년 03월,2018년 3월,72326,174844000,5218249
일도2동,2018년 04월,2018년 4월,71477,157261450,4691227
일도2동,2018년 05월,2018년 5월,78273,159126900,4744067
일도2동,2018년 06월,2018년 6월,86147,173428400,5172734
일도2동,2018년 07월,2018년 7월,105732,214415150,6393188
일도2동,2018년 08월,2018년 8월,100784,200952900,5993385
일도2동,2018년 09월,2018년 9월,92223,172179500,5133574
일도2동,2018년 10월,2018년 10월,83124,156822250,4831648
일도2동,2018년 11월,2018년 11월,76286,158478500,4727153
일도2동,2018년 12월,2018년 12월,74600,175021800,5223780
일도2동,2019년 01월,2019년 1월,71783,167320100,4994111
일도2동,2019년 02월,2019년 2월,69010,164367100,4905669
일도2동,2019년 03월,2019년 3월,69530,158011550,4713792
일도2동,2019년 04월,2019년 4월,69104,146303100,4365368
일도2동,2019년 05월,2019년 5월,78561,156256950,4668204
일도2동,2019년 06월,2019년 6월,84680,161594150,4826798
일도2동,2019년 07월,2019년 7월,95426,186412550,5568619
일도2동,2019년 08월,2019년 8월,94476,175443050,5239807
일도2동,2019년 09월,2019년 9월,88184,159734600,4770119
일도2동,2019년 10월,2019년 10월,80858,138858500,4145518
일도2동,2019년 11월,2019년 11월,76358,145292200,4339782
일도2동,2019년 12월,2019년 12월,73379,158402800,4733854
일도2동,2020년 01월,2020년 1월,75178,168618250,5039814
일도2동,2020년 02월,2020년 2월,70367,153378350,4583854
일도2동,2020년 03월,2020년 3월,76929,159747800,4773211
일도2동,2020년 04월,2020년 4월,71736,139834000,4177087
일도2동,2020년 05월,2020년 5월,82689,153382400,4580837
일도2동,2020년 06월,2020년 6월,77662,143034450,4271612
일도2동,2020년 07월,2020년 7월,97295,172874500,5161982
일도2동,2020년 08월,2020년 8월,97928,175090900,5228381
일도2동,2020년 09월,2020년 9월,86260,145286600,4337115
일도2동,2020년 10월,2020년 10월,84532,145502700,4344056
일도2동,2020년 11월,2020년 11월,75497,140298500,4190167
일도2동,2020년 12월,2020년 12월,75320,155449300,4644754
일도2동,2021년 01월,2021년 1월,69020,145053150,4334324
일도2동,2021년 02월,2021년 2월,56372,118399850,3537788
일도2동,2021년 03월,2021년 3월,65689,134650500,4023160
일도2동,2021년 04월,2021년 4월,69143,131462200,3926732
일도2동,2021년 05월,2021년 5월,79927,147183350,4395535
일도2동,2021년 06월,2021년 6월,84360,147438200,4402149
정방동,2018년 01월,2018년 1월,6692,26958250,807070
정방동,2018년 02월,2018년 2월,6008,24809550,742786
정방동,2018년 03월,2018년 3월,7938,30101650,901035
정방동,2018년 04월,2018년 4월,6785,25834000,773339
정방동,2018년 05월,2018년 5월,6979,26162450,783145
정방동,2018년 06월,2018년 6월,7339,26452950,791746
정방동,2018년 07월,2018년 7월,8115,27829500,832917
정방동,2018년 08월,2018년 8월,7117,24580550,735655
정방동,2018년 09월,2018년 9월,7593,25362200,758984
정방동,2018년 10월,2018년 10월,7665,25386200,759665
정방동,2018년 11월,2018년 11월,7367,25079050,750490
정방동,2018년 12월,2018년 12월,7479,28103850,841282
정방동,2019년 01월,2019년 1월,4886,18802750,562881
정방동,2019년 02월,2019년 2월,3450,12873000,385341
정방동,2019년 03월,2019년 3월,1988,7155900,214178
정방동,2019년 04월,2019년 4월,1970,6699850,200520
정방동,2019년 05월,2019년 5월,5802,19278900,576919
정방동,2019년 06월,2019년 6월,7263,25376350,759474
정방동,2019년 07월,2019년 7월,8598,30868450,923935
정방동,2019년 08월,2019년 8월,8613,29941650,896039
정방동,2019년 09월,2019년 9월,8079,26725050,799786
정방동,2019년 10월,2019년 10월,7776,26476800,792364
정방동,2019년 11월,2019년 11월,7162,25792200,771992
정방동,2019년 12월,2019년 12월,5959,24014250,718945
정방동,2020년 01월,2020년 1월,5893,24773550,741728
정방동,2020년 02월,2020년 2월,5570,21198250,634594
정방동,2020년 03월,2020년 3월,6123,21544300,644791
정방동,2020년 04월,2020년 4월,5846,19841800,593800
정방동,2020년 05월,2020년 5월,6134,20607000,616651
정방동,2020년 06월,2020년 6월,5293,17835950,533815
정방동,2020년 07월,2020년 7월,4078,13353050,399586
정방동,2020년 08월,2020년 8월,7844,25730750,769978
정방동,2020년 09월,2020년 9월,6722,20482100,612778
정방동,2020년 10월,2020년 10월,6135,20256550,606171
정방동,2020년 11월,2020년 11월,6005,22145800,662867
정방동,2020년 12월,2020년 12월,6890,24757700,735794
정방동,2021년 01월,2021년 1월,6087,21318250,633228
정방동,2021년 02월,2021년 2월,5692,20680400,613167
정방동,2021년 03월,2021년 3월,6349,23135350,685425
정방동,2021년 04월,2021년 4월,6401,21122400,625580
정방동,2021년 05월,2021년 5월,6612,22329500,660973
정방동,2021년 06월,2021년 6월,6864,21580950,645614
조천읍,2019년 11월,2019년 11월,1024,3136800,93841
조천읍,2019년 12월,2019년 12월,5650,19805800,592629
조천읍,2020년 01월,2020년 1월,10538,33574800,1003044
조천읍,2020년 02월,2020년 2월,11046,33456300,999864
조천읍,2020년 03월,2020년 3월,14303,41512450,1241600
조천읍,2020년 04월,2020년 4월,14120,38425250,1149271
조천읍,2020년 05월,2020년 5월,17139,47353700,1416464
조천읍,2020년 06월,2020년 6월,20172,51258650,1532897
조천읍,2020년 07월,2020년 7월,27477,69350400,2073947
조천읍,2020년 08월,2020년 8월,29281,77823096,2312179
조천읍,2020년 09월,2020년 9월,24718,55652450,1663711
조천읍,2020년 10월,2020년 10월,23921,54787850,1637863
조천읍,2020년 11월,2020년 11월,21115,51482850,1539307
조천읍,2020년 12월,2020년 12월,21164,52436150,1567977
조천읍,2021년 01월,2021년 1월,21511,53697250,1605674
조천읍,2021년 02월,2021년 2월,20543,52488300,1569766
조천읍,2021년 03월,2021년 3월,23945,59529200,1780134
조천읍,2021년 04월,2021년 4월,24691,58934750,1762148
조천읍,2021년 05월,2021년 5월,24836,58813300,1758559
조천읍,2021년 06월,2021년 6월,27732,63927750,1911187
중문동,2018년 01월,2018년 1월,17791,52591350,1509185
중문동,2018년 02월,2018년 2월,15809,47371550,1353358
중문동,2018년 03월,2018년 3월,17920,51756300,1474977
중문동,2018년 04월,2018년 4월,17538,47297550,1358122
중문동,2018년 05월,2018년 5월,19583,48752650,1396958
중문동,2018년 06월,2018년 6월,20601,50341800,1448469
중문동,2018년 07월,2018년 7월,24565,60829200,1744491
중문동,2018년 08월,2018년 8월,22807,56208150,1613352
중문동,2018년 09월,2018년 9월,20540,48113500,1379352
중문동,2018년 10월,2018년 10월,18641,42843400,1224311
중문동,2018년 11월,2018년 11월,16869,41720100,1195440
중문동,2018년 12월,2018년 12월,15818,42034050,1209837
중문동,2019년 01월,2019년 1월,16140,43175000,1245850
중문동,2019년 02월,2019년 2월,13280,36592800,1054462
중문동,2019년 03월,2019년 3월,10960,30153700,860238
중문동,2019년 04월,2019년 4월,10898,28945500,825193
중문동,2019년 05월,2019년 5월,16710,41810299,1204651
중문동,2019년 06월,2019년 6월,26735,72610590,2114013
중문동,2019년 07월,2019년 7월,28340,74250181,2168097
중문동,2019년 08월,2019년 8월,28978,77137792,2240299
중문동,2019년 09월,2019년 9월,26520,66762079,1956612
중문동,2019년 10월,2019년 10월,25393,63536085,1864706
중문동,2019년 11월,2019년 11월,23433,63947036,1880079
중문동,2019년 12월,2019년 12월,22029,65819186,1936920
중문동,2020년 01월,2020년 1월,22288,69866086,2063872
중문동,2020년 02월,2020년 2월,20652,61061781,1802421
중문동,2020년 03월,2020년 3월,23026,63941232,1885660
중문동,2020년 04월,2020년 4월,22017,59149528,1750149
중문동,2020년 05월,2020년 5월,25448,65612387,1942950
중문동,2020년 06월,2020년 6월,26003,63883576,1890148
중문동,2020년 07월,2020년 7월,26855,63118639,1869761
중문동,2020년 08월,2020년 8월,29034,69976499,2076587
중문동,2020년 09월,2020년 9월,25933,59276999,1759683
중문동,2020년 10월,2020년 10월,24234,58051000,1723223
중문동,2020년 11월,2020년 11월,21394,55698700,1654656
중문동,2020년 12월,2020년 12월,20924,55735800,1661093
중문동,2021년 01월,2021년 1월,20185,54313151,1618291
중문동,2021년 02월,2021년 2월,19162,54608900,1627731
중문동,2021년 03월,2021년 3월,22121,60028350,1793631
중문동,2021년 04월,2021년 4월,23495,61827300,1849039
중문동,2021년 05월,2021년 5월,27174,68885700,2060037
중문동,2021년 06월,2021년 6월,28002,66140250,1977456
중앙동,2018년 01월,2018년 1월,11009,52602100,1574992
중앙동,2018년 02월,2018년 2월,9977,45550200,1363391
중앙동,2018년 03월,2018년 3월,11317,51778250,1548907
중앙동,2018년 04월,2018년 4월,11011,48810600,1460431
중앙동,2018년 05월,2018년 5월,11420,45195100,1353006
중앙동,2018년 06월,2018년 6월,11843,45387950,1358697
중앙동,2018년 07월,2018년 7월,13182,49115250,1470169
중앙동,2018년 08월,2018년 8월,12462,45654250,1366554
중앙동,2018년 09월,2018년 9월,11454,42530750,1266022
중앙동,2018년 10월,2018년 10월,11615,44238500,1314755
중앙동,2018년 11월,2018년 11월,10724,43884250,1303386
중앙동,2018년 12월,2018년 12월,10472,46756350,1393606
중앙동,2019년 01월,2019년 1월,9438,42683800,1265316
중앙동,2019년 02월,2019년 2월,6639,30231600,897981
중앙동,2019년 03월,2019년 3월,4201,21994900,658844
중앙동,2019년 04월,2019년 4월,3892,19401000,581091
중앙동,2019년 05월,2019년 5월,8712,35140600,1044702
중앙동,2019년 06월,2019년 6월,9129,32611450,963536
중앙동,2019년 07월,2019년 7월,14032,58491700,1736396
중앙동,2019년 08월,2019년 8월,14570,60424950,1789290
중앙동,2019년 09월,2019년 9월,13635,57634900,1708760
중앙동,2019년 10월,2019년 10월,13141,53181250,1575818
중앙동,2019년 11월,2019년 11월,12922,54153800,1605622
중앙동,2019년 12월,2019년 12월,13023,59806750,1775734
중앙동,2020년 01월,2020년 1월,12394,58053400,1723085
중앙동,2020년 02월,2020년 2월,11448,50037600,1481874
중앙동,2020년 03월,2020년 3월,12066,51396000,1521022
중앙동,2020년 04월,2020년 4월,11299,47551400,1409186
중앙동,2020년 05월,2020년 5월,12371,49194500,1457515
중앙동,2020년 06월,2020년 6월,11374,43100800,1279816
중앙동,2020년 07월,2020년 7월,10211,40851800,1223045
중앙동,2020년 08월,2020년 8월,12742,48010450,1437127
중앙동,2020년 09월,2020년 9월,12082,44658750,1336982
중앙동,2020년 10월,2020년 10월,12985,41457850,1241133
중앙동,2020년 11월,2020년 11월,15675,43013250,1287904
중앙동,2020년 12월,2020년 12월,13191,43377950,1298834
중앙동,2021년 01월,2021년 1월,9002,39760550,1190533
중앙동,2021년 02월,2021년 2월,8775,41363750,1238747
중앙동,2021년 03월,2021년 3월,9755,45449200,1361043
중앙동,2021년 04월,2021년 4월,9366,43809700,1311944
중앙동,2021년 05월,2021년 5월,9258,39221700,1174348
중앙동,2021년 06월,2021년 6월,10772,41422700,1240018
천지동,2018년 01월,2018년 1월,9070,38935950,1132525
천지동,2018년 02월,2018년 2월,7851,31681900,919488
천지동,2018년 03월,2018년 3월,8660,35449800,1028420
천지동,2018년 04월,2018년 4월,7610,30094800,871948
천지동,2018년 05월,2018년 5월,8093,30358500,887154
천지동,2018년 06월,2018년 6월,8845,30984500,908094
천지동,2018년 07월,2018년 7월,9903,34939200,1023313
천지동,2018년 08월,2018년 8월,9640,31539700,926396
천지동,2018년 09월,2018년 9월,9228,29821150,875097
천지동,2018년 10월,2018년 10월,8591,29502550,864028
천지동,2018년 11월,2018년 11월,8364,30431850,890351
천지동,2018년 12월,2018년 12월,8342,33451950,998262
천지동,2019년 01월,2019년 1월,5949,23783950,712032
천지동,2019년 02월,2019년 2월,3436,12016050,359641
천지동,2019년 03월,2019년 3월,2107,8607950,257709
천지동,2019년 04월,2019년 4월,1846,6741500,201790
천지동,2019년 05월,2019년 5월,6693,23980550,717764
천지동,2019년 06월,2019년 6월,8803,31186600,933393
천지동,2019년 07월,2019년 7월,11983,40244150,1204332
천지동,2019년 08월,2019년 8월,12011,39771150,1190117
천지동,2019년 09월,2019년 9월,11572,38101350,1140119
천지동,2019년 10월,2019년 10월,11085,36603200,1095323
천지동,2019년 11월,2019년 11월,10840,38178700,1142666
천지동,2019년 12월,2019년 12월,10425,40600150,1215363
천지동,2020년 01월,2020년 1월,10239,41595800,1245347
천지동,2020년 02월,2020년 2월,9974,38546400,1153935
천지동,2020년 03월,2020년 3월,10464,38935750,1165470
천지동,2020년 04월,2020년 4월,10139,35160350,1052297
천지동,2020년 05월,2020년 5월,11394,39646300,1186545
천지동,2020년 06월,2020년 6월,11091,37713450,1128654
천지동,2020년 07월,2020년 7월,4459,12355100,369551
천지동,2020년 08월,2020년 8월,11970,35774650,1070233
천지동,2020년 09월,2020년 9월,11205,33188300,992848
천지동,2020년 10월,2020년 10월,9768,30162250,902406
천지동,2020년 11월,2020년 11월,9120,31433750,940755
천지동,2020년 12월,2020년 12월,9023,29137100,871889
천지동,2021년 01월,2021년 1월,8490,27231750,814847
천지동,2021년 02월,2021년 2월,8281,28012700,838333
천지동,2021년 03월,2021년 3월,9317,32971750,986826
천지동,2021년 04월,2021년 4월,9390,31792150,951486
천지동,2021년 05월,2021년 5월,8464,27860850,833720
천지동,2021년 06월,2021년 6월,10680,31676600,947646
표선면,2018년 01월,2018년 1월,3191,12716050,380699
표선면,2018년 02월,2018년 2월,2856,12179050,364660
표선면,2018년 03월,2018년 3월,3439,14019100,419710
표선면,2018년 04월,2018년 4월,3368,12664250,379094
표선면,2018년 05월,2018년 5월,3804,13883650,415543
표선면,2018년 06월,2018년 6월,3327,11408250,341431
표선면,2018년 07월,2018년 7월,3811,14408100,431268
표선면,2018년 08월,2018년 8월,4018,14854050,444621
표선면,2018년 09월,2018년 9월,3176,11215400,335666
표선면,2018년 10월,2018년 10월,3314,11938300,357318
표선면,2018년 11월,2018년 11월,3763,14475350,433346
표선면,2018년 12월,2018년 12월,3308,14665050,439157
표선면,2019년 01월,2019년 1월,4100,20991050,628725
표선면,2019년 02월,2019년 2월,2853,14571100,436437
표선면,2019년 03월,2019년 3월,3510,18216400,545623
표선면,2019년 04월,2019년 4월,4157,20965700,627930
표선면,2019년 05월,2019년 5월,5625,28076437,819588
표선면,2019년 06월,2019년 6월,6005,28636832,841699
표선면,2019년 07월,2019년 7월,6921,31228127,905240
표선면,2019년 08월,2019년 8월,6502,30137218,890482
표선면,2019년 09월,2019년 9월,5349,24986098,726409
표선면,2019년 10월,2019년 10월,5447,25509020,760932
표선면,2019년 11월,2019년 11월,4955,26473950,793010
표선면,2019년 12월,2019년 12월,4708,25286650,757445
표선면,2020년 01월,2020년 1월,4422,24304300,728048
표선면,2020년 02월,2020년 2월,4703,22631468,674260
표선면,2020년 03월,2020년 3월,5875,24271100,726692
표선면,2020년 04월,2020년 4월,6189,24914300,745909
표선면,2020년 05월,2020년 5월,7464,30647673,1331138
표선면,2020년 06월,2020년 6월,7988,40698877,4194745
표선면,2020년 07월,2020년 7월,8335,49662971,7430120
표선면,2020년 08월,2020년 8월,9059,37489864,1562666
표선면,2020년 09월,2020년 9월,9008,33151850,992336
표선면,2020년 10월,2020년 10월,7582,32658650,977911
표선면,2020년 11월,2020년 11월,7083,34208100,1024517
표선면,2020년 12월,2020년 12월,7193,29948950,896677
표선면,2021년 01월,2021년 1월,6140,27386150,820089
표선면,2021년 02월,2021년 2월,6627,28420550,850965
표선면,2021년 03월,2021년 3월,7606,34260000,1025924
표선면,2021년 04월,2021년 4월,8366,38444700,1151341
표선면,2021년 05월,2021년 5월,8786,36223050,1084556
표선면,2021년 06월,2021년 6월,10751,42453750,1271419
한경면,2019년 11월,2019년 11월,238,877750,26283
한경면,2019년 12월,2019년 12월,1189,3832350,114706
한경면,2020년 01월,2020년 1월,2855,11322700,338989
한경면,2020년 02월,2020년 2월,3101,11589200,346952
한경면,2020년 03월,2020년 3월,3932,14581450,436546
한경면,2020년 04월,2020년 4월,4181,14346100,429403
한경면,2020년 05월,2020년 5월,5304,18264400,546681
한경면,2020년 06월,2020년 6월,5109,17065400,510736
한경면,2020년 07월,2020년 7월,6792,22484050,672876
한경면,2020년 08월,2020년 8월,7621,26330500,788076
한경면,2020년 09월,2020년 9월,6262,19161200,573336
한경면,2020년 10월,2020년 10월,6217,18672150,558640
한경면,2020년 11월,2020년 11월,5719,19279000,576986
한경면,2020년 12월,2020년 12월,5476,18862000,564545
한경면,2021년 01월,2021년 1월,5111,17767250,531778
한경면,2021년 02월,2021년 2월,4975,17276700,517079
한경면,2021년 03월,2021년 3월,5727,21007400,628842
한경면,2021년 04월,2021년 4월,6147,22908150,685772
한경면,2021년 05월,2021년 5월,7625,26927600,806001
한경면,2021년 06월,2021년 6월,8031,27060150,809898
한림읍,2019년 11월,2019년 11월,620,2279550,68273
한림읍,2019년 12월,2019년 12월,8178,31493650,942906
한림읍,2020년 01월,2020년 1월,13042,49632850,1485891
한림읍,2020년 02월,2020년 2월,12264,46197050,1382985
한림읍,2020년 03월,2020년 3월,14316,52561750,1573349
한림읍,2020년 04월,2020년 4월,14513,52242650,1563718
한림읍,2020년 05월,2020년 5월,17614,61167800,1830830
한림읍,2020년 06월,2020년 6월,17365,55895800,1672689
한림읍,2020년 07월,2020년 7월,23417,74343450,2224643
한림읍,2020년 08월,2020년 8월,24943,80336450,2404262
한림읍,2020년 09월,2020년 9월,21807,70032800,2095806
한림읍,2020년 10월,2020년 10월,21947,73234800,2191865
한림읍,2020년 11월,2020년 11월,19990,70548650,2111648
한림읍,2020년 12월,2020년 12월,19001,65998800,1975370
한림읍,2021년 01월,2021년 1월,18369,60314250,1805028
한림읍,2021년 02월,2021년 2월,17384,60052534,1797415
한림읍,2021년 03월,2021년 3월,19901,69780550,2088688
한림읍,2021년 04월,2021년 4월,20950,73755600,2207704
한림읍,2021년 05월,2021년 5월,24046,79295550,2373113
한림읍,2021년 06월,2021년 6월,25653,82746990,2476292
화북동,2018년 01월,2018년 1월,51690,114334400,3417187
화북동,2018년 02월,2018년 2월,47688,105830050,3163011
화북동,2018년 03월,2018년 3월,53401,114024100,3407381
화북동,2018년 04월,2018년 4월,52710,105834250,3161983
화북동,2018년 05월,2018년 5월,58072,107752200,3218151
화북동,2018년 06월,2018년 6월,62458,114111850,3407792
화북동,2018년 07월,2018년 7월,76276,142231050,4247799
화북동,2018년 08월,2018년 8월,72639,130959050,3910722
화북동,2018년 09월,2018년 9월,66343,112172300,3348645
화북동,2018년 10월,2018년 10월,59991,103716450,3096577
화북동,2018년 11월,2018년 11월,55212,104840400,3131381
화북동,2018년 12월,2018년 12월,54869,116152300,3470923
화북동,2019년 01월,2019년 1월,52878,110709600,3308094
화북동,2019년 02월,2019년 2월,50778,108215250,3233761
화북동,2019년 03월,2019년 3월,52028,105681200,3157552
화북동,2019년 04월,2019년 4월,51843,98866950,2953172
화북동,2019년 05월,2019년 5월,60377,109625250,3273807
화북동,2019년 06월,2019년 6월,66830,116664200,3483234
화북동,2019년 07월,2019년 7월,74129,134815950,4025948
화북동,2019년 08월,2019년 8월,75355,130354050,3891885
화북동,2019년 09월,2019년 9월,68654,117706750,3514191
화북동,2019년 10월,2019년 10월,62491,101150900,3018939
화북동,2019년 11월,2019년 11월,59138,104822800,3129891
화북동,2019년 12월,2019년 12월,57709,113107650,3378836
화북동,2020년 01월,2020년 1월,58976,119860500,3581188
화북동,2020년 02월,2020년 2월,57567,114810400,3429921
화북동,2020년 03월,2020년 3월,62259,119211150,3560755
화북동,2020년 04월,2020년 4월,58277,105266900,3143589
화북동,2020년 05월,2020년 5월,67119,117300450,3502309
화북동,2020년 06월,2020년 6월,64976,116089950,3462718
화북동,2020년 07월,2020년 7월,75061,127929850,3819305
화북동,2020년 08월,2020년 8월,73520,126103400,3764741
화북동,2020년 09월,2020년 9월,62448,100829150,3009268
화북동,2020년 10월,2020년 10월,62294,101544850,3030874
화북동,2020년 11월,2020년 11월,56011,98963800,2954967
화북동,2020년 12월,2020년 12월,57705,110165700,3290603
화북동,2021년 01월,2021년 1월,55138,106196950,3172108
화북동,2021년 02월,2021년 2월,40817,79066250,2361878
화북동,2021년 03월,2021년 3월,53509,101663700,3036567
화북동,2021년 04월,2021년 4월,55664,99636900,2975351
화북동,2021년 05월,2021년 5월,62978,109316800,3263926
화북동,2021년 06월,2021년 6월,66088,110750050,3306029
효돈동,2018년 01월,2018년 1월,4671,19263950,570534
효돈동,2018년 02월,2018년 2월,5041,19280850,571825
효돈동,2018년 03월,2018년 3월,3529,14384750,425696
효돈동,2018년 04월,2018년 4월,2242,8599500,253029
효돈동,2018년 05월,2018년 5월,3203,11165100,332352
효돈동,2018년 06월,2018년 6월,3889,12232450,359945
효돈동,2018년 07월,2018년 7월,4830,14879900,431982
효돈동,2018년 08월,2018년 8월,4851,14908750,428170
효돈동,2018년 09월,2018년 9월,4998,15811400,452995
효돈동,2018년 10월,2018년 10월,4290,14719850,425001
효돈동,2018년 11월,2018년 11월,3981,14706700,417444
효돈동,2018년 12월,2018년 12월,3907,14628550,417985
효돈동,2019년 01월,2019년 1월,3237,12324350,356997
효돈동,2019년 02월,2019년 2월,3154,11880900,341941
효돈동,2019년 03월,2019년 3월,3297,11991150,345706
효돈동,2019년 04월,2019년 4월,3609,12001650,346940
효돈동,2019년 05월,2019년 5월,4272,14026200,402079
효돈동,2019년 06월,2019년 6월,1607,4684100,139256
효돈동,2019년 07월,2019년 7월,1107,3888150,116382
효돈동,2019년 08월,2019년 8월,1207,4501400,134745
효돈동,2019년 09월,2019년 9월,1155,3830650,114632
효돈동,2019년 10월,2019년 10월,1115,3985050,119272
효돈동,2019년 11월,2019년 11월,1078,3928600,117585
효돈동,2019년 12월,2019년 12월,1019,4291900,128487
효돈동,2020년 01월,2020년 1월,824,3431850,102741
효돈동,2020년 02월,2020년 2월,968,3685450,110325
효돈동,2020년 03월,2020년 3월,999,3641900,109007
효돈동,2020년 04월,2020년 4월,968,3389450,101449
효돈동,2020년 05월,2020년 5월,1037,3591550,107497
효돈동,2020년 06월,2020년 6월,1085,3550000,106235
효돈동,2020년 07월,2020년 7월,2913,9383500,280795
효돈동,2020년 08월,2020년 8월,10018,30956250,926141
효돈동,2020년 09월,2020년 9월,9103,27372150,818933
효돈동,2020년 10월,2020년 10월,8106,25263300,755849
효돈동,2020년 11월,2020년 11월,7855,27011600,808381
효돈동,2020년 12월,2020년 12월,7493,26823800,802868
효돈동,2021년 01월,2021년 1월,7053,26069950,780322
효돈동,2021년 02월,2021년 2월,6795,26128400,782163
효돈동,2021년 03월,2021년 3월,7492,26845400,803505
효돈동,2021년 04월,2021년 4월,7399,25200200,754194
효돈동,2021년 05월,2021년 5월,6682,21724850,650080
효돈동,2021년 06월,2021년 6월,8720,27554100,824457
