ADR1,ADR2,CATE1,CATE2,2021-01-01,2021-01-02,2021-01-03,2021-01-04,2021-01-05,2021-01-06,2021-01-07,2021-01-08,2021-01-09,2021-01-10,2021-01-11,2021-01-12,2021-01-13,2021-01-14,2021-01-15,2021-01-16,2021-01-17,2021-01-18,2021-01-19,2021-01-20,2021-01-21,2021-01-22,2021-01-23,2021-01-24,2021-01-25,2021-01-26,2021-01-27,2021-01-28,2021-01-29,2021-01-30,2021-01-31,2021-02-01,2021-02-02,2021-02-03,2021-02-04,2021-02-05,2021-02-06,2021-02-07,2021-02-08,2021-02-09,2021-02-10,2021-02-11,2021-02-12,2021-02-13,2021-02-14,2021-02-15,2021-02-16,2021-02-17,2021-02-18,2021-02-19,2021-02-20,2021-02-21,2021-02-22,2021-02-23,2021-02-24,2021-02-25,2021-02-26,2021-02-27,2021-02-28,2021-03-01,2021-03-02,2021-03-03,2021-03-04,2021-03-05,2021-03-06,2021-03-07,2021-03-08,2021-03-09,2021-03-10,2021-03-11,2021-03-12,2021-03-13,2021-03-14,2021-03-15,2021-03-16,2021-03-17,2021-03-18,2021-03-19,2021-03-20,2021-03-21,2021-03-22,2021-03-23,2021-03-24,2021-03-25,2021-03-26,2021-03-27,2021-03-28,2021-03-29,2021-03-30,2021-03-31
군산시,개정동,10,식사,0.309,0.448,0.346,0.47,0.572,0.591,0.443,0.458,0.362,0.497,0.358,0.499,0.278,0.313,0,0.372,0.401,0.594,0.345,0.504,0.414,0.37,0.298,0.391,0.332,0.257,0.312,0.49,0.435,0.385,0.369,0.296,0.432,0.402,0.399,0.231,0.279,0.369,0.389,0.357,0.342,0.316,0.19,0.267,0.343,0.385,0.43,0.461,0.388,0.408,0.3,0.314,0.418,0.402,0.396,0.369,0.342,0.335,0.354,0.418,0.452,0.361,0.419,0.452,0.415,0.428,0.487,0.506,0.485,0.458,0.555,0.348,0.373,0.512,0.478,0.47,0.478,0.498,0.492,0.374,0.46,0.652,0.416,0.715,0.434,0.402,0.354,0.451,0.451,0.453
군산시,개정동,20,간식,0.255,0.178,0.303,0.165,0.105,0.166,0.277,0.131,0.174,0.201,0.172,0.163,0.413,0.38,0,0.188,0.202,0.164,0.185,0.198,0.136,0.22,0.231,0.139,0.168,0.259,0.135,0.175,0.138,0.108,0.131,0.19,0.148,0.16,0.121,0.262,0.13,0.175,0.131,0.204,0.211,0.185,0.243,0.286,0.258,0.203,0.188,0.193,0.144,0.142,0.149,0.17,0.156,0.107,0.136,0.159,0.23,0.185,0.126,0.175,0.182,0.176,0.246,0.182,0.187,0.146,0.208,0.187,0.196,0.184,0.196,0.283,0.357,0.184,0.267,0.218,0.22,0.194,0.137,0.307,0.194,0.124,0.14,0.089,0.084,0.177,0.164,0.206,0.225,0.18
군산시,개정동,30,마실거리,0.582,0.584,0.575,0.602,0.558,0.478,0.5,0.586,0.696,0.518,0.698,0.569,0.365,0.468,0,0.614,0.576,0.452,0.709,0.496,0.607,0.635,0.666,0.648,0.69,0.703,0.792,0.536,0.643,0.705,0.695,0.637,0.587,0.663,0.624,0.752,0.775,0.644,0.657,0.651,0.586,0.701,0.756,0.691,0.605,0.663,0.539,0.531,0.702,0.677,0.777,0.714,0.648,0.739,0.611,0.699,0.603,0.686,0.753,0.427,0.592,0.595,0.544,0.607,0.552,0.574,0.536,0.537,0.546,0.594,0.488,0.595,0.499,0.527,0.498,0.54,0.532,0.537,0.613,0.555,0.578,0.462,0.666,0.439,0.711,0.581,0.648,0.552,0.549,0.599
군산시,개정동,40,홈&리빙,0.013,0.002,0.031,0.005,0.019,0.01,0.027,0.01,0.012,0.04,0.003,0.005,0.009,0.009,0,0.006,0.034,0.012,0.006,0.027,0.072,0.015,0.013,0.028,0.022,0.015,0.002,0.039,0.008,0.016,0.017,0.009,0.013,0.028,0.087,0.009,0.005,0.01,0.051,0.005,0.073,0.013,0.018,0.017,0.029,0.002,0.019,0.02,0.002,0.006,0.013,0.027,0.005,0.012,0.006,0.011,0.015,0.019,0.003,0.026,0.005,0.014,0.014,0.002,0.008,0.047,0.006,0.005,0.001,0.008,0.005,0.009,0.006,0.006,0.001,0.004,0.008,0.005,0.011,0.002,0.016,0.002,0.006,0.006,0.019,0.04,0.02,0.006,0.006,0.012
군산시,개정동,50,헬스&뷰티,0.041,0.047,0.005,0.017,0.007,0.014,0.012,0.033,0.016,0,0.029,0.024,0.102,0.058,0,0.046,0.036,0.023,0.005,0.022,0.023,0.013,0.011,0.034,0.024,0.026,0.019,0.02,0.021,0.026,0.028,0.039,0.04,0.006,0.019,0,0.066,0.062,0.029,0.02,0.031,0.009,0.026,0,0.008,0.006,0.033,0.034,0.015,0.019,0,0.034,0.03,0,0.057,0.02,0.048,0.036,0.022,0.142,0.004,0.111,0.023,0.007,0.023,0.027,0.011,0.017,0.022,0.007,0.012,0.015,0.025,0.006,0.013,0.025,0.015,0.018,0.007,0.017,0.007,0.02,0.027,0.011,0.013,0.048,0.034,0.016,0.015,0.011
군산시,개정동,60,취미&여가활동,0.059,0,0,0,0,0.002,0,0.043,0,0.004,0,0,0.093,0.032,0,0.033,0.012,0.014,0.011,0.014,0.009,0.007,0.041,0.019,0.024,0,0.002,0,0.014,0.02,0.019,0.089,0.04,0,0.011,0.007,0.005,0,0.003,0.022,0.018,0.036,0.028,0,0.018,0,0.052,0.022,0.01,0.009,0.021,0,0.004,0,0.055,0.003,0.023,0,0.003,0.073,0.024,0.003,0.014,0.01,0.075,0.037,0.012,0.009,0.012,0.009,0.005,0.01,0.001,0.026,0.004,0.003,0.007,0.009,0,0.005,0.005,0,0.007,0,0,0.012,0.04,0.029,0.013,0.005
군산시,경암동,10,식사,0.523,0.432,0.466,0.473,0.615,0.536,0.594,0.506,0.583,0.524,0.446,0.521,0.568,0.545,0.54,0.51,0.478,0.599,0.524,0.545,0.686,0.435,0.49,0.439,0.561,0.657,0.517,0.527,0.583,0.484,0.569,0.577,0.402,0.516,0.469,0.536,0.432,0.527,0.53,0.615,0.448,0.43,0.331,0.306,0.374,0.384,0.583,0.519,0.626,0.488,0.523,0.431,0.472,0.457,0.462,0.531,0.538,0.514,0.453,0.479,0.511,0.493,0.513,0.503,0.454,0.526,0.491,0.487,0.529,0.496,0.47,0.327,0.303,0.42,0.446,0.444,0.472,0.526,0.374,0.542,0.475,0.481,0.561,0.529,0.505,0.452,0.513,0.587,0.471,0.493
군산시,경암동,20,간식,0.144,0.244,0.119,0.126,0.157,0.159,0.206,0.182,0.182,0.141,0.183,0.202,0.15,0.084,0.19,0.133,0.14,0.139,0.133,0.137,0.121,0.136,0.161,0.141,0.153,0.076,0.134,0.105,0.19,0.136,0.133,0.159,0.268,0.167,0.201,0.245,0.207,0.125,0.172,0.167,0.165,0.223,0.274,0.437,0.4,0.413,0.109,0.178,0.143,0.315,0.172,0.092,0.161,0.126,0.117,0.237,0.163,0.148,0.205,0.103,0.173,0.206,0.244,0.184,0.176,0.171,0.125,0.105,0.162,0.136,0.173,0.199,0.535,0.329,0.192,0.212,0.183,0.142,0.187,0.173,0.263,0.124,0.149,0.112,0.112,0.14,0.234,0.168,0.152,0.136
군산시,경암동,30,마실거리,0.494,0.512,0.543,0.615,0.435,0.5,0.407,0.513,0.376,0.539,0.483,0.458,0.442,0.602,0.52,0.489,0.45,0.342,0.51,0.541,0.415,0.52,0.589,0.561,0.476,0.429,0.496,0.429,0.465,0.517,0.486,0.482,0.473,0.403,0.482,0.396,0.518,0.5,0.466,0.412,0.496,0.543,0.5,0.399,0.387,0.389,0.436,0.54,0.422,0.458,0.527,0.569,0.543,0.592,0.526,0.472,0.513,0.525,0.548,0.407,0.454,0.495,0.378,0.545,0.558,0.542,0.562,0.645,0.516,0.594,0.465,0.515,0.38,0.457,0.439,0.392,0.507,0.505,0.561,0.496,0.49,0.545,0.554,0.508,0.614,0.486,0.43,0.458,0.584,0.601
군산시,경암동,40,홈&리빙,0.016,0.014,0.013,0.001,0.054,0.002,0.022,0.013,0.031,-0.017,0.02,0.018,0.009,0.005,0.004,0.022,0.022,0.019,0.017,0.008,0.017,0.027,0.007,0.014,0.006,0.031,0.018,0.021,0.008,0.032,0.006,0.013,0.014,0.057,0.01,0.005,0.02,0.009,0.001,0.012,0.01,0.026,0.011,0.017,0.023,0.024,0.083,0.005,0.022,0.018,0.006,0.049,0.026,0.013,0.014,0.014,0.024,0.023,0.007,0.065,0.022,0.016,0.013,0.01,0.007,0.007,0.028,0.015,0.019,0.004,0.063,0.001,0.012,0.026,0.009,0.013,0.016,0.009,0.052,0.007,0.013,0.018,0.009,0.019,0.006,0.062,0.012,0.036,0.005,0.01
군산시,경암동,50,헬스&뷰티,0.034,0.05,0.078,0.037,0.009,0.025,0.023,0.039,0.034,0.026,0.012,0.059,0.023,0,0.003,0.056,0.04,0.066,0.062,0.042,0.017,0.083,0.01,0.024,0.015,0.02,0.052,0.027,0.012,0.041,0.042,0.007,0.019,0.05,0.043,0.091,0.083,0.032,0.024,0.042,0.091,0.034,0.076,0.067,0.045,0.014,0.03,0.024,0.06,-0.005,0.032,0.026,0.022,0.065,0.048,0.019,0,0.035,0.06,0.154,0.086,0.057,0.08,0.025,0.051,0.018,0.028,0.022,0.017,0.03,0.066,0.026,0.013,0.03,0.044,0.007,0.089,0.079,0.026,0.049,0.028,0.086,0,0.08,0.021,0.028,0.044,0.013,0.048,0.019
군산시,경암동,60,취미&여가활동,0.063,0.019,0.054,0.022,0.003,0.051,0.02,0.021,0.069,0.061,0.13,0.015,0.081,0.039,0.016,0.063,0.143,0.109,0.028,0,0.018,0.072,0.016,0.095,0.061,0.061,0.056,0.164,0.015,0.064,0.037,0.036,0.096,0.081,0.069,0,0.014,0.081,0.08,0.027,0.064,0.017,0.081,0.048,0.045,0.049,0.032,0.008,0,0,0.014,0.107,0.049,0.021,0.106,0.002,0.037,0.028,0,0.066,0.028,0.007,0.045,0.006,0.028,0.01,0.04,0,0.031,0.014,0.037,0.205,0.03,0.011,0.144,0.204,0.006,0.013,0.072,0.008,0.004,0.019,0,0.025,0.015,0.105,0.041,0.012,0.013,0.014
군산시,구암동,10,식사,0.365,0.366,0.401,0.466,0.462,0.413,0.519,0.455,0.419,0.407,0.469,0.502,0.458,0.423,0.43,0.384,0.401,0.451,0.538,0.39,0.474,0.438,0.342,0.393,0.472,0.473,0.38,0.466,0.414,0.405,0.398,0.249,0.503,0.458,0.499,0.426,0.357,0.369,0.459,0.397,0.434,0.286,0.247,0.29,0.27,0.49,0.44,0.511,0.455,0.364,0.377,0.343,0.466,0.46,0.469,0.453,0.434,0.346,0.341,0.37,0.471,0.458,0.482,0.431,0.348,0.311,0.449,0.464,0.42,0.439,0.395,0.32,0.307,0.42,0.43,0.413,0.466,0.408,0.353,0.393,0.442,0.446,0.465,0.414,0.375,0.406,0.351,0.461,0.416,0.439
군산시,구암동,20,간식,0.282,0.221,0.243,0.217,0.282,0.199,0.272,0.296,0.237,0.247,0.211,0.178,0.296,0.214,0.226,0.261,0.264,0.199,0.202,0.267,0.163,0.236,0.237,0.258,0.202,0.209,0.355,0.175,0.231,0.231,0.239,0.739,0.206,0.213,0.206,0.262,0.295,0.252,0.251,0.249,0.265,0.286,0.302,0.263,0.449,0.202,0.201,0.232,0.195,0.201,0.223,0.226,0.169,0.205,0.213,0.201,0.198,0.22,0.301,0.181,0.195,0.152,0.181,0.235,0.271,0.288,0.21,0.222,0.214,0.24,0.262,0.36,0.399,0.192,0.191,0.206,0.175,0.198,0.268,0.229,0.182,0.207,0.202,0.168,0.221,0.194,0.245,0.196,0.17,0.165
군산시,구암동,30,마실거리,0.58,0.578,0.562,0.57,0.5,0.607,0.432,0.458,0.555,0.599,0.534,0.518,0.475,0.593,0.565,0.577,0.55,0.581,0.498,0.563,0.546,0.552,0.655,0.595,0.568,0.528,0.488,0.555,0.58,0.58,0.603,0.275,0.543,0.549,0.538,0.56,0.57,0.587,0.532,0.599,0.528,0.603,0.655,0.653,0.522,0.504,0.575,0.491,0.583,0.569,0.618,0.668,0.598,0.565,0.553,0.535,0.577,0.676,0.594,0.628,0.555,0.57,0.567,0.589,0.605,0.622,0.574,0.558,0.597,0.556,0.569,0.549,0.54,0.583,0.609,0.619,0.59,0.621,0.589,0.612,0.608,0.57,0.568,0.622,0.654,0.593,0.634,0.574,0.633,0.64
군산시,구암동,40,홈&리빙,0.021,0.022,0.021,0.011,0.011,0.018,0.016,0.009,0.032,0.012,0.026,0.009,0.014,0.025,0.007,0.023,0.024,0.014,0.013,0.022,0.005,0.013,0.016,0.012,0.016,0.026,0.008,0.014,0.017,0.018,0.017,0.004,0.006,0.038,0.009,0.014,0.012,0.013,0.008,0.02,0.023,0.036,0.009,0.013,0.015,0.034,0.011,0.012,0.01,0.008,0.009,0.007,0.015,0.026,0.015,0.017,0.026,0.012,0.011,0.079,0.014,0.028,0.02,0.006,0.018,0.022,0.013,0.012,0.023,0.013,0.034,0.014,0.011,0.011,0.012,0.014,0.023,0.026,0.041,0.013,0.011,0.017,0.011,0.013,0.014,0.038,0.009,0.016,0.017,0.013
군산시,구암동,50,헬스&뷰티,0.035,0.022,0.032,0.016,0.008,0.025,0.016,0.021,0.029,0.012,0.019,0.031,0.017,0.008,0.014,0.026,0.014,0.004,0.016,0.016,0.024,0.037,0.013,0.013,0.003,0.014,0.03,0.03,0.006,0.014,0.023,0.009,0.013,0.017,0.006,0.018,0.027,0.019,0.029,0.006,0.022,0.05,0.023,0.029,0.015,0.02,0.021,0.015,0.019,0.016,0.035,0.006,0.019,0.013,0.012,0.034,0.028,0.026,0.018,0.02,0.041,0.04,0.034,0.01,0.02,0.018,0.01,0.018,0.011,0.025,0.016,0.017,0.011,0.055,0.023,0.013,0.014,0.026,0.018,0.025,0.021,0.022,0.027,0.037,0.019,0.022,0.038,0.025,0.026,0.016
군산시,구암동,60,취미&여가활동,0.004,0.079,0.029,0.007,0.023,0.023,0.031,0.048,0.014,0.011,0.028,0.048,0.027,0.024,0.044,0.016,0.034,0.038,0.02,0.028,0.075,0.01,0.023,0.015,0.025,0.037,0.026,0.046,0.038,0.039,0.007,0.009,0.016,0.011,0.029,0.007,0.025,0.046,0.007,0.016,0.015,0.025,0.05,0.039,0.015,0.037,0.039,0.026,0.025,0.129,0.025,0.036,0.019,0.016,0.024,0.046,0.024,0.007,0.02,0.007,0.011,0.039,0.003,0.016,0.026,0.025,0.031,0.013,0.022,0.014,0.011,0.027,0.018,0.025,0.021,0.02,0.019,0.008,0.018,0.014,0.022,0.025,0.013,0.032,0.003,0.033,0.01,0.015,0.025,0.013
군산시,나운1동,10,식사,0.434,0.426,0.428,0.448,0.473,0.316,0.426,0.528,0.428,0.369,0.386,0.579,0.388,0.42,0.362,0.448,0.348,0.484,0.403,0.462,0.352,0.359,0.324,0.364,0.279,0.433,0.478,0.413,0.377,0.395,0.397,0.352,0.429,0.387,0.39,0.469,0.472,0.378,0.406,0.362,0.346,0.298,0.188,0.232,0.236,0.431,0.417,0.513,0.57,0.459,0.423,0.239,0.42,0.383,0.377,0.378,0.417,0.304,0.392,0.251,0.442,0.389,0.364,0.402,0.281,0.362,0.475,0.485,0.402,0.448,0.401,0.383,0.257,0.345,0.445,0.398,0.467,0.361,0.314,0.343,0.551,0.43,0.48,0.476,0.345,0.324,0.417,0.544,0.401,0.42
군산시,나운1동,20,간식,0.256,0.198,0.276,0.183,0.167,0.289,0.274,0.245,0.31,0.189,0.206,0.201,0.266,0.22,0.281,0.259,0.273,0.216,0.497,0.219,0.276,0.251,0.239,0.244,0.438,0.161,0.17,0.242,0.273,0.249,0.207,0.257,0.238,0.219,0.386,0.2,0.239,0.284,0.343,0.259,0.283,0.274,0.403,0.468,0.461,0.284,0.265,0.204,0.155,0.275,0.238,0.181,0.232,0.348,0.237,0.214,0.185,0.231,0.184,0.142,0.277,0.219,0.239,0.237,0.292,0.251,0.268,0.262,0.366,0.304,0.324,0.343,0.617,0.326,0.367,0.319,0.222,0.295,0.197,0.217,0.192,0.198,0.215,0.226,0.234,0.284,0.239,0.223,0.295,0.232
군산시,나운1동,30,마실거리,0.502,0.609,0.496,0.435,0.512,0.611,0.465,0.468,0.455,0.606,0.552,0.403,0.442,0.447,0.585,0.505,0.495,0.5,0.343,0.522,0.474,0.524,0.571,0.602,0.405,0.565,0.504,0.561,0.553,0.494,0.556,0.48,0.554,0.553,0.411,0.476,0.47,0.535,0.49,0.532,0.591,0.628,0.595,0.484,0.507,0.522,0.524,0.435,0.441,0.44,0.552,0.633,0.541,0.478,0.577,0.571,0.579,0.68,0.631,0.819,0.518,0.495,0.564,0.527,0.535,0.553,0.482,0.424,0.493,0.482,0.482,0.376,0.344,0.496,0.43,0.501,0.515,0.513,0.529,0.582,0.481,0.57,0.528,0.499,0.637,0.575,0.547,0.45,0.479,0.579
군산시,나운1동,40,홈&리빙,0.031,0.007,0,0.049,0.025,0.006,0.053,0.013,0.016,0.031,0.016,0.003,0.041,0.006,0.002,0.019,0.008,0.008,0.014,0.018,0.049,0.046,0.011,0.011,0.047,0.053,0.04,0.01,0.005,0.063,0.017,0.054,0.011,0.023,0.021,0.021,0.028,0.015,0.007,0.012,0.012,0.02,0.015,0.01,0.024,0.014,0.035,0.019,0.01,0.012,0.004,0.015,0.011,0.011,0.024,0.019,0.011,0.01,0.017,0.03,0.019,0.029,0.082,0.029,0.083,0.001,0.02,0.011,0.001,0.002,0.057,0.028,0.032,0.015,0.008,0.024,0.006,0.01,0.053,0.024,0.007,0.026,0.01,0.006,0.001,0.023,0.007,0.004,0.017,0.01
군산시,나운1동,50,헬스&뷰티,0.023,0.025,0.021,0.069,0.067,0.021,0.039,0.008,0.049,0.03,0.026,0.021,0.059,0.024,0,0.022,0.057,0.054,0.008,0.026,0.03,0.025,0.04,0.027,0.058,0.01,0.032,0.021,0.025,0.033,0.062,0.062,0.004,0.079,0.032,0.045,0.018,0.034,0.015,0.047,0.009,0.014,0.024,0.022,0.015,0.006,0.015,0.031,0.019,0.038,0.022,0.034,0.048,0.046,0.034,0,0.015,0.032,0.026,0.019,0.009,0.042,0.012,0.013,0.037,0.069,0.021,0.023,0,0.026,0,0.082,0.008,0.031,0.01,0.005,0.042,0.017,0.082,0.049,0.031,0.014,0.027,0.047,0.027,0.026,0.016,0.038,0.057,0.02
군산시,나운1동,60,취미&여가활동,0.02,0,0.045,0.081,0.021,0.022,0.009,0.002,0.006,0.04,0.079,0.058,0.07,0.148,0.034,0.011,0.084,0.003,0,0.017,0.083,0.061,0.08,0.016,0.038,0.042,0.041,0.018,0.033,0.031,0.025,0.06,0.028,0.004,0.024,0.053,0.039,0.019,0.003,0.053,0.025,0.03,0.04,0.05,0.023,0.01,0.009,0.062,0.07,0.042,0.027,0.163,0.014,0,0.016,0.083,0.059,0.007,0.016,0.004,0,0.091,0.004,0.056,0.037,0.029,0,0.06,0.002,0.003,0,0.052,0.007,0.052,0.006,0.018,0.013,0.068,0.09,0.05,0.003,0.028,0.005,0.011,0.021,0.033,0.039,0.007,0.016,0.004
군산시,나운2동,10,식사,0.369,0.566,0.516,0.615,0.522,0.648,0.519,0.56,0.481,0.58,0.492,0.53,0.508,0.556,0.621,0.603,0.434,0.659,0.716,0.538,0.52,0.579,0.459,0.336,0.519,0.556,0.754,0.574,0.566,0.488,0.404,0.646,0.541,0.554,0.456,0.669,0.521,0.533,0.611,0.589,0.553,0.321,0.287,0.426,0.295,0.575,0.347,0.686,0.642,0.535,0.427,0.471,0.616,0.544,0.554,0.636,0.532,0.453,0.385,0.564,0.49,0.571,0.508,0.605,0.445,0.599,0.691,0.635,0.627,0.504,0.495,0.277,0.205,0.514,0.513,0.545,0.448,0.498,0.549,0.499,0.624,0.687,0.569,0.582,0.507,0.577,0.411,0.598,0.482,0.447
군산시,나운2동,20,간식,0.408,0.229,0.42,0.298,0.245,0.27,0.394,0.397,0.422,0.344,0.492,0.289,0.396,0.328,0.301,0.361,0.425,0.312,0.239,0.284,0.273,0.27,0.33,0.374,0.273,0.325,0.208,0.262,0.315,0.307,0.365,0.36,0.312,0.28,0.36,0.326,0.285,0.397,0.341,0.301,0.338,0.413,0.543,0.509,0.828,0.32,0.529,0.362,0.278,0.431,0.372,0.39,0.313,0.291,0.298,0.236,0.413,0.288,0.247,0.353,0.36,0.319,0.256,0.266,0.314,0.32,0.278,0.272,0.435,0.441,0.539,0.651,1.039,0.305,0.294,0.321,0.311,0.344,0.27,0.336,0.255,0.212,0.297,0.315,0.219,0.235,0.449,0.297,0.285,0.17
군산시,나운2동,30,마실거리,0.786,0.858,0.698,0.771,0.743,0.722,0.73,0.722,0.74,0.752,0.691,0.767,0.727,0.787,0.745,0.696,0.815,0.706,0.603,0.866,0.79,0.808,0.833,0.932,0.903,0.74,0.559,0.816,0.805,0.79,0.84,0.69,0.764,0.797,0.854,0.679,0.84,0.67,0.698,0.758,0.688,0.787,0.656,0.702,0.406,0.786,0.719,0.625,0.688,0.658,0.778,0.747,0.721,0.845,0.838,0.733,0.732,0.875,0.962,0.704,0.796,0.816,0.73,0.714,0.863,0.735,0.715,0.736,0.634,0.654,0.588,0.677,0.431,0.789,0.766,0.828,0.919,0.799,0.762,0.821,0.723,0.743,0.727,0.77,0.915,0.703,0.799,0.757,0.861,0.994
군산시,나운2동,40,홈&리빙,0.04,0.034,0.038,0.052,0.066,0.017,0.035,0.041,0.013,0.056,0.023,0.055,0.011,0.023,0.02,0.003,0.028,0.014,0.032,0.01,0.089,0.019,0.021,0.035,0.033,0.066,0.027,0.045,0.012,0.063,0.039,0.022,0.039,0.049,0.01,0.039,0.016,0.007,0.021,0.018,0.04,0.024,0.026,0.045,0.045,0.021,0.039,0.06,0.006,0.025,0.027,0.022,0.032,0.034,0.011,0.068,0.034,0.024,0.015,0.029,0.023,0.009,0.134,0.005,0.016,0.04,0.012,0.02,0.021,0.064,0.084,0.002,0.002,0.017,0.04,0.018,0.004,0.016,0.003,0.011,0.015,0.019,0.007,0.036,0.008,0.099,0.056,0.016,0.035,0.006
군산시,나운2동,50,헬스&뷰티,0.031,0.017,0.005,0.009,0.017,0.026,0.034,0.026,0.047,0.004,0.028,0.031,0.102,0.013,0.017,0.031,0.015,0.015,0.016,0.026,0.052,0.053,0.062,0.018,0,0.055,0.165,0.04,0.028,0.008,0.052,0.028,0.069,0.058,0.057,0.011,0.024,0.084,0.01,0.028,0.075,0.016,0.048,0.015,0.028,0,0.063,0,0.061,0.047,0.086,0.064,0.038,0.021,0.028,0.052,0.034,0.036,0.037,0.095,0.015,0.016,0.073,0.068,0.021,0.008,0.046,0.057,0.014,0.081,0.011,0.027,0.012,0.037,0.052,0.004,0.018,0.032,0.045,0.042,0.031,0.048,0.073,0,0.022,0.058,0.031,0.053,0.02,0.105
군산시,나운2동,60,취미&여가활동,0.112,0.041,0.069,0,0.152,0.063,0.034,0,0.043,0.009,0.018,0.074,0.001,0.037,0.041,0.052,0.028,0.04,0.139,0.021,0.022,0.015,0.04,0.049,0.017,0.004,0.033,0.009,0.018,0.088,0.046,0,0.019,0.008,0.008,0.021,0.06,0.053,0.065,0.051,0.052,0.184,0.185,0.047,0.144,0.044,0.048,0.012,0.07,0.049,0.056,0.05,0.025,0.01,0.016,0.02,0,0.069,0.1,0,0.061,0.015,0.044,0.088,0.086,0.044,0.003,0.025,0.014,0.001,0.029,0.11,0.056,0.084,0.079,0.029,0.045,0.056,0.116,0.037,0.098,0.037,0.071,0.042,0.075,0.072,0,0.023,0.061,0.023
군산시,나운3동,10,식사,0.442,0.43,0.471,0.463,0.507,0.497,0.568,0.527,0.462,0.546,0.528,0.516,0.425,0.483,0.45,0.454,0.482,0.478,0.466,0.474,0.536,0.43,0.368,0.483,0.514,0.423,0.464,0.365,0.497,0.449,0.478,0.425,0.385,0.466,0.46,0.446,0.449,0.454,0.647,0.478,0.408,0.396,0.402,0.333,0.268,0.366,0.39,0.545,0.411,0.376,0.471,0.465,0.453,0.442,0.394,0.433,0.49,0.361,0.381,0.407,0.499,0.443,0.449,0.434,0.4,0.493,0.519,0.461,0.491,0.444,0.417,0.281,0.272,0.396,0.503,0.516,0.431,0.412,0.416,0.536,0.505,0.493,0.505,0.478,0.425,0.432,0.527,0.507,0.487,0.471
군산시,나운3동,20,간식,0.205,0.221,0.204,0.257,0.163,0.214,0.198,0.218,0.237,0.259,0.159,0.202,0.205,0.173,0.169,0.233,0.21,0.235,0.193,0.193,0.231,0.255,0.236,0.238,0.242,0.29,0.205,0.346,0.229,0.197,0.189,0.255,0.414,0.221,0.235,0.211,0.269,0.213,0.161,0.253,0.301,0.238,0.279,0.447,0.631,0.288,0.314,0.224,0.25,0.232,0.212,0.184,0.228,0.287,0.249,0.238,0.172,0.207,0.179,0.196,0.162,0.193,0.219,0.207,0.261,0.206,0.215,0.204,0.237,0.303,0.339,0.415,0.603,0.323,0.231,0.234,0.216,0.255,0.22,0.16,0.182,0.195,0.184,0.186,0.196,0.273,0.189,0.232,0.252,0.224
군산시,나운3동,30,마실거리,0.509,0.529,0.523,0.47,0.542,0.45,0.456,0.498,0.498,0.437,0.521,0.482,0.593,0.565,0.608,0.516,0.552,0.5,0.539,0.505,0.483,0.531,0.599,0.464,0.476,0.48,0.495,0.462,0.507,0.557,0.555,0.521,0.447,0.535,0.535,0.573,0.516,0.533,0.428,0.522,0.484,0.591,0.53,0.427,0.334,0.557,0.503,0.415,0.562,0.563,0.516,0.589,0.477,0.465,0.55,0.47,0.528,0.636,0.622,0.46,0.519,0.548,0.503,0.561,0.548,0.524,0.474,0.545,0.504,0.496,0.45,0.522,0.324,0.497,0.463,0.473,0.538,0.57,0.524,0.488,0.506,0.557,0.515,0.569,0.597,0.45,0.517,0.494,0.499,0.524
군산시,나운3동,40,홈&리빙,0.024,0.028,0.018,0.015,0.012,0.017,0.029,0.019,0.034,0.019,0.027,0.015,0.015,0.027,0.034,0.021,0.002,0.024,0.015,0.031,0.027,0.017,0.025,0.024,0.014,0.049,0.013,0.046,0.018,0.012,0.016,0.009,0.013,0.012,0.01,0.01,0.009,0.041,0.004,0.018,0.012,0.006,0.016,0.007,0.024,0.015,0.03,0.034,0.018,0.02,0.015,0.015,0.009,0.028,0.01,0.047,0.01,0.02,0.046,0.101,0.018,0.022,0.096,0.019,0.013,0.013,0.012,0.019,0.02,0.011,0.019,0.011,0.013,0.023,0.013,0.008,0.016,0.011,0.028,0.027,0.019,0.009,0.014,0.01,0.012,0.051,0.029,0.013,0.01,0.01
군산시,나운3동,50,헬스&뷰티,0.07,0.052,0.071,0.025,0.05,0.081,0.028,0.022,0.047,0.018,0.052,0.051,0.03,0.038,0.023,0.048,0.033,0.043,0.049,0.069,0.008,0.044,0.039,0.029,0.02,0.042,0.053,0.041,0.028,0.035,0.041,0.048,0.02,0.035,0.024,0.036,0.025,0.031,0.028,0.008,0.049,0.036,0.04,0.057,0.018,0.032,0.043,0.029,0.041,0.056,0.037,0.032,0.097,0.047,0.075,0.064,0.078,0.033,0.034,0.039,0.065,0.054,0.017,0.034,0.054,0.029,0.027,0.05,0.026,0.031,0.044,0.024,0.031,0.028,0.045,0.037,0.06,0.022,0.056,0.066,0.06,0.021,0.049,0.025,0.045,0.035,0.022,0.032,0.027,0.05
군산시,나운3동,60,취미&여가활동,0.035,0.025,0,0.056,0.012,0.026,0.007,0.002,0.008,0.008,0,0.02,0.018,0,0.002,0.014,0.007,0.006,0.024,0.014,0.001,0.01,0.019,0.048,0.02,0.003,0.056,0.025,0.007,0.035,0.006,0.028,0.007,0.018,0.022,0.01,0.018,0.015,0.017,0.007,0.032,0.02,0.019,0.016,0.011,0.028,0.007,0.04,0.005,0.04,0.035,0.002,0.023,0.017,0.008,0.034,0.007,0.029,0.024,0.083,0.023,0.026,0.003,0.031,0.01,0.021,0.04,0.007,0.009,0.002,0.017,0.034,0.044,0.019,0.03,0.019,0.025,0.016,0.042,0.009,0.014,0.01,0.019,0.018,0.012,0.046,0.003,0.008,0.01,0.008
군산시,미성동,10,식사,0.403,0.361,0.411,0.454,0.466,0.491,0.526,0.469,0.422,0.422,0.457,0.479,0.422,0.428,0.407,0.444,0.36,0.475,0.452,0.465,0.479,0.495,0.402,0.463,0.445,0.486,0.448,0.518,0.379,0.407,0.426,0.463,0.442,0.485,0.472,0.406,0.433,0.444,0.435,0.426,0.39,0.311,0.243,0.234,0.218,0.37,0.453,0.514,0.437,0.411,0.448,0.388,0.387,0.449,0.43,0.439,0.44,0.382,0.369,0.397,0.445,0.42,0.431,0.382,0.393,0.38,0.415,0.467,0.417,0.382,0.316,0.206,0.184,0.421,0.419,0.438,0.483,0.422,0.334,0.357,0.422,0.461,0.402,0.453,0.392,0.43,0.378,0.426,0.45,0.417
군산시,미성동,20,간식,0.181,0.17,0.157,0.14,0.156,0.116,0.206,0.151,0.162,0.148,0.147,0.129,0.157,0.109,0.159,0.141,0.221,0.129,0.125,0.141,0.127,0.146,0.175,0.154,0.124,0.137,0.136,0.128,0.171,0.166,0.164,0.152,0.158,0.163,0.175,0.163,0.186,0.139,0.2,0.166,0.213,0.232,0.289,0.366,0.491,0.172,0.157,0.153,0.15,0.152,0.162,0.208,0.151,0.155,0.135,0.17,0.146,0.197,0.205,0.232,0.164,0.161,0.158,0.153,0.178,0.191,0.168,0.197,0.16,0.26,0.325,0.479,0.518,0.218,0.19,0.173,0.114,0.144,0.203,0.184,0.145,0.152,0.131,0.124,0.164,0.154,0.144,0.159,0.118,0.111
군산시,미성동,30,마실거리,0.487,0.488,0.502,0.495,0.468,0.477,0.346,0.43,0.454,0.489,0.477,0.45,0.448,0.478,0.509,0.489,0.484,0.471,0.486,0.51,0.449,0.455,0.53,0.49,0.51,0.484,0.504,0.452,0.546,0.506,0.501,0.478,0.501,0.446,0.416,0.514,0.464,0.473,0.446,0.495,0.466,0.472,0.485,0.37,0.284,0.491,0.48,0.413,0.452,0.512,0.469,0.468,0.528,0.466,0.507,0.463,0.529,0.518,0.471,0.443,0.465,0.515,0.488,0.482,0.489,0.525,0.501,0.441,0.516,0.46,0.374,0.33,0.198,0.438,0.446,0.48,0.501,0.533,0.477,0.507,0.533,0.476,0.555,0.501,0.54,0.476,0.536,0.474,0.516,0.562
군산시,미성동,40,홈&리빙,0.024,0.027,0.034,0.016,0.017,0.018,0.022,0.016,0.041,0.024,0.014,0.009,0.014,0.016,0.014,0.019,0.032,0.015,0.033,0.009,0.014,0.012,0.016,0.01,0.013,0.018,0.012,0.012,0.011,0.025,0.018,0.017,0.021,0.016,0.012,0.011,0.021,0.029,0.026,0.017,0.011,0.017,0.015,0.01,0.014,0.013,0.015,0.019,0.015,0.015,0.013,0.019,0.017,0.019,0.019,0.023,0.007,0.013,0.018,0.019,0.018,0.01,0.019,0.022,0.016,0.015,0.01,0.017,0.013,0.009,0.02,0.016,0.006,0.008,0.012,0.022,0.005,0.008,0.042,0.021,0.013,0.02,0.015,0.02,0.013,0.059,0.019,0.015,0.01,0.011
군산시,미성동,50,헬스&뷰티,0.016,0.04,0.026,0.025,0.027,0.023,0.024,0.03,0.059,0.033,0.042,0.031,0.078,0.012,0.043,0.023,0.028,0.033,0.032,0.009,0.026,0.025,0.021,0.02,0.02,0.022,0.049,0.024,0.014,0.024,0.018,0.032,0.02,0.03,0.054,0.038,0.019,0.048,0.025,0.013,0.031,0.03,0.05,0.026,0.015,0.023,0.031,0.021,0.023,0.016,0.047,0.058,0.037,0.025,0.025,0.044,0.017,0.032,0.059,0.039,0.047,0.032,0.021,0.03,0.045,0.022,0.028,0.018,0.029,0.028,0.016,0.014,0.014,0.023,0.019,0.019,0.033,0.033,0.05,0.061,0.017,0.026,0.017,0.007,0.026,0.023,0.043,0.046,0.034,0.027
군산시,미성동,60,취미&여가활동,0.04,0.065,0.022,0.021,0.018,0.026,0.027,0.054,0.013,0.035,0.013,0.053,0.031,0.108,0.018,0.033,0.025,0.027,0.023,0.016,0.056,0.018,0.007,0.015,0.038,0.004,0.002,0.016,0.029,0.022,0.025,0.009,0.008,0.01,0.021,0.019,0.028,0.017,0.018,0.033,0.039,0.089,0.069,0.144,0.128,0.082,0.014,0.03,0.073,0.045,0.011,0.011,0.031,0.038,0.034,0.01,0.012,0.009,0.028,0.02,0.012,0.014,0.034,0.08,0.029,0.017,0.029,0.012,0.016,0.011,0.099,0.107,0.231,0.042,0.064,0.018,0.014,0.011,0.043,0.021,0.02,0.016,0.031,0.045,0.015,0.009,0.031,0.032,0.024,0.023
군산시,삼학동,10,식사,0.347,0.345,0.373,0.439,0.439,0.453,0.443,0.469,0.417,0.382,0.374,0.455,0.459,0.331,0.437,0.362,0.311,0.351,0.493,0.378,0.387,0.419,0.36,0.364,0.355,0.39,0.445,0.388,0.465,0.305,0.28,0.424,0.388,0.467,0.368,0.471,0.371,0.28,0.441,0.449,0.298,0.275,0.218,0.259,0.165,0.455,0.383,0.477,0.389,0.343,0.352,0.332,0.299,0.442,0.441,0.4,0.386,0.291,0.282,0.299,0.383,0.389,0.37,0.382,0.35,0.337,0.327,0.4,0.394,0.369,0.304,0.276,0.231,0.337,0.38,0.354,0.384,0.422,0.288,0.383,0.425,0.393,0.419,0.391,0.377,0.32,0.312,0.417,0.388,0.445
군산시,삼학동,20,간식,0.284,0.204,0.166,0.09,0.163,0.208,0.177,0.128,0.264,0.22,0.175,0.171,0.185,0.234,0.194,0.265,0.251,0.16,0.205,0.195,0.177,0.151,0.17,0.148,0.251,0.23,0.197,0.273,0.166,0.224,0.275,0.158,0.237,0.19,0.257,0.165,0.235,0.255,0.211,0.195,0.233,0.238,0.283,0.325,0.605,0.213,0.257,0.205,0.179,0.19,0.218,0.203,0.279,0.214,0.201,0.162,0.255,0.235,0.236,0.177,0.205,0.216,0.178,0.233,0.189,0.228,0.195,0.203,0.193,0.243,0.423,0.452,0.627,0.334,0.253,0.191,0.193,0.184,0.206,0.271,0.217,0.222,0.223,0.203,0.169,0.179,0.221,0.162,0.239,0.175
군산시,삼학동,30,마실거리,0.482,0.446,0.606,0.565,0.488,0.504,0.459,0.555,0.471,0.506,0.519,0.511,0.523,0.534,0.522,0.501,0.582,0.546,0.457,0.56,0.509,0.58,0.597,0.644,0.526,0.53,0.508,0.466,0.497,0.542,0.533,0.522,0.506,0.484,0.534,0.544,0.531,0.578,0.495,0.474,0.496,0.58,0.528,0.512,0.38,0.468,0.483,0.484,0.535,0.526,0.566,0.624,0.524,0.46,0.504,0.482,0.523,0.614,0.573,0.396,0.528,0.486,0.573,0.535,0.557,0.561,0.556,0.547,0.559,0.533,0.407,0.366,0.323,0.466,0.5,0.538,0.558,0.548,0.563,0.476,0.463,0.556,0.47,0.522,0.586,0.53,0.588,0.534,0.495,0.517
군산시,삼학동,40,홈&리빙,0.018,0.042,0.004,0.02,0.009,0.014,0.038,0.027,0.02,0.025,0.027,0.026,0.019,0.021,0.017,0.023,0.023,0.037,0.026,0.042,0.052,0.005,0.006,0.014,0.022,0.042,0.014,0.018,0.023,0.016,0.008,0.012,0.011,0.012,0.014,0.007,0.018,0.029,0.026,0.044,0.033,0.02,0.016,0.014,0.014,0.025,0.026,0.007,0.031,0.033,0.01,0.007,0.02,0.042,0.019,0.075,0.017,0.011,0.049,0.285,0.024,0.026,0.048,0.011,0.023,0.014,0.011,0.027,0.021,0.004,0.063,0.008,0.006,0.022,0.016,0.01,0.007,0.019,0.113,0.034,0.02,0.006,0.021,0.02,0.01,0.138,0.029,0.029,0.026,0.006
군산시,삼학동,50,헬스&뷰티,0.041,0.114,0.052,0.046,0.065,0.019,0.07,0.014,0.019,0.059,0.058,0.013,0.008,0.075,0.036,0.016,0.01,0.065,0.029,0.027,0.047,0.02,0.051,0.003,0.035,0.009,0.016,0.058,0.035,0.082,0.062,0.052,0.022,0.027,0.022,0.014,0.039,0.02,0.036,0.044,0.046,0.052,0.043,0.013,0.042,0.04,0.021,0.025,0.016,0.088,0.035,0.023,0.013,0.047,0.04,0.07,0.012,0.032,0.032,0.055,0.026,0.057,0.036,0.029,0.033,0.033,0.05,0.032,0.024,0.02,0.014,0.02,0.017,0.029,0.042,0.005,0.049,0.028,0.032,0.021,0.044,0.014,0.028,0.049,0.023,0.028,0.023,0.04,0.046,0.05
군산시,삼학동,60,취미&여가활동,0.039,0.06,0.009,0.051,0.048,0.014,0.024,0.018,0.021,0.019,0.059,0.035,0.017,0.016,0.006,0.045,0.034,0.052,0.002,0.01,0.038,0.038,0.028,0.038,0.023,0.012,0.032,0.01,0.026,0.043,0.053,0.043,0.048,0.032,0.017,0.01,0.017,0.05,0.002,0.006,0.106,0.047,0.124,0.089,0.005,0.012,0.041,0.012,0.061,0.031,0.03,0.023,0.076,0.007,0.006,0.021,0.019,0.029,0.04,0,0.044,0.037,0.005,0.02,0.06,0.039,0.072,0.002,0.021,0.042,0.001,0.089,0.007,0.024,0.021,0.114,0.02,0.01,0.009,0.026,0.043,0.021,0.051,0.026,0.047,0.016,0.038,0.03,0.017,0.019
군산시,소룡동,10,식사,0.477,0.452,0.462,0.573,0.544,0.585,0.604,0.578,0.519,0.483,0.501,0.518,0.549,0.521,0.584,0.455,0.472,0.544,0.508,0.492,0.519,0.531,0.442,0.413,0.502,0.532,0.535,0.586,0.556,0.442,0.431,0.542,0.472,0.52,0.497,0.548,0.486,0.486,0.537,0.527,0.54,0.41,0.343,0.362,0.361,0.518,0.494,0.523,0.52,0.509,0.43,0.37,0.455,0.531,0.424,0.498,0.498,0.402,0.394,0.469,0.502,0.506,0.473,0.468,0.431,0.437,0.473,0.505,0.485,0.492,0.512,0.469,0.363,0.431,0.491,0.499,0.458,0.474,0.424,0.427,0.497,0.481,0.473,0.5,0.445,0.442,0.405,0.497,0.474,0.434
군산시,소룡동,20,간식,0.32,0.306,0.301,0.236,0.211,0.197,0.297,0.27,0.281,0.277,0.24,0.242,0.22,0.239,0.214,0.299,0.293,0.285,0.22,0.255,0.23,0.272,0.26,0.305,0.225,0.249,0.239,0.218,0.26,0.306,0.281,0.202,0.28,0.25,0.264,0.244,0.264,0.286,0.273,0.293,0.26,0.35,0.342,0.352,0.431,0.304,0.268,0.311,0.252,0.246,0.292,0.306,0.274,0.23,0.271,0.257,0.239,0.281,0.324,0.285,0.235,0.264,0.272,0.251,0.279,0.307,0.273,0.233,0.236,0.212,0.27,0.385,0.531,0.296,0.263,0.248,0.242,0.255,0.311,0.305,0.255,0.239,0.223,0.236,0.251,0.264,0.323,0.226,0.247,0.205
군산시,소룡동,30,마실거리,0.652,0.694,0.691,0.648,0.693,0.666,0.558,0.56,0.642,0.661,0.7,0.675,0.652,0.722,0.648,0.66,0.704,0.582,0.68,0.705,0.703,0.652,0.695,0.743,0.699,0.668,0.688,0.604,0.625,0.683,0.733,0.685,0.664,0.662,0.706,0.66,0.689,0.672,0.647,0.636,0.657,0.655,0.729,0.716,0.628,0.607,0.693,0.571,0.651,0.656,0.73,0.763,0.736,0.696,0.755,0.684,0.73,0.727,0.691,0.661,0.712,0.694,0.705,0.74,0.731,0.713,0.723,0.74,0.741,0.749,0.656,0.627,0.561,0.739,0.686,0.712,0.748,0.73,0.695,0.7,0.694,0.753,0.79,0.725,0.76,0.717,0.713,0.727,0.77,0.828
군산시,소룡동,40,홈&리빙,0.032,0.029,0.041,0.029,0.022,0.017,0.018,0.035,0.032,0.022,0.02,0.034,0.05,0.014,0.027,0.02,0.013,0.022,0.049,0.012,0.023,0.018,0.027,0.024,0.027,0.038,0.031,0.044,0.026,0.049,0.027,0.032,0.035,0.028,0.015,0.034,0.031,0.021,0.032,0.014,0.032,0.028,0.036,0.028,0.029,0.029,0.015,0.039,0.029,0.015,0.036,0.035,0.014,0.022,0.023,0.03,0.02,0.035,0.048,0.055,0.017,0.029,0.031,0.03,0.029,0.019,0.03,0.016,0.015,0.017,0.04,0.018,0.022,0.014,0.029,0.031,0.031,0.021,0.051,0.034,0.025,0.016,0.014,0.017,0.02,0.047,0.025,0.028,0.019,0.02
군산시,소룡동,50,헬스&뷰티,0.014,0.014,0.009,0.028,0.023,0.031,0.025,0.026,0.015,0.039,0.053,0.023,0.039,0.01,0.021,0.035,0.006,0.023,0.032,0.036,0.034,0.029,0.061,0.021,0.029,0.025,0.015,0.028,0.022,0.028,0.028,0.032,0.035,0.018,0.029,0.028,0.029,0.028,0.024,0.016,0.024,0.033,0.027,0.023,0.031,0.039,0.037,0.023,0.041,0.032,0.029,0.021,0.022,0.013,0.025,0.031,0.021,0.032,0.045,0.028,0.037,0.02,0.022,0.019,0.023,0.021,0.016,0.017,0.041,0.024,0.016,0.014,0.031,0.024,0.038,0.03,0.027,0.028,0.015,0.031,0.029,0.019,0.016,0.03,0.03,0.029,0.028,0.019,0.012,0.015
군산시,소룡동,60,취미&여가활동,0.034,0.034,0.024,0.016,0.036,0.033,0.026,0.06,0.04,0.048,0.015,0.037,0.018,0.023,0.034,0.058,0.041,0.072,0.04,0.028,0.02,0.028,0.043,0.024,0.048,0.016,0.021,0.048,0.04,0.021,0.029,0.036,0.043,0.051,0.018,0.016,0.03,0.036,0.015,0.043,0.016,0.053,0.051,0.047,0.049,0.031,0.022,0.062,0.035,0.071,0.012,0.035,0.028,0.037,0.03,0.029,0.02,0.052,0.027,0.03,0.026,0.017,0.026,0.021,0.036,0.031,0.013,0.017,0.011,0.035,0.036,0.016,0.021,0.024,0.023,0.009,0.023,0.022,0.032,0.032,0.029,0.021,0.013,0.022,0.022,0.029,0.035,0.031,0.008,0.027
군산시,수송동,10,식사,0.352,0.361,0.405,0.399,0.403,0.383,0.462,0.381,0.364,0.4,0.399,0.386,0.426,0.411,0.366,0.367,0.385,0.439,0.385,0.39,0.4,0.406,0.366,0.347,0.455,0.491,0.404,0.421,0.402,0.355,0.356,0.434,0.432,0.412,0.453,0.371,0.333,0.35,0.47,0.351,0.377,0.323,0.259,0.272,0.222,0.358,0.376,0.438,0.396,0.363,0.345,0.333,0.4,0.377,0.381,0.353,0.377,0.304,0.333,0.39,0.382,0.414,0.395,0.371,0.335,0.385,0.426,0.389,0.383,0.39,0.335,0.271,0.229,0.36,0.373,0.384,0.375,0.384,0.369,0.4,0.396,0.377,0.398,0.414,0.39,0.367,0.402,0.431,0.381,0.398
군산시,수송동,20,간식,0.281,0.259,0.234,0.252,0.305,0.306,0.285,0.296,0.275,0.258,0.311,0.294,0.295,0.277,0.291,0.286,0.27,0.277,0.293,0.29,0.259,0.266,0.252,0.277,0.247,0.257,0.28,0.26,0.288,0.282,0.251,0.252,0.305,0.359,0.283,0.345,0.287,0.289,0.302,0.343,0.293,0.268,0.302,0.399,0.575,0.332,0.323,0.273,0.282,0.305,0.262,0.254,0.279,0.312,0.297,0.3,0.256,0.279,0.271,0.291,0.311,0.273,0.309,0.316,0.318,0.268,0.292,0.335,0.29,0.303,0.405,0.459,0.637,0.386,0.321,0.289,0.296,0.306,0.259,0.293,0.296,0.271,0.281,0.272,0.264,0.254,0.26,0.264,0.241,0.26
군산시,수송동,30,마실거리,0.519,0.551,0.531,0.532,0.469,0.494,0.456,0.498,0.551,0.506,0.475,0.493,0.474,0.496,0.524,0.525,0.546,0.473,0.51,0.531,0.484,0.52,0.573,0.574,0.485,0.441,0.504,0.514,0.491,0.54,0.554,0.5,0.461,0.427,0.478,0.482,0.571,0.533,0.43,0.495,0.494,0.562,0.574,0.495,0.385,0.499,0.484,0.484,0.476,0.523,0.575,0.561,0.496,0.503,0.514,0.509,0.561,0.586,0.573,0.507,0.48,0.488,0.47,0.512,0.55,0.528,0.507,0.474,0.533,0.503,0.441,0.443,0.336,0.456,0.485,0.501,0.503,0.52,0.536,0.494,0.517,0.556,0.524,0.508,0.518,0.53,0.532,0.498,0.562,0.557
군산시,수송동,40,홈&리빙,0.022,0.025,0.022,0.024,0.019,0.025,0.027,0.032,0.015,0.025,0.02,0.025,0.024,0.017,0.019,0.028,0.02,0.011,0.02,0.017,0.049,0.013,0.013,0.009,0.016,0.025,0.024,0.024,0.025,0.018,0.016,0.018,0.012,0.022,0.012,0.017,0.027,0.017,0.012,0.016,0.025,0.024,0.031,0.017,0.031,0.023,0.022,0.022,0.02,0.018,0.021,0.027,0.03,0.014,0.014,0.051,0.016,0.016,0.017,0.037,0.035,0.025,0.025,0.019,0.016,0.012,0.015,0.017,0.024,0.017,0.014,0.02,0.017,0.023,0.016,0.024,0.013,0.013,0.046,0.018,0.01,0.016,0.018,0.014,0.013,0.039,0.015,0.02,0.016,0.013
군산시,수송동,50,헬스&뷰티,0.028,0.039,0.037,0.036,0.033,0.035,0.008,0.023,0.035,0.019,0.033,0.025,0.017,0.03,0.033,0.022,0.014,0.029,0.033,0.016,0.01,0.032,0.035,0.027,0.029,0.02,0.021,0.017,0.025,0.031,0.038,0.023,0.019,0.021,0.018,0.012,0.021,0.038,0.018,0.024,0.031,0.031,0.027,0.03,0.017,0.024,0.032,0.02,0.042,0.027,0.028,0.044,0.031,0.024,0.017,0.022,0.026,0.048,0.041,0.026,0.033,0.027,0.037,0.03,0.023,0.04,0.015,0.03,0.019,0.021,0.029,0.025,0.021,0.02,0.036,0.023,0.018,0.026,0.024,0.034,0.029,0.019,0.019,0.027,0.034,0.021,0.033,0.031,0.032,0.016
군산시,수송동,60,취미&여가활동,0.054,0.021,0.028,0.014,0.026,0.013,0.018,0.027,0.015,0.048,0.019,0.032,0.02,0.025,0.024,0.03,0.021,0.027,0.015,0.012,0.053,0.019,0.017,0.022,0.024,0.023,0.023,0.02,0.026,0.03,0.04,0.028,0.027,0.015,0.013,0.029,0.018,0.029,0.023,0.027,0.035,0.047,0.063,0.044,0.026,0.021,0.018,0.02,0.041,0.019,0.026,0.038,0.02,0.026,0.032,0.021,0.021,0.023,0.021,0.005,0.014,0.029,0.021,0.008,0.014,0.024,0.002,0.011,0.007,0.021,0.032,0.039,0.016,0.012,0.026,0.034,0.051,0.008,0.021,0.017,0.009,0.017,0.015,0.021,0.038,0.045,0.015,0.012,0.025,0.011
군산시,옥산면,10,식사,0.175,0.213,0.204,0.164,0.222,0.233,0.238,0.214,0.199,0.175,0.194,0.258,0.242,0.191,0.179,0.143,0.127,0.234,0.221,0.196,0.276,0.201,0.184,0.18,0.205,0.169,0.23,0.186,0.241,0.191,0.272,0.283,0.173,0.235,0.257,0.289,0.184,0.167,0.225,0.245,0.183,0.14,0.073,0.097,0.221,0.249,0.207,0.268,0.188,0.156,0.186,0.19,0.248,0.144,0.237,0.243,0.234,0.187,0.156,0.257,0.273,0.193,0.257,0.195,0.164,0.159,0.164,0.252,0.148,0.203,0.139,0.201,0.138,0.208,0.249,0.198,0.265,0.219,0.193,0.212,0.226,0.192,0.246,0.159,0.21,0.147,0.207,0.2,0.254,0.21
군산시,옥산면,20,간식,0.107,0.127,0.19,0.092,0.057,0.125,0.072,0.107,0.076,0.145,0.056,0.073,0.05,0.1,0.061,0.163,0.118,0.008,0.095,0.088,0.124,0.08,0.096,0.133,0.079,0.132,0.103,0.047,0.116,0.124,0.133,0.109,0.107,0.084,0.101,0.073,0.086,0.137,0.073,0.056,0.097,0.174,0.195,0.194,0.152,0.057,0.137,0.103,0.079,0.07,0.067,0.101,0.054,0.079,0.071,0.109,0.114,0.158,0.144,0.133,0.082,0.058,0.1,0.06,0.073,0.123,0.091,0.103,0.047,0.143,0.128,0.081,0.247,0.09,0.07,0.111,0.105,0.069,0.158,0.112,0.056,0.112,0.054,0.076,0.078,0.116,0.066,0.057,0.084,0.06
군산시,옥산면,30,마실거리,0.513,0.455,0.42,0.581,0.475,0.474,0.404,0.355,0.483,0.433,0.543,0.46,0.494,0.501,0.493,0.514,0.501,0.441,0.489,0.476,0.398,0.497,0.44,0.451,0.5,0.455,0.437,0.532,0.429,0.473,0.406,0.39,0.494,0.475,0.451,0.442,0.486,0.508,0.534,0.518,0.526,0.442,0.481,0.436,0.429,0.481,0.463,0.451,0.434,0.55,0.532,0.519,0.492,0.533,0.516,0.492,0.458,0.467,0.451,0.428,0.466,0.561,0.476,0.56,0.571,0.528,0.542,0.455,0.604,0.494,0.499,0.498,0.441,0.539,0.506,0.518,0.44,0.486,0.455,0.448,0.531,0.493,0.47,0.586,0.556,0.549,0.437,0.53,0.479,0.558
군산시,옥산면,40,홈&리빙,0.015,0.032,0.027,0.012,0.062,0.009,0.013,0.127,0.016,0.01,0.012,0.012,0.01,0.021,0.034,0.029,0.047,0.009,0.019,0.05,0.033,0.017,0.035,0.004,0.017,0.042,0.038,0.03,0.055,0.017,0.006,0.004,0.009,0.019,0.013,0.02,0.008,0.007,0.002,0.009,0.017,0.014,0.011,0.047,0.016,0.028,0.015,0.001,0.007,0.021,0.005,0.016,0.019,0.006,0.006,0.004,0.021,0.03,0.037,0.006,0.005,0.009,0.004,0.02,0.034,0.007,0.005,0.002,0.031,0.002,0.014,0.005,0.002,0.006,0.005,0.012,0.019,0.034,0.018,0.017,0.009,0.04,0.017,0.004,0.004,0.004,0.031,0.002,0.016,0.016
군산시,옥산면,50,헬스&뷰티,0.014,0.022,0,0,0.013,0,0.103,0,0.008,0.02,0.032,0,0.021,0,0.042,0,0.026,0.005,0.004,0.019,0.011,0.034,0.008,0.016,0,0.04,0.008,0.024,0,0.022,0,0.042,0.003,0.024,0.026,0.013,0.034,0.017,0.015,0.021,0.01,0.022,0.012,0.021,0.017,0.031,0.011,0,0.016,0.019,0.017,0.023,0.011,0.081,0.018,0,0.008,0.003,0.012,0.025,0.008,0.019,0.004,0,0.007,0.009,0.019,0.01,0.014,0.006,0.049,0.033,0.015,0,0.019,0,0.008,0.016,0.019,0.021,0.026,0.011,0.012,0.02,0,0.012,0.013,0.016,0.005,0.004
군산시,옥산면,60,취미&여가활동,0.025,0,0.007,0,0.019,0.009,0.018,0.046,0.067,0.066,0.011,0.045,0.031,0.035,0.039,0,0.029,0.151,0.02,0.02,0.008,0.02,0.086,0.064,0.048,0.01,0.032,0.029,0.008,0.023,0.031,0.021,0.063,0.012,0,0.012,0.051,0.013,0,0,0.015,0.057,0.077,0.054,0.014,0.003,0.015,0.025,0.125,0.033,0.041,0,0.024,0.005,0,0,0.013,0.003,0.048,0,0.014,0.01,0.008,0.014,0,0.022,0.028,0.026,0.005,0,0.019,0.03,0.005,0.006,0,0.01,0.012,0.024,0.006,0.039,0,0,0.051,0.003,0,0.02,0.094,0.043,0.011,0
군산시,월명동,10,식사,0.16,0.155,0.171,0.211,0.265,0.211,0.274,0.205,0.211,0.173,0.218,0.189,0.201,0.183,0.171,0.198,0.167,0.162,0.227,0.204,0.161,0.248,0.235,0.152,0.2,0.232,0.458,0.191,0.2,0.158,0.171,0.191,0.215,0.197,0.194,0.219,0.131,0.191,0.199,0.234,0.174,0.15,0.112,0.155,0.117,0.165,0.158,0.19,0.133,0.218,0.131,0.144,0.179,0.147,0.166,0.136,0.157,0.139,0.148,0.081,0.165,0.211,0.162,0.196,0.138,0.171,0.156,0.155,0.177,0.135,0.125,0.148,0.138,0.092,0.143,0.175,0.204,0.181,0.16,0.145,0.159,0.177,0.22,0.232,0.222,0.124,0.188,0.195,0.206,0.172
군산시,월명동,20,간식,0.095,0.091,0.055,0.11,0.112,0.105,0.081,0.103,0.137,0.076,0.078,0.073,0.104,0.096,0.13,0.112,0.072,0.11,0.054,0.072,0.047,0.081,0.121,0.137,0.068,0.062,0.025,0.079,0.069,0.13,0.098,0.099,0.104,0.088,0.092,0.091,0.115,0.111,0.085,0.088,0.106,0.083,0.122,0.088,0.229,0.097,0.112,0.095,0.058,0.067,0.098,0.09,0.102,0.049,0.104,0.088,0.072,0.073,0.118,0.082,0.087,0.053,0.104,0.121,0.097,0.084,0.072,0.099,0.082,0.107,0.142,0.168,0.169,0.148,0.088,0.091,0.095,0.086,0.102,0.129,0.086,0.074,0.059,0.095,0.079,0.108,0.086,0.109,0.076,0.085
군산시,월명동,30,마실거리,0.322,0.333,0.375,0.279,0.266,0.331,0.256,0.295,0.262,0.354,0.318,0.346,0.336,0.349,0.329,0.287,0.353,0.331,0.325,0.302,0.377,0.304,0.282,0.334,0.317,0.294,0.165,0.317,0.282,0.334,0.338,0.315,0.311,0.309,0.348,0.312,0.386,0.307,0.323,0.302,0.324,0.351,0.356,0.312,0.244,0.364,0.316,0.31,0.393,0.343,0.375,0.376,0.327,0.432,0.35,0.291,0.355,0.37,0.348,0.254,0.354,0.323,0.339,0.308,0.356,0.307,0.404,0.343,0.34,0.359,0.282,0.296,0.238,0.311,0.385,0.327,0.314,0.339,0.338,0.317,0.362,0.388,0.316,0.306,0.337,0.262,0.328,0.309,0.336,0.375
군산시,월명동,40,홈&리빙,0.012,0.011,0.022,0.019,0.001,0.005,0.024,0.013,0.008,0.002,0.036,0.012,0.013,0.008,0.005,0.018,0.016,0.006,0.016,0.023,0.037,0.007,0.01,0.007,0.028,0.042,0.003,0.044,0.047,0.01,0.012,0.009,0.004,0.041,0.011,0.011,0.013,0.013,0.011,0.02,0.012,0.008,0.011,0.023,0.038,0.016,0.024,0.025,0.003,0.01,0.011,0.009,0.009,0.013,0.016,0.029,0.013,0.004,0.011,0.186,0.012,0.034,0.021,0.004,0.021,0.01,0.007,0.017,0.029,0.03,0.015,0.023,0.003,0.006,0.01,0.014,0.017,0.002,0.023,0.023,0.022,0.011,0.019,0.003,0.006,0.122,0.019,0.007,0.015,0.004
군산시,월명동,50,헬스&뷰티,0.036,0.052,0.008,0.011,0.014,0.006,0.016,0.019,0.027,0.014,0.004,0.01,0.001,0.007,0.008,0.032,0.022,0.022,0.017,0.013,0.024,0.017,0.009,0.013,0.045,0.004,0.004,0.005,0.024,0.018,0.025,0.038,0.02,0.021,0.013,0.007,0.013,0.007,0.03,0.014,0.035,0.037,0.01,0.012,0.005,0.015,0.014,0.026,0.037,0.001,0.021,0.015,0.02,0.012,0.003,0.01,0.041,0.033,0.031,0.041,0.021,0.015,0.025,0.023,0.023,0.021,0.01,0.03,0.027,0.019,0.012,0.018,0.026,0.001,0.032,0.021,0.005,0.037,0.025,0.033,0.025,0.008,0.025,0.017,0.016,0.027,0.024,0.022,0.012,0.011
군산시,월명동,60,취미&여가활동,0.032,0.017,0.026,0.028,0,0,0.008,0.023,0.013,0.038,0.003,0.028,0.003,0.015,0.014,0.011,0.027,0.026,0.019,0.043,0.01,0.001,0,0.015,0,0.022,0.002,0.021,0.035,0.007,0.014,0.005,0.004,0.002,0,0.018,0,0.028,0.009,0.001,0.006,0.028,0.046,0.067,0.025,0.002,0.033,0.012,0.033,0.02,0.021,0.024,0.02,0.004,0.02,0.104,0.018,0.039,0.002,0.014,0.018,0.022,0.006,0.005,0.023,0.064,0.008,0.014,0.003,0.007,0.082,0.004,0.084,0.099,0,0.029,0.023,0.012,0.009,0.011,0.004,0,0.018,0.004,-0.002,0.014,0.013,0.016,0.012,0.011
군산시,임피면,10,식사,0,0,0,0,0,0,0,0,0,0,0,0,0,0,0,0,0,0,0,0,0,0,0,0,0,0,0,0,0,0,0,0,0,0,0,0,0,0,0,0,0,0,0,0,0,0,0,0,0,0,0,0,0,0,0,0,0,0,0,0,0,0,0,0,0,0,0,0,0,0,0,0,0,0,0,0,0,0,0,0,0,0,0,0,0,0,0,0,0,0
군산시,임피면,20,간식,0,0,0,0,0,0,0,0,0,0,0,0,0,0,0,0,0,0,0,0,0,0,0,0,0,0,0,0,0,0,0,0,0,0,0,0,0,0,0,0,0,0,0,0,0,0,0,0,0,0,0,0,0,0,0,0,0,0,0,0,0,0,0,0,0,0,0,0,0,0,0,0,0,0,0,0,0,0,0,0,0,0,0,0,0,0,0,0,0,0
군산시,임피면,30,마실거리,0,0,0,0,0,0,0,0,0,0,0,0,0,0,0,0,0,0,0,0,0,0,0,0,0,0,0,0,0,0,0,0,0,0,0,0,0,0,0,0,0,0,0,0,0,0,0,0,0,0,0,0,0,0,0,0,0,0,0,0,0,0,0,0,0,0,0,0,0,0,0,0,0,0,0,0,0,0,0,0,0,0,0,0,0,0,0,0,0,0
군산시,임피면,40,홈&리빙,0,0,0,0,0,0,0,0,0,0,0,0,0,0,0,0,0,0,0,0,0,0,0,0,0,0,0,0,0,0,0,0,0,0,0,0,0,0,0,0,0,0,0,0,0,0,0,0,0,0,0,0,0,0,0,0,0,0,0,0,0,0,0,0,0,0,0,0,0,0,0,0,0,0,0,0,0,0,0,0,0,0,0,0,0,0,0,0,0,0
군산시,임피면,50,헬스&뷰티,0,0,0,0,0,0,0,0,0,0,0,0,0,0,0,0,0,0,0,0,0,0,0,0,0,0,0,0,0,0,0,0,0,0,0,0,0,0,0,0,0,0,0,0,0,0,0,0,0,0,0,0,0,0,0,0,0,0,0,0,0,0,0,0,0,0,0,0,0,0,0,0,0,0,0,0,0,0,0,0,0,0,0,0,0,0,0,0,0,0
군산시,임피면,60,취미&여가활동,0,0,0,0,0,0,0,0,0,0,0,0,0,0,0,0,0,0,0,0,0,0,0,0,0,0,0,0,0,0,0,0,0,0,0,0,0,0,0,0,0,0,0,0,0,0,0,0,0,0,0,0,0,0,0,0,0,0,0,0,0,0,0,0,0,0,0,0,0,0,0,0,0,0,0,0,0,0,0,0,0,0,0,0,0,0,0,0,0,0
군산시,조촌동,10,식사,0.537,0.443,0.501,0.556,0.546,0.49,0.596,0.575,0.455,0.47,0.514,0.53,0.453,0.476,0.475,0.479,0.477,0.56,0.478,0.285,0.494,0.483,0.458,0.467,0.534,0.474,0.469,0.487,0.463,0.469,0.455,0.558,0.482,0.49,0.478,0.398,0.423,0.439,0.481,0.569,0.418,0.33,0.38,0.331,0.304,0.476,0.477,0.494,0.478,0.506,0.438,0.428,0.477,0.498,0.454,0.461,0.48,0.431,0.46,0.46,0.469,0.472,0.455,0.456,0.406,0.497,0.451,0.465,0.474,0.446,0.386,0.33,0.266,0.412,0.445,0.451,0.42,0.426,0.395,0.419,0.455,0.466,0.475,0.412,0.473,0.438,0.475,0.464,0.486,0.39
군산시,조촌동,20,간식,0.241,0.25,0.248,0.192,0.229,0.24,0.256,0.235,0.312,0.34,0.258,0.243,0.236,0.257,0.274,0.256,0.287,0.272,0.24,0.162,0.23,0.247,0.258,0.264,0.277,0.227,0.25,0.237,0.314,0.253,0.207,0.272,0.281,0.28,0.277,0.459,0.306,0.265,0.271,0.291,0.337,0.305,0.269,0.372,0.565,0.273,0.277,0.262,0.278,0.261,0.279,0.262,0.317,0.263,0.289,0.282,0.198,0.261,0.3,0.264,0.262,0.281,0.324,0.312,0.311,0.273,0.268,0.323,0.283,0.351,0.368,0.478,0.695,0.39,0.312,0.264,0.241,0.305,0.363,0.277,0.323,0.258,0.219,0.28,0.216,0.252,0.255,0.261,0.206,0.31
군산시,조촌동,30,마실거리,0.511,0.584,0.565,0.549,0.538,0.558,0.466,0.486,0.547,0.529,0.498,0.525,0.598,0.575,0.559,0.58,0.541,0.499,0.607,0.292,0.522,0.601,0.561,0.571,0.517,0.528,0.595,0.56,0.534,0.558,0.573,0.502,0.535,0.514,0.566,0.457,0.575,0.559,0.541,0.464,0.549,0.551,0.597,0.532,0.382,0.541,0.573,0.545,0.584,0.565,0.588,0.602,0.517,0.584,0.566,0.574,0.599,0.589,0.521,0.533,0.584,0.556,0.542,0.567,0.577,0.549,0.552,0.511,0.555,0.544,0.473,0.482,0.325,0.491,0.522,0.593,0.63,0.564,0.535,0.601,0.529,0.564,0.63,0.622,0.63,0.562,0.583,0.601,0.635,0.607
군산시,조촌동,40,홈&리빙,0.021,0.02,0.014,0.023,0.022,0.024,0.019,0.029,0.018,0.031,0.029,0.03,0.014,0.021,0.022,0.03,0.032,0.038,0.02,0.006,0.08,0.016,0.008,0.018,0.019,0.089,0.024,0.023,0.019,0.021,0.034,0.014,0.029,0.024,0.016,0.021,0.023,0.038,0.016,0.027,0.017,0.021,0.023,0.014,0.038,0.016,0.028,0.013,0.013,0.028,0.017,0.022,0.026,0.013,0.017,0.034,0.013,0.031,0.011,0.035,0.025,0.018,0.032,0.011,0.019,0.024,0.026,0.015,0.024,0.014,0.025,0.008,0.014,0.017,0.019,0.031,0.02,0.032,0.033,0.019,0.019,0.02,0.015,0.016,0.02,0.074,0.022,0.015,0.019,0.024
군산시,조촌동,50,헬스&뷰티,0.044,0.045,0.022,0.051,0.031,0.064,0.031,0.032,0.046,0.015,0.039,0.054,0.084,0.038,0.042,0.028,0.035,0.016,0.03,0.012,0.043,0.035,0.057,0.038,0.029,0.046,0.043,0.061,0.038,0.035,0.071,0.02,0.038,0.042,0.045,0.026,0.043,0.058,0.039,0.02,0.048,0.048,0.075,0.036,0.055,0.056,0.027,0.033,0.028,0.023,0.037,0.046,0.039,0.012,0.048,0.019,0.041,0.048,0.062,0.079,0.047,0.017,0.027,0.029,0.047,0.039,0.03,0.044,0.046,0.018,0.044,0.044,0.032,0.022,0.027,0.015,0.042,0.053,0.039,0.05,0.037,0.026,0.022,0.059,0.032,0.048,0.04,0.029,0.038,0.038
군산시,조촌동,60,취미&여가활동,0.04,0.052,0.045,0.025,0.029,0.019,0.028,0.038,0.018,0.011,0.057,0.013,0.009,0.028,0.023,0.022,0.023,0.011,0.021,0.638,0.026,0.014,0.053,0.037,0.019,0.032,0.014,0.027,0.026,0.06,0.054,0.029,0.031,0.044,0.013,0.033,0.026,0.036,0.046,0.024,0.026,0.14,0.051,0.111,0.05,0.034,0.013,0.049,0.013,0.013,0.035,0.035,0.019,0.025,0.021,0.025,0.063,0.035,0.041,0.024,0.007,0.051,0.016,0.019,0.035,0.013,0.068,0.037,0.014,0.022,0.099,0.051,0.063,0.062,0.069,0.041,0.041,0.016,0.03,0.028,0.031,0.06,0.033,0.006,0.024,0.021,0.02,0.024,0.012,0.025
군산시,흥남동,10,식사,0.405,0.443,0.45,0.618,0.709,0.628,0.653,0.673,0.463,0.566,0.655,0.423,0.576,0.476,0.541,0.456,0.514,0.631,0.546,0.661,0.557,0.576,0.636,0.41,0.524,0.603,0.497,0.451,0.676,0.545,0.503,0.578,0.527,0.515,0.632,0.528,0.424,0.488,0.587,0.519,0.486,0.36,0.288,0.336,0.309,0.68,0.501,0.546,0.598,0.537,0.463,0.396,0.561,0.689,0.559,0.5,0.424,0.479,0.446,0.438,0.618,0.62,0.434,0.477,0.436,0.523,0.471,0.553,0.531,0.694,0.492,0.35,0.276,0.61,0.588,0.685,0.582,0.649,0.493,0.525,0.584,0.482,0.687,0.605,0.566,0.624,0.453,0.567,0.584,0.485
군산시,흥남동,20,간식,0.647,0.674,0.563,0.411,0.419,0.505,0.451,0.5,0.612,0.44,0.427,0.431,0.444,0.471,0.469,0.544,0.506,0.43,0.487,0.431,0.5,0.493,0.545,0.477,0.557,0.425,0.508,0.514,0.427,0.581,0.534,0.388,0.535,0.46,0.452,0.548,0.548,0.427,0.621,0.656,0.527,0.561,0.544,0.775,0.903,0.365,0.602,0.593,0.574,0.477,0.534,0.361,0.594,0.368,0.582,0.574,0.532,0.608,0.449,0.402,0.446,0.491,0.521,0.593,0.501,0.424,0.524,0.397,0.401,0.352,0.643,0.747,0.966,0.513,0.447,0.528,0.365,0.389,0.46,0.428,0.501,0.448,0.35,0.342,0.537,0.419,0.5,0.605,0.432,0.381
군산시,흥남동,30,마실거리,0.839,0.806,0.892,0.855,0.845,0.863,0.856,0.754,0.885,0.966,0.809,1.061,0.937,1.011,0.949,0.917,0.952,0.934,0.917,0.871,0.838,0.869,0.758,1.017,0.863,0.851,0.894,1.029,0.776,0.821,0.943,0.968,0.84,1.015,0.79,0.862,0.961,0.997,0.749,0.747,0.956,1.016,1.114,0.881,0.728,0.851,0.829,0.795,0.784,0.949,0.906,1.203,0.824,0.855,0.767,0.861,1.038,0.907,0.977,1.048,0.868,0.739,0.934,0.918,1.028,1.041,0.945,1.029,0.88,0.952,0.707,0.769,0.695,0.771,0.907,0.744,0.948,0.908,1.032,1.065,0.854,0.99,0.893,0.972,0.894,0.852,0.997,0.858,0.912,1.131
군산시,흥남동,40,홈&리빙,0.032,0.079,0.038,0.041,0.019,0.021,0.043,0.06,0.022,0.018,0.034,0.025,0.039,0.046,0.056,0.033,0.034,0.033,0.037,0.045,0.079,0.028,0.017,0.035,0.023,0.065,0.023,0.022,0.043,0.053,0.045,0.037,0.069,0.013,0.079,0.014,0.05,0.085,0.059,0.037,0.022,0.026,0.037,0.018,0.025,0.023,0.039,0.02,0.006,0.017,0.051,0.033,0.029,0.021,0.029,0.086,0.017,0.014,0.039,0.103,0.013,0.039,0.049,0.026,0.039,0.014,0.025,0.026,0.049,0.012,0.055,0.062,0.008,0.039,0.01,0.035,0.056,0.023,0.052,0.009,0.007,0.043,0.004,0.033,0.03,0.1,0.043,0.013,0.048,0.014
군산시,흥남동,50,헬스&뷰티,0.116,0.043,0.061,0.101,0.009,0,0.015,0.036,0.072,0.026,0.028,0.082,0.014,0.038,0.01,0.04,0.039,0.025,0.019,0.02,0.035,0.062,0.076,0.056,0.028,0.057,0.075,0.013,0.072,0.052,0.02,0.04,0.005,0.029,0.055,0.055,0.021,0.032,0.028,0.022,0.06,0.042,0.014,0.021,0.012,0.068,0.019,0.044,0.059,0.062,0.053,0.042,0.034,0.049,0.032,0.021,0.014,0.035,0.12,0.035,0.015,0,0.036,0.026,0.03,0.034,0.06,0.039,0.03,0.04,0.065,0.072,0.027,0.08,0.04,0.005,0.089,0.059,0.009,0.016,0.024,0.021,0.062,0.043,0.009,0.035,0.062,0.007,0.045,0.031
군산시,흥남동,60,취미&여가활동,0.015,0.009,0.049,0.028,0.053,0.037,0.036,0.031,0,0.038,0.1,0.032,0.043,0.011,0.029,0.063,0.009,0,0.048,0.027,0.044,0.026,0.023,0.058,0.059,0.053,0.057,0.024,0.059,0.002,0.009,0.043,0.077,0.022,0.046,0.046,0.05,0.025,0.01,0.074,0.003,0.048,0.057,0.022,0.077,0.068,0.064,0.055,0.032,0.012,0.046,0.019,0.013,0.071,0.085,0.012,0.028,0.01,0.022,0.028,0.094,0.165,0.079,0.013,0.019,0.018,0.029,0.01,0.163,0.002,0.091,0.052,0.082,0.042,0.062,0.056,0.014,0.025,0.008,0.011,0.084,0.069,0.057,0.058,0.018,0.022,0,0.003,0.033,0.011
