LGBM,GBR,RFR
0.16490964438947256,0.14039963236078384,0.2432421489708883
-0.4915939116694228,-0.5535601970961292,-0.8225534458203171
-0.5039253946154677,-0.5535601970961292,-0.8225534458203171
1.0837375049137226,0.40104595821355377,0.4520541269496736
-0.4889325957268027,-0.15217839626630744,-0.1937862033286338
0.6517393135556894,0.40104595821355377,0.4520541269496736
-0.37979995874153066,-0.4634507593152545,-0.718122315019199
-0.007701850561775858,0.2278561933287242,0.26772900026664403
0.1495088452318127,0.17713598179815893,0.32516025826746664
0.5824007517239839,0.31358939724561335,0.4520541269496736
-0.4945585579494268,-0.5081038285062545,-0.8225534458203171
-0.038663988417784734,0.2278561933287242,0.26772900026664403
0.7886646573182141,0.27498642376810434,0.3210424680204689
-0.2471513524309687,0.003946216913329399,0.14083513158443703
0.41855945400023,0.17713598179815893,0.32516025826746664
-0.08331222783133843,0.17713598179815893,0.32516025826746664
0.04593434051856622,0.14039963236078384,0.2432421489708883
0.6579063304106636,0.31358939724561335,0.42756727565391794
-0.06155564127521722,0.17713598179815893,0.32516025826746664
-0.7604759045789814,-0.6134317695193575,-0.9338813313478407
-0.753303754811503,-0.6134317695193575,-0.9338813313478407
-0.11488718880643628,0.12290989805127482,0.26427786025041583
-0.7604759045789814,-0.6134317695193575,-0.9338813313478407
-0.5053179058825846,-0.6134317695193575,-0.9193729914708471
0.27072412630100473,0.40104595821355377,0.4520541269496736
0.39856570852278217,0.31358939724561335,0.4520541269496736
0.24307900299650803,0.17713598179815893,0.32516025826746664
0.34963630283460634,0.17713598179815893,0.32516025826746664
-0.20651274843330308,0.2278561933287242,0.26772900026664403
-0.35880183973161994,-0.5081038285062545,-0.8069406465742897
-0.1809996353555922,0.003946216913329399,0.14083513158443703
0.39388422117278976,0.17713598179815893,0.32516025826746664
-0.15108139986179514,0.2278561933287242,0.26772900026664403
-0.3923876068722786,-0.34950112045657833,-0.6196056878225311
-0.14227262144548347,0.17713598179815893,0.32516025826746664
0.12594334580376673,0.17713598179815893,0.32516025826746664
0.4869867941486948,0.40104595821355377,0.7202639600840596
0.9345922489487072,0.40104595821355377,0.5472034848967864
-0.13611861084433668,0.12290989805127482,0.19320849085202269
-0.4988979624213588,-0.5081038285062545,-0.8069406465742897
0.4869867941486948,0.40104595821355377,0.5926409326503692
0.20042125811133524,0.17713598179815893,0.32516025826746664
-0.5469349350438136,-0.5535601970961292,-0.8225534458203171
-0.1764352362391523,-0.15217839626630744,-0.17524314510917027
0.4406163301662045,0.40104595821355377,0.5148422228468307
-0.20459983480182994,-0.15217839626630744,-0.17524314510917027
-0.08766245745954361,0.2278561933287242,0.36287835821375675
-0.5658802563016997,-0.5535601970961292,-0.9120521240582393
0.07491405510300343,0.40104595821355377,0.38933223428574754
-0.5470190777890565,-0.5081038285062545,-0.8225534458203171
-0.5154953838790287,-0.5535601970961292,-0.8225534458203171
-0.675803042386668,-0.6134317695193575,-0.9338813313478407
-0.19103833842525292,0.12290989805127482,0.26427786025041583
0.08185737859411994,0.17713598179815893,0.32516025826746664
-0.2575903137341526,-0.18947463623116595,-0.22598518491915837
-0.028072094669970925,0.003946216913329399,0.16150250947759992
-0.10428697151367756,0.2278561933287242,0.26772900026664403
-0.753303754811503,-0.6134317695193575,-0.9338813313478407
-0.08175470830644166,0.17713598179815893,0.32516025826746664
0.21520527209112741,0.31358939724561335,0.4520541269496736
-0.675803042386668,-0.6134317695193575,-0.9338813313478407
-0.24159333330677973,-0.15217839626630744,-0.1937862033286338
-0.13611861084433668,0.12290989805127482,0.2894822962303875
0.7103958684495227,0.40104595821355377,0.419692864899718
-0.27575705602294515,-0.15217839626630744,-0.2427539849264847
0.2358770894172508,0.17713598179815893,0.32516025826746664
-0.2589801803968102,-0.18947463623116595,-0.24452824313862195
0.1495088452318127,0.17713598179815893,0.32516025826746664
-0.2307116335974311,0.003946216913329399,0.14083513158443703
-0.005023579688127847,0.17713598179815893,0.32516025826746664
0.23938988178177759,0.14039963236078384,0.2432421489708883
-0.06273053674272257,0.12290989805127482,0.26427786025041583
0.46579043862344577,0.2278561933287242,0.27711674458023444
-0.15246047473100538,0.12045841536528797,0.24181348704125433
0.12449102346061022,0.17713598179815893,0.32516025826746664
-0.6093697416232428,-0.5081038285062545,-0.8069406465742897
-0.29251059223062215,0.003946216913329399,0.14083513158443703
-0.5284268307343104,-0.5535601970961292,-0.8566621268548252
0.19350251648688607,0.31358939724561335,0.42756727565391794
-0.21485056149880263,-0.15217839626630744,-0.1937862033286338
-0.3178958592703621,-0.15217839626630744,-0.1937862033286338
0.2575761902562338,0.14039963236078384,0.2432421489708883
0.24359818522012172,0.3624186409594706,0.3779555658973156
0.20042125811133524,0.17713598179815893,0.32516025826746664
-0.16709709499569902,-0.15217839626630744,-0.1937862033286338
-0.07811976963056276,0.12290989805127482,0.32138556777715643
-0.029675683577003814,0.17713598179815893,0.32516025826746664
0.5895791324741657,0.35917250546275675,0.4520541269496736
0.16175056588749107,0.14039963236078384,0.2432421489708883
-0.5322580528830748,-0.5081038285062545,-0.8225534458203171
0.3105748673989974,-0.15217839626630744,-0.1937862033286338
-0.01251383596019333,0.40104595821355377,0.4101352777391723
-0.611038314975421,-0.4634507593152545,-0.718122315019199
-0.753303754811503,-0.6134317695193575,-0.9338813313478407
0.5634068167630779,0.31358939724561335,0.42756727565391794
-0.4243341733986501,-0.34950112045657833,-0.6196056878225311
0.2575761902562338,0.14039963236078384,0.2432421489708883
0.6709323596630459,0.31358939724561335,0.42756727565391794
0.019252548984032662,0.17713598179815893,0.32516025826746664
0.5602625723044456,0.40104595821355377,0.4520541269496736
0.45187522289430204,0.2278561933287242,0.26772900026664403
0.19350251648688607,0.31358939724561335,0.42756727565391794
-0.47076884584399814,-0.5081038285062545,-0.8069406465742897
-0.22873188785662948,-0.15217839626630744,-0.1937862033286338
-0.05935434046581928,0.14039963236078384,0.26772900026664403
-0.16618501665002333,0.003946216913329399,0.14083513158443703
0.19350251648688607,0.31358939724561335,0.42756727565391794
0.6171735357474746,0.31358939724561335,0.42756727565391794
-0.06001333192726681,0.12290989805127482,0.28876471154617156
-0.675803042386668,-0.6134317695193575,-0.9193729914708471
0.0840748955490345,0.31358939724561335,0.39520601360396235
0.33680348717864395,0.14039963236078384,0.26772900026664403
-0.5765479461020081,-0.6134317695193575,-0.9193729914708471
0.547296545745754,0.31358939724561335,0.42756727565391794
0.16254623574661395,0.14039963236078384,0.2432421489708883
-0.1302952103635772,-0.18947463623116595,-0.24452824313862195
-0.1850754636107252,-0.15217839626630744,-0.1937862033286338
0.3440090998905385,0.31358939724561335,0.42756727565391794
0.09789315718353322,0.17713598179815893,0.32516025826746664
-0.005023579688127847,0.17713598179815893,0.32516025826746664
0.48637987154146856,0.31358939724561335,0.41689686965579376
0.04548224070289486,0.04898224043202917,0.17153417770699594
-0.029698812515568017,0.17713598179815893,0.32516025826746664
0.6076739206869026,0.2221720053168587,0.3977781536005269
-0.3923876068722786,-0.34950112045657833,-0.5947810126635228
-0.12645157127524753,0.17713598179815893,0.32516025826746664
0.07091763738016417,0.2278561933287242,0.26772900026664403
0.3520132806186836,0.17713598179815893,0.34577528849127803
0.19286032714452367,0.14039963236078384,0.2432421489708883
0.615623743682252,0.31358939724561335,0.42756727565391794
-0.5133218859144371,-0.5535601970961292,-0.8225534458203171
-0.36076037107258885,-0.34950112045657833,-0.607590642084421
0.20456344595444861,0.31358939724561335,0.42756727565391794
-0.48244835607096204,-0.5081038285062545,-0.8069406465742897
-0.2589801803968102,-0.15217839626630744,-0.17524314510917027
-0.7604759045789814,-0.6134317695193575,-0.8641634933692525
0.1761012930556672,0.17713598179815893,0.29279899621751093
-0.16339512000991613,-0.18947463623116595,-0.24452824313862195
-0.005412784621979902,0.04898224043202917,0.21345302691749715
0.15822662686751698,0.31358939724561335,0.5052846356862851
-0.002198425179808977,-0.34950112045657833,-0.5446308925999889
0.5882759581596442,0.40104595821355377,0.6033113386484934
0.9506599319928765,0.40104595821355377,0.5472034848967864
-0.4889325957268027,-0.18947463623116595,-0.24452824313862195
0.5248218809280489,0.31358939724561335,0.42756727565391794
0.2909846787109137,0.17713598179815893,0.32516025826746664
0.034251667287584525,0.31358939724561335,0.3845356076058381
-0.5943471837379602,-0.5081038285062545,-0.8225534458203171
0.22908366901461774,0.40104595821355377,0.5024672352792803
0.06196178016483368,0.17713598179815893,0.32516025826746664
-0.753303754811503,-0.6134317695193575,-0.8641634933692525
0.41519527245082066,0.40104595821355377,0.4520541269496736
0.1487511482361926,0.21448714670095745,0.3442205044277057
0.11102444936167209,0.17713598179815893,0.32516025826746664
-0.3749048642848557,-0.34950112045657833,-0.5198424241737373
-0.041563853263014705,0.14039963236078384,0.2432421489708883
-0.34422125277905613,-0.34950112045657833,-0.6196056878225311
-0.11216924182247752,0.17713598179815893,0.32516025826746664
-0.35715067027134223,-0.34950112045657833,-0.5328099359900329
-0.1908631686542069,0.003946216913329399,0.14083513158443703
0.667505569616437,0.40104595821355377,0.4520541269496736
-0.6891310436638788,-0.6134317695193575,-0.9338813313478407
0.5882759581596442,0.40104595821355377,0.6033113386484934
-0.6052683314447851,-0.5081038285062545,-0.8069406465742897
0.14064166762334668,0.14039963236078384,0.2432421489708883
-0.14400498794701544,-0.15217839626630744,-0.1937862033286338
-0.16709709499569902,-0.15217839626630744,-0.1937862033286338
0.09578275439583361,0.14039963236078384,0.23257174297276414
-0.16709709499569902,-0.15217839626630744,-0.142637494091392
0.16320766356459043,0.12290989805127482,0.45357736097901996
-0.05584945903396542,0.12290989805127482,0.2894822962303875
-0.5582933307565849,-0.5081038285062545,-0.8225534458203171
0.22397869019590116,0.31358939724561335,0.42756727565391794
0.09208015681574266,0.17713598179815893,0.32516025826746664
0.22429394977952707,0.31358939724561335,0.40676423220049307
0.34963630283460634,0.17713598179815893,0.32516025826746664
-0.17625656546006638,-0.18947463623116595,-0.29349602473647285
-0.04867750196262853,0.17713598179815893,0.32516025826746664
0.29927583114079825,0.40104595821355377,0.5926409326503692
-0.5289643904893644,-0.4634507593152545,-0.7630512039414564
-0.4889325957268027,-0.15217839626630744,-0.1937862033286338
0.24581928073426607,0.31358939724561335,0.42756727565391794
-0.5270458801275989,-0.5535601970961292,-0.8566621268548252
1.1183580413729044,0.40104595821355377,0.4520541269496736
0.12449102346061022,0.17713598179815893,0.32516025826746664
0.22981232075950486,0.40104595821355377,0.4520541269496736
-0.21485056149880263,-0.18947463623116595,-0.24452824313862195
0.22397869019590116,0.31358939724561335,0.42756727565391794
0.48097758346303376,0.2221720053168587,0.47621309831710995
-0.48563509172568436,-0.5081038285062545,-0.8225534458203171
0.3815164695674763,0.2278561933287242,0.26772900026664403
-0.14227262144548347,0.17713598179815893,0.32516025826746664
-0.1385417363491919,0.12290989805127482,0.28876471154617156
0.3520132806186836,0.17713598179815893,0.3564980421587537
0.48637987154146856,0.31358939724561335,0.3856484264434167
-0.4889325957268027,-0.15217839626630744,-0.17524314510917027
0.6046877539173832,0.40104595821355377,0.5926409326503692
-0.5053179058825846,-0.5535601970961292,-0.8566621268548252
-0.6835240906961357,-0.6134317695193575,-0.9338813313478407
-0.2589801803968102,-0.15217839626630744,-0.17524314510917027
0.15584796202768914,0.31358939724561335,0.4520541269496736
0.14978615285059818,0.17713598179815893,0.32516025826746664
0.21980931023065478,0.12290989805127482,0.2554473204876546
-0.2099899123589648,0.003946216913329399,0.14083513158443703
-0.389801128947603,-0.5081038285062545,-0.7743850681173013
0.277485355454348,0.17713598179815893,0.32516025826746664
0.4453870882055386,0.2278561933287242,0.26772900026664403
0.46430985228284005,0.40104595821355377,0.4520541269496736
0.4950505603337503,0.2221720053168587,0.3977781536005269
-0.48563509172568436,-0.5081038285062545,-0.8069406465742897
0.6200553061831808,0.31358939724561335,0.42756727565391794
-0.10718303821645424,-0.18947463623116595,-0.21473840498597674
-0.7400794944887533,-0.6134317695193575,-0.9338813313478407
0.09208015681574266,0.17713598179815893,0.32516025826746664
0.36240450466571933,0.31358939724561335,0.4520541269496736
-0.4901599096236682,-0.5081038285062545,-0.8225534458203171
-0.753303754811503,-0.6134317695193575,-0.9338813313478407
-0.4396737617415475,-0.5535601970961292,-0.8566621268548252
0.2358770894172508,0.17713598179815893,0.32516025826746664
0.3544729067966079,0.2278561933287242,0.26772900026664403
0.02170512085195113,0.2278561933287242,0.26772900026664403
-0.029698812515568017,0.17713598179815893,0.32516025826746664
0.013467112032878245,0.003946216913329399,0.1302540662652228
-0.11734443324519533,0.40104595821355377,0.4413837209515495
0.8973460447799739,0.40104595821355377,0.5148422228468307
0.2575761902562338,0.14039963236078384,0.2432421489708883
0.6709323596630459,0.31358939724561335,0.42756727565391794
0.48365411969306255,0.2278561933287242,0.26772900026664403
-0.046364566535078616,0.14039963236078384,0.2432421489708883
0.31080649353630474,0.21448714670095745,0.47222883708943775
0.22005702838021804,-0.34950112045657833,-0.5198424241737373
0.2367095151978595,0.17713598179815893,0.33608200401201943
-0.5485356647046179,-0.5081038285062545,-0.8225534458203171
0.7141300119486936,0.40104595821355377,0.4520541269496736
-0.48257848263313985,-0.5081038285062545,-0.8069406465742897
