date,total,mosquito,etc,loc_num,loc_name,temp,l_temp,h_temp,rain_per_day,wind,dew,humidity,steam_pressure,sunshine_time,sunshine,ground_surface_temp
2015-04-06,201,199,2,108,서울,10.3,6.9,15.4,,2.7,1.2,55.8,6.8,1.7,10.2,11
2015-04-07,147,146,1,108,서울,8.4,5.5,12.2,0,2.6,0.9,59.5,6.5,4.7,10.17,11.6
2015-04-08,91,90,1,108,서울,8.3,3.5,13.7,,2.9,-1.3,52.5,5.6,8.3,14.69,9.6
2015-04-09,172,172,0,108,서울,9.6,3.8,16.3,,2.3,-2.8,43,5,10.8,18.2,11.8
2015-04-10,250,249,1,108,서울,11.6,4.6,19.2,,2.8,-2.2,40.5,5.3,11.6,20.67,13.3
2015-04-11,412,410,2,108,서울,13.5,6.7,20.7,,2.5,-1.2,39.3,5.6,11.6,19.87,15
2015-04-12,461,459,2,108,서울,14.9,9.1,20.4,,2.9,-2.9,30.6,4.9,3.8,12.6,13.6
2015-04-13,472,468,4,108,서울,12,7.4,17.6,6.5,5.9,1.9,53.9,7.1,5.6,14.89,14.7
2015-04-14,132,132,0,108,서울,6.9,5.8,8,10.5,2.7,5.3,89.9,8.9,0,5.33,9.8
2015-04-15,31,31,0,108,서울,11.1,5.6,17,1,2.9,5.8,72,9.2,8.5,16.51,13.6
2015-04-16,576,573,3,108,서울,9.9,6.9,14.8,7,3.6,4.4,69.5,8.5,1.1,3.64,8.7
2015-04-17,83,83,0,108,서울,10.5,4.8,16.1,,3.7,-1.7,45.4,5.4,12.1,22.45,12.6
2015-04-18,417,416,1,108,서울,15.2,5.2,23.7,0,1.9,-3.3,31.9,4.8,9.8,19.74,15.7
2015-04-19,983,982,1,108,서울,14.5,11.2,17.3,12,3.7,8.8,74.8,11.9,0,5.15,15.1
2015-04-20,282,282,0,108,서울,12.2,10.3,16.8,5.5,3.2,7.6,75.3,10.5,3.2,8.68,14.3
2015-04-21,409,408,1,108,서울,14,7.7,20.9,,2.9,0.1,46,6.6,12.5,22.93,15.8
2015-04-22,937,933,4,108,서울,14.2,9.3,20.7,0,3,2.7,47,7.5,11.2,19.32,15
2015-04-23,659,656,3,108,서울,14.5,8,20.1,,3.5,0,41.1,6.2,10.8,21.03,15.7
2015-04-24,768,764,4,108,서울,15.7,10.4,22.8,,3.2,-0.1,38.3,6.3,12.2,22.53,18.5
2015-04-25,763,757,6,108,서울,15.9,9.2,23,,2.7,-2.2,31.3,5.3,12.6,22.89,19
2015-04-26,869,862,7,108,서울,17.3,9.9,24.4,,3.3,1.5,37.6,7.5,11.7,20.92,19.7
2015-04-27,1037,1033,4,108,서울,18.5,12.7,24.9,,2.8,3,39.3,7.7,12.3,22.03,21.6
2015-04-28,0,0,0,108,서울,20.3,12.3,26.9,0,2.1,4.8,38.6,8.9,9.6,19.07,23
2015-04-29,1641,1629,12,108,서울,17,15.8,18.4,3.5,2.9,12.9,77,14.9,0,5.86,17.4
2015-04-30,1547,1532,15,108,서울,21.2,15.1,28.3,,2.2,11.5,56.6,13.6,12.3,21.6,23.9
2015-05-01,2801,2783,18,108,서울,21,15.9,27.2,,2.5,12.1,58.8,14.2,12.3,22.13,25.1
2015-05-02,2747,2729,18,108,서울,20.7,15.8,26,0.5,2.1,13.3,64.4,15.4,6.6,15.24,23.7
2015-05-03,3016,2998,18,108,서울,18.3,17.1,19.6,3.5,2.1,16.6,90.4,18.9,0.3,5.26,19.7
2015-05-04,3405,3392,13,108,서울,16.1,12.5,20.1,,4.2,1.6,45.9,7.9,12.4,24.18,21.2
2015-05-05,3154,3137,17,108,서울,14.2,8.3,19.9,,3.4,-1.1,37.9,5.8,12.9,25.05,20.6
2015-05-06,2865,2849,16,108,서울,15.4,9.8,22,,2.4,-0.5,36.3,5.9,6.6,16.16,18.5
2015-05-07,2835,2819,16,108,서울,16.5,10.6,24,,2.6,-0.3,35.6,6.2,9.2,18.9,22.4
2015-05-08,2936,2926,10,108,서울,16.7,11.7,22.7,,2.5,9.5,64.3,11.9,3.9,14.53,21.8
2015-05-09,0,0,0,108,서울,17.6,12.6,24,,3,8.2,55,10.9,10.6,21.61,25.1
2015-05-10,0,0,0,108,서울,19.1,13.5,25.9,,2.3,4,39.6,8.2,11.9,23.43,25.9
2015-05-11,0,0,0,108,서울,18.4,14.4,24.1,14,3,10.3,62.1,12.8,3.8,13.34,23.3
2015-05-12,1730,1713,17,108,서울,13.3,10.3,17.5,9.5,6.4,8.8,75.9,11.4,4.7,12.77,16.7
2015-05-13,2334,2323,11,108,서울,17.4,11.8,21.4,0,5.3,8.6,56.9,11.3,12.4,23.36,19.3
2015-05-14,5455,5430,25,108,서울,20.4,15.3,26.6,,3.3,13,63.8,15.3,8.7,19.15,22.7
2015-05-15,8450,8425,25,108,서울,19.1,16.3,23.7,,2.7,13.4,71,15.5,3.6,10.61,19.8
2015-05-16,3995,3935,60,108,서울,18,11.6,25.2,,3,3.5,41.3,8,13.3,25.62,23
2015-05-17,6293,6276,17,108,서울,18.6,11.7,25.2,,2.2,2.4,40.4,7.7,13,21.24,22.6
2015-05-18,28014,7851,20163,108,서울,17.7,13.7,22.2,,3.2,7.5,53.9,10.9,2.8,13.57,20.1
2015-05-19,10422,10366,56,108,서울,14.8,13,16.2,1,3.6,12.9,88.9,14.9,0.2,3.31,16.7
2015-05-20,2935,2926,9,108,서울,16.3,10.6,21.9,,3.1,7.6,60,10.5,12.9,24.87,22.1
2015-05-21,16138,16089,49,108,서울,18.7,12.6,26,,3.7,7.1,50.1,10.2,12.4,24.6,25
2015-05-22,3473,3450,23,108,서울,20,13.7,27.2,,2.9,6.8,45.3,9.9,12.9,24.5,26.6
2015-05-23,3491,3479,12,108,서울,20.6,13.6,28.3,,2.5,4.4,38.5,8.5,12.3,23.67,26.2
2015-05-24,10101,10082,19,108,서울,21,14,28.5,,2.4,4.8,37.3,8.6,13.5,25.64,28.9
2015-05-25,10556,10540,16,108,서울,20.8,14.4,28.7,,2.7,9.9,53.1,12.2,13.4,24.39,29.1
2015-05-26,5510,5488,22,108,서울,21.5,14.1,30.3,,2.7,8.5,48.9,11.3,13.4,25.46,29.8
2015-05-27,4292,4262,30,108,서울,23.2,14.4,31.5,,2,3.5,32.9,8.1,13.5,25.76,31
2015-05-28,4661,4636,25,108,서울,24.3,16.7,32.2,,2.2,3.4,27.1,7.8,12.3,23.3,30.6
2015-05-29,16235,16214,21,108,서울,23.8,18.5,29.8,,2.5,7.5,36.8,10.5,8.1,18.44,30.4
2015-05-30,5475,5448,27,108,서울,19.8,17,23.2,0.4,2.9,14.2,71,16.3,4,9.2,21.3
2015-05-31,5366,5350,16,108,서울,22.1,15.3,30.4,,2.2,10.1,52.8,12.7,12.5,23.66,29.7
2015-06-01,11007,10706,301,108,서울,21.7,15.8,28.5,,2.6,8.2,44.6,11,12,20.01,26.9
2015-06-02,4851,4828,23,108,서울,23.1,18.1,29.8,,2.7,10.3,46.9,12.6,12.5,21.87,29.9
2015-06-03,4882,4857,25,108,서울,23.3,17.1,29.4,,3.8,4.2,33.3,8.6,13.2,26.58,31.6
2015-06-04,3288,3269,19,108,서울,24.2,17.1,31.5,,2.6,4.3,28.9,8.3,9.9,,32
2015-06-05,3331,3304,27,108,서울,19.1,17.5,22,1,1.7,10.4,58.8,12.8,0.3,5.94,19.6
2015-06-06,3474,3455,19,108,서울,22.4,16.4,28.9,,2.3,10.9,50.4,13,11,23.09,29.8
2015-06-07,3746,3721,25,108,서울,23.4,18.7,31.5,,2.3,10.5,46.8,12.8,8.2,20.45,30.2
2015-06-08,3465,3440,25,108,서울,22.4,18.2,27.8,,2.3,12.5,54.9,14.6,5.1,14.74,28.3
2015-06-09,3491,3466,25,108,서울,22.2,18.8,28.1,,2.9,15,66.3,17,10.6,19.71,27.9
2015-06-10,3188,3161,27,108,서울,25.3,17.6,34.9,,2.2,13.9,54.3,16,11.1,23.47,33.9
2015-06-11,3751,3713,38,108,서울,24.6,20.7,30.2,7.5,2.8,15.1,59.6,17.6,4.2,11.53,27.9
2015-06-12,3427,3399,28,108,서울,23.6,19.4,29.9,0.5,3.8,15.2,63.1,17.5,11.9,22.5,27.5
2015-06-13,4222,4172,50,108,서울,24.7,20.1,30.9,0.5,3.2,16.6,61.9,19.1,8.5,16.79,26.8
2015-06-14,5535,5474,61,108,서울,22.8,17.8,27.7,15.5,2.7,16.6,70.3,19,8.5,19.52,26.6
2015-06-15,4720,4680,40,108,서울,24.2,19.6,30.6,,2.2,16.9,65.6,19.3,9.2,18.62,26.4
2015-06-16,4630,4599,31,108,서울,25,20,30.9,,2.4,17.7,65.9,20.3,9.8,21.08,28.8
2015-06-17,4712,4662,50,108,서울,23.4,20.2,30.8,9.5,2.6,17.9,72.8,20.5,7.1,15.34,26.2
2015-06-18,4529,4421,108,108,서울,24.8,19.6,31.3,3,2.7,15.5,59.4,17.7,8.9,20.21,25.7
2015-06-19,3604,3577,27,108,서울,24.5,20,29.9,,2.9,15.3,57.8,17.4,9.2,18.87,25.6
2015-06-20,4448,4412,36,108,서울,19.6,17,22.6,44.5,1.8,18,91,20.6,0,3.25,20.5
2015-06-21,3046,3039,7,108,서울,22.4,15.6,29.6,,2,15.6,69.1,17.8,12.8,23.21,25.5
2015-06-22,4524,4497,27,108,서울,24,19.4,29.1,,2.4,15.4,60.4,17.5,11.3,21.88,26.5
2015-06-23,7465,6747,718,108,서울,24.7,19.7,31,,2.3,17,64.1,19.3,11.7,20.76,27.4
2015-06-24,4732,4712,20,108,서울,25.7,21.1,30.6,,2.5,16.5,58.3,18.9,8.6,18.02,27.6
2015-06-25,4124,4104,20,108,서울,24.8,21,29.1,2,2.1,17.4,65.1,20,2.4,11.93,27.3
2015-06-26,5287,5243,44,108,서울,21,18,25.3,12.5,3.3,16.2,75.8,18.4,0.3,10.37,22.6
2015-06-27,4776,4730,46,108,서울,25.2,19.2,31.1,,2.2,15,55.3,17.1,12.6,26.17,27.5
2015-06-28,5324,5286,38,108,서울,25.4,21,31.1,,2.6,17.3,61.8,19.7,13,23.32,28.3
2015-06-29,7199,7108,91,108,서울,25.7,21.2,30.6,0,2.8,17.3,61.8,19.8,11.4,22.5,29.7
2015-06-30,7229,7146,83,108,서울,24.4,21.9,29.2,2.5,1.7,18.3,70,21,2.8,8.49,25
2015-07-01,8783,8700,83,108,서울,23.7,21,27.9,0.5,3.8,16.5,66.3,18.9,11.7,23.03,28.3
2015-07-02,9613,9520,93,108,서울,23.7,20.4,29.3,,4,15.5,64.5,18,11.1,20.63,28.3
2015-07-03,11731,11659,72,108,서울,23.3,19.2,28.3,,3,15.1,62.6,17.2,11.1,22.48,28.2
2015-07-04,8286,8229,57,108,서울,24.1,18.2,29.9,,2.2,14,55.8,16.1,10.9,20.86,29.7
2015-07-05,7211,7150,61,108,서울,24.2,20.1,29.6,,2.3,14.9,57.4,16.9,9.7,18.23,27.7
2015-07-06,8682,8613,69,108,서울,25.3,20.2,32.5,,2.2,14.7,54.3,16.8,9.9,20.44,30.9
2015-07-07,8203,8141,62,108,서울,25.6,21.4,29.7,,2,14.7,52.1,16.8,5.5,14.8,29.7
2015-07-08,6400,6335,65,108,서울,23.4,20.7,26.3,0.5,4,17.4,69.8,19.9,1.3,12.41,26.1
2015-07-09,7075,7024,51,108,서울,26.5,22.1,31.8,,2.9,18.2,61.3,21,4.5,14.1,29.3
2015-07-10,7305,7240,65,108,서울,29.2,23.6,34.3,,1.9,20.3,60.9,23.8,8.7,17.95,33.2
2015-07-11,6385,6338,47,108,서울,30.4,25.7,36,0,2.1,21.4,60.3,25.5,9.9,17.99,34.9
2015-07-12,5851,5818,33,108,서울,24.8,24,28,29,4,23.7,94.1,29.3,0,4.84,25.9
2015-07-13,6304,6278,26,108,서울,23.1,21.4,24.9,10,5.2,21.4,90.8,25.5,0.1,3.52,23.6
2015-07-14,6541,6505,36,108,서울,26.1,22.5,31.4,,3.5,20.4,72.4,24,10.1,20.45,27
2015-07-15,6192,6136,56,108,서울,27.9,22.7,33.9,,2.9,18.5,58.8,21.3,11.4,19.53,28.7
2015-07-16,4440,4380,60,108,서울,24.7,20.6,28.9,,5,13.8,51.3,15.8,11.2,20.99,27.8
2015-07-17,4235,4200,35,108,서울,23.6,18.4,28.6,,3.6,12.2,49.8,14.3,8.1,18.65,26.8
2015-07-18,5065,5005,60,108,서울,24.3,22.3,27.8,0.5,2.2,16.5,63.5,19.3,1.1,8.93,27.7
2015-07-19,5251,5225,26,108,서울,25.1,21.3,29.8,5,1.8,20.5,77.4,24.1,3.4,12.69,26.2
2015-07-20,0,0,0,108,서울,27.5,24.4,31.2,,2.4,21.7,71.4,26.1,1.7,10.48,27.2
2015-07-21,5797,5753,44,108,서울,27,24.6,29.6,11,1.6,23.4,81.6,28.7,0.3,7.53,27.2
2015-07-22,5477,5426,51,108,서울,27.7,25.3,31.7,1,1.8,23.2,76.9,28.4,2.2,8.63,28.6
2015-07-23,4425,4390,35,108,서울,26.9,24.9,32.1,16,2.1,23.1,81,28.3,2.3,8.55,27.5
2015-07-24,6537,6509,28,108,서울,24.7,22.6,25.4,26.5,2,24.1,96.9,29.9,0,3.79,26
2015-07-25,5371,5340,31,108,서울,25,24.4,26.4,80,3.2,24,95.1,29.9,0,1.93,25.4
2015-07-26,5085,5065,20,108,서울,26,23.5,30,40.5,2.6,23.1,85.5,28.3,4.3,14.11,25.4
2015-07-27,3962,3947,15,108,서울,26.2,24.4,30,1.5,2.3,23.5,86,28.9,3.6,9.43,25.5
2015-07-28,5083,5054,29,108,서울,27.7,24.6,31.2,0,2.7,22.4,74.4,27.1,7.2,15.95,28.8
2015-07-29,4674,4615,59,108,서울,26.7,24.8,28.8,4,2.6,23.4,82.9,28.8,0.2,5.49,26.2
2015-07-30,5243,5203,40,108,서울,28.6,25.5,33.1,,3.5,23.8,76.4,29.4,7.9,15.12,28.6
2015-07-31,5652,5598,54,108,서울,27.9,26.2,32.4,,2.7,22.8,74.3,27.7,6.7,14.93,29.3
2015-08-01,12517,11746,771,108,서울,28.2,26,31.6,,3.1,22.7,72.8,27.5,5.3,11.43,28.7
2015-08-02,7440,7186,254,108,서울,26.5,24.1,29.2,16.5,2.7,23.5,84.3,28.9,1.4,7.69,26.5
2015-08-03,8889,8809,80,108,서울,27.9,25.6,31.5,0,3.8,22.1,71.5,26.5,6,12.74,29.1
2015-08-04,7037,6972,65,108,서울,27.5,25.4,30.8,,4.5,22.2,73.3,26.7,3.7,9.77,27.2
2015-08-05,4938,4902,36,108,서울,28.6,25.9,32.7,0.1,3.7,21.4,67,25.6,7.5,15.78,29.7
2015-08-06,4891,4832,59,108,서울,29.3,24.5,34.4,,2,21.6,64.5,25.8,11.8,21.48,31.6
2015-08-07,5389,5335,54,108,서울,28.9,26,34.4,11,1.4,22.8,71.3,27.8,7.5,15.11,32.6
2015-08-08,5826,5799,27,108,서울,26.6,24.3,33,7.5,2.1,22.4,79.1,27.2,5,11.69,27.2
2015-08-09,4470,4441,29,108,서울,26.7,23.3,31,,2.1,21.4,74.4,25.5,9.6,16.75,28.4
2015-08-10,5118,5086,32,108,서울,27,23.9,32,,2.3,21.2,72.1,25.3,8.6,18.83,28.7
2015-08-11,5298,5275,23,108,서울,26.8,24.5,30.6,,2.1,21.4,73.6,25.6,2.2,11.2,27.8
2015-08-12,6074,6053,21,108,서울,27.3,22.1,32.9,,2,20,67.5,23.5,10.6,19.87,31
2015-08-13,7567,7524,43,108,서울,26.5,23.9,31.1,0,1.9,20.1,68.6,23.6,8.5,14.56,29.5
2015-08-14,8868,8846,22,108,서울,26.9,22.7,32.5,,2.4,19.5,66.4,22.8,11.2,18.54,30.9
2015-08-15,8872,8844,28,108,서울,27.1,23.1,30.8,0.1,1.9,21,70.4,24.8,6.5,13.04,29.5
2015-08-16,7427,7406,21,108,서울,25.8,20.7,31.2,29,2,20.6,74.9,24.4,1.7,9.39,29.3
2015-08-17,6144,6111,33,108,서울,26.6,19.8,32.9,,2.2,17.9,61.5,20.5,11.3,20.18,28.6
2015-08-18,6180,6120,60,108,서울,27.9,24.1,32.2,,2.5,19.1,59.9,22.2,8.7,16.34,27.5
2015-08-19,5547,5487,60,108,서울,26.8,24.2,29.7,0,1.8,20.8,70.3,24.6,0.2,9.03,26.9
2015-08-20,4737,4602,135,108,서울,25.4,24.2,28.1,0.4,1.7,20.6,75.5,24.3,0.8,6.42,26.4
2015-08-21,4821,4799,22,108,서울,25.2,23,29.3,2.5,2,20.9,78.3,24.7,4.3,10.35,25.8
2015-08-22,5434,5413,21,108,서울,25.5,23.4,29.6,0,2.5,19.3,69.8,22.4,6.9,14.11,26.9
2015-08-23,7669,7639,30,108,서울,26.3,20.9,31.7,,1.7,18.9,65.5,21.8,9.7,17.77,28.2
2015-08-24,7364,7337,27,108,서울,26.3,23.3,30.3,,3.8,18,60.6,20.6,5.3,12.71,27.6
2015-08-25,4714,4678,36,108,서울,21.7,19.2,24.5,5.5,3.2,17.1,76.4,19.5,0,4.19,22.7
2015-08-26,9971,9949,22,108,서울,21.9,18.9,25.3,0,2.9,15.7,68.4,17.9,3.6,11.44,22.3
2015-08-27,9147,9093,54,108,서울,24.7,21.2,30,0,3.1,15.8,61.1,18.2,12.2,21.75,27.3
2015-08-28,8574,8316,258,108,서울,23.2,19,28.1,0.3,1.7,17.1,69.4,19.5,6.8,12.64,24.7
2015-08-29,6664,6635,29,108,서울,24.4,19,30.8,,1.7,16.8,65.8,19.3,10.7,17.29,28.4
2015-08-30,7584,7532,52,108,서울,24.9,19.9,31,0,1.6,17.3,65.9,19.9,10.6,18.09,29.4
2015-08-31,7729,7674,55,108,서울,25.9,21,31.2,,1.9,17.8,62.9,20.4,8.8,16.15,28.8
2015-09-01,5877,5831,46,108,서울,25.9,22.6,30.7,,3.4,17.1,59.4,19.4,8.3,16.85,28.3
2015-09-02,4622,4541,81,108,서울,23.9,22,27.7,0.5,2.1,18.6,72.8,21.4,3.3,8.66,26.1
2015-09-03,4835,4794,41,108,서울,23.9,19.8,28.2,18,2.3,18.7,75.1,21.7,10.2,16.1,25.7
2015-09-04,5459,5408,51,108,서울,24.8,20.6,30.7,,2.2,18,68.5,20.7,8.4,15.13,25
2015-09-05,7582,7523,59,108,서울,21.9,19.4,23.6,5,2.1,18.2,79.8,20.9,0,5.13,23.5
2015-09-06,4511,4481,30,108,서울,22.2,19.3,26.2,,3.7,13.9,60.4,15.9,6.5,14.4,22.8
2015-09-07,4293,4242,51,108,서울,22.6,16.8,28.7,,2.4,12.1,52.9,14.1,12.2,20.4,23.5
2015-09-08,4514,4475,39,108,서울,22.7,16.2,28.9,,3.2,8.4,43.6,11.2,12.3,21.41,25.2
2015-09-09,3921,3880,41,108,서울,22.4,15.3,30.1,,2.9,8.6,42.9,11.3,12,20.51,25.8
2015-09-10,3664,3629,35,108,서울,22.4,17,28.4,,2.4,14.4,62.3,16.6,11.9,19.7,26.8
2015-09-11,3697,3675,22,108,서울,21,16.8,24.4,2.5,2.1,16.4,76.4,18.8,1.8,7.39,23.4
2015-09-12,4950,4924,26,108,서울,19.2,15.5,24,,1.9,10.8,60.4,13,5.8,11.82,22.4
2015-09-13,4702,4670,32,108,서울,20.2,15.2,26,,2.6,9.8,54.1,12.2,11.9,20.08,23.9
2015-09-14,0,0,0,108,서울,22.1,16.4,27.8,,1.6,13.7,61.1,15.7,10,14.36,24.3
2015-09-15,0,0,0,108,서울,22.8,17.4,28.7,,2.2,10.4,48.5,12.7,11.2,19.02,26.4
2015-09-16,3849,3822,27,108,서울,21.6,16,26.7,,2.5,8.9,45.5,11.4,11.7,19.62,25.5
2015-09-17,3009,2987,22,108,서울,21.4,15.5,27.6,,3.1,8.8,46.4,11.4,11.4,19.7,26.1
2015-09-18,3108,3089,19,108,서울,21.9,15.9,29.2,,2.4,11.2,52.1,13.4,10,18.02,26.3
2015-09-19,3550,3493,57,108,서울,22.3,17,29,,2.4,13,58.3,15.1,11.5,17.45,26.4
2015-09-20,3482,3452,30,108,서울,22.1,17.9,28.3,,2,15.6,69,17.7,7.7,13.58,24.7
2015-09-21,3722,3704,18,108,서울,22.6,16.5,29.4,,1.5,13.9,62.1,16,10,14.14,25.8
2015-09-22,3882,3825,57,108,서울,23.9,18,31,,1.8,11.4,48.4,13.6,11.2,17.12,26.7
2015-09-23,4103,4074,29,108,서울,22,19,26.1,,1.7,13,57.9,15,2.1,7.24,22.7
2015-09-24,3116,3084,32,108,서울,23.4,17.5,30.6,,1.9,13.2,56.4,15.2,10.3,16.16,26.5
2015-09-25,3223,3192,31,108,서울,23.4,19,29.8,,2.5,13.7,56.5,15.8,9.5,14.77,26.9
2015-09-26,3596,3533,63,108,서울,22.4,17.9,28,,1.8,11.8,54.5,14.2,11,14.47,25.4
2015-09-27,3184,3155,29,108,서울,21.9,14.2,29.8,,1.9,6.7,39.4,9.8,11.2,17.46,24.6
2015-09-28,3618,3593,25,108,서울,21.4,15.5,28.3,0,1.6,6.1,39.6,9.5,5.6,11.23,22.2
2015-09-29,3880,3842,38,108,서울,22.1,15.9,28.2,,2.3,6.1,36.6,9.4,9.4,17.07,25.2
2015-09-30,4197,4161,36,108,서울,21.3,19.4,26.2,,2.6,8.7,45.3,11.3,3.7,9.74,24.9
2015-10-01,3189,3169,20,108,서울,16.3,10.7,19.7,35,3.6,12,77.5,14.7,0,1.74,17.8
2015-10-02,989,980,9,108,서울,16.5,8.6,21.5,,3.7,6.6,53.5,10,10.5,14.08,16.4
2015-10-03,5070,5026,44,108,서울,19.2,13.3,24.5,,3.8,7.1,49.4,11.1,10.2,15.91,19.7
2015-10-04,2586,2571,15,108,서울,16.6,11.2,22.4,,1.8,1.9,38.9,7.2,8.9,12.36,17.1
2015-10-05,2477,2453,24,108,서울,18,11,25.6,,1.9,6.3,49.4,9.6,11,16.27,17.9
2015-10-06,1919,1902,17,108,서울,18.7,12.1,26.3,,1.9,9.1,57.5,11.7,10.5,15.06,18.5
2015-10-07,2397,2386,11,108,서울,19.6,14.1,25.7,,1.4,12.9,67.5,14.9,6.9,11.87,19.1
2015-10-08,1971,1959,12,108,서울,20.1,15.7,26.4,,2.3,11.5,61.1,13.7,9.8,14.45,21.2
2015-10-09,1942,1935,7,108,서울,16.2,12.8,20.5,,3.7,2.8,43.8,7.8,10.8,16.51,19.1
2015-10-10,1473,1466,7,108,서울,12.8,10.4,17.2,3.5,2.2,7.4,70.9,10.5,2.2,4.71,15.6
2015-10-11,566,560,6,108,서울,10.8,8.1,14.4,3.5,2.4,5.8,72.6,9.4,1.5,5.97,12.6
2015-10-12,397,394,3,108,서울,12.3,8.2,17.9,,2.7,3.2,56.5,7.7,10.6,15.18,14
2015-10-13,904,898,6,108,서울,15,7.8,21.3,,2.5,8.4,66.4,11.3,10.1,13.78,14.7
2015-10-14,1529,1524,5,108,서울,17.1,10.9,24.5,,1.6,9.1,64.6,11.7,9.2,14.07,17
2015-10-15,1606,1599,7,108,서울,17.9,12.1,26.1,,1.8,9.6,62.1,12.1,9.8,13.21,17.3
2015-10-16,1752,1745,7,108,서울,17.5,13.2,24.2,,1.8,11.9,71,14,7.6,9.97,18.1
2015-10-17,1823,1821,2,108,서울,18.7,12.4,26.6,,1.7,11.2,64.8,13.3,10.2,13.82,18.1
2015-10-18,2032,2028,4,108,서울,17.9,12.4,24.2,,1.3,10.7,65.1,12.9,9,11.68,17.6
2015-10-19,2141,2131,10,108,서울,18.1,13.6,23.9,,2,11.3,67.4,13.5,7.6,10.67,18.1
2015-10-20,2506,2489,17,108,서울,18.8,15.4,25.1,,1.6,12.5,69.5,14.6,6.9,10.77,19.3
2015-10-21,2344,2338,6,108,서울,17.9,13.9,22.7,,1.6,12.5,72.5,14.5,6.7,9.93,18.6
2015-10-22,2611,2604,7,108,서울,17.5,14.5,23.1,,2.2,10.5,64.8,12.7,4.6,9.2,18.2
2015-10-23,2429,2422,7,108,서울,17.5,15.2,21.4,,2.4,11.5,69.1,13.6,4.1,7.24,18.6
2015-10-24,4189,4177,12,108,서울,16.9,13.2,22,10.5,2.5,9.3,64.4,12.2,6.9,10.46,17.8
2015-10-25,2165,2153,12,108,서울,16.3,12.1,22.8,,2.1,5.7,51,9.1,8.6,12.95,15.9
2015-10-26,1791,1785,6,108,서울,15,12,18.7,2,2.4,8.5,66.8,11.3,2.4,7.11,15.2
2015-10-27,1216,1212,4,108,서울,12.1,7.7,15.9,26.5,3.2,6,69.3,9.9,7,9.17,14.4
2015-10-28,255,252,3,108,서울,9.9,5.6,15.8,,2.5,-0.7,49,5.9,9.7,13.01,11.4
2015-10-29,330,326,4,108,서울,8.4,3.2,14.7,0.5,2.4,-1.8,50.4,5.5,7,10.86,9.8
2015-10-30,151,151,0,108,서울,5.4,1.7,10.4,,2.6,-7,41.8,3.7,9.7,13.64,8.2
2015-10-31,27,27,0,108,서울,5.7,1.1,12.3,,2.1,-6.6,42.5,3.8,9.7,13.52,7.5
2016-04-18,187,185,2,108,서울,11.2,7.1,18.6,1.5,3.1,4,65.4,8.2,9.2,18.4,14.9
2016-04-19,260,258,2,108,서울,12,6.5,19.2,,2.2,2.5,55.1,7.4,12,22.1,16.8
2016-04-20,931,921,10,108,서울,14.3,10.1,20.9,0.5,2.1,4.5,54,8.6,5.3,13.4,16.3
2016-04-21,1053,1047,6,108,서울,13.5,10.3,16.9,17,2.8,11.4,87.6,13.5,0,6.09,14.7
2016-04-22,1301,1292,9,108,서울,13.5,10.1,18.6,0,2.6,10.6,83.4,12.8,2,7.77,15.5
2016-04-23,749,740,9,108,서울,13.5,7.8,19.8,,2.1,1.8,52.1,7.4,7.9,16.76,18
2016-04-24,1171,1161,10,108,서울,15.5,8.1,23.7,,1.9,0.1,39.6,6.3,11.4,22.59,21
2016-04-25,1330,1324,6,108,서울,17.2,10.2,25.3,,1.7,0.3,34.8,6.3,11.9,21.21,21.3
2016-04-26,1645,1633,12,108,서울,21.1,12.1,29.6,,2,4.2,34.8,8.3,9.9,19.74,21.8
2016-04-27,1863,1843,20,108,서울,17.2,14.5,20.7,,3.6,0.1,32,6.2,0,8.39,17.8
2016-04-28,1537,1529,8,108,서울,17.2,12.4,23,,2,1.1,34.4,6.7,9.4,18.95,22.3
2016-04-29,0,0,0,108,서울,16.2,10.9,22.6,0.3,2.5,4.7,47.6,8.6,11.6,21.79,21.9
2016-04-30,0,0,0,108,서울,15.9,10.8,20.4,,2.8,3.8,45.3,8.1,1.5,8.93,17
2016-05-01,0,0,0,108,서울,18.8,12.2,26,,2.2,4,40.5,8.4,6.8,17.07,20.2
2016-05-02,0,0,0,108,서울,21.1,16.5,28.4,16.5,2.2,13.3,64.5,15.4,7.5,15.89,24.4
2016-05-03,2132,2123,9,108,서울,12.9,8.9,17.6,27,4.9,10.5,86.1,13.2,0,1.63,14.8
2016-05-04,207,200,7,108,서울,15.7,10.2,20.6,,5.1,3.8,46.6,8,12.8,24.88,16.6
2016-05-05,1977,1965,12,108,서울,18.9,10.2,26.9,7.5,1.7,6.6,50.8,10.1,10.9,21.6,20
2016-05-06,2703,2687,16,108,서울,16.3,13,18.6,9.5,2,14.4,89.3,16.5,0,1.91,16.8
2016-05-07,1234,1228,6,108,서울,16.5,10.7,22.6,,2.6,7.6,60.3,10.5,12.4,23.93,19.3
2016-05-08,2396,2381,15,108,서울,19.4,11.6,26.8,,2.1,5.5,44.8,9.2,11.5,23.51,20.8
2016-05-09,2727,2709,18,108,서울,20.2,16.3,25.4,0,2,6.5,43,9.8,5.4,17.4,23.1
2016-05-10,2192,2182,10,108,서울,14.5,12.5,18.1,13.5,2.3,11.4,82.4,13.5,0.1,4.6,16.9
2016-05-11,1888,1883,5,108,서울,16.4,10.4,23.5,,2,8.2,60.9,10.9,12.9,24.41,21.2
2016-05-12,2389,2376,13,108,서울,17.8,12.1,24,,2.7,9.9,62.4,12.2,12.5,23.94,22.2
2016-05-13,1961,1942,19,108,서울,18.6,12.7,25.4,0.5,2.1,8.7,57,11.3,11.6,24.86,24
2016-05-14,2860,2838,22,108,서울,20.2,15.1,26.9,,2.3,7.6,47.1,10.5,11.1,23.78,24.7
2016-05-15,3360,3341,19,108,서울,17.4,12.3,24.2,45,2.7,12,73.9,14.3,4.5,12.53,20.1
2016-05-16,3678,3673,5,108,서울,15.9,10.8,21.9,2.5,3.2,6.1,57,9.5,12.3,24.54,20.6
2016-05-17,3165,3103,62,108,서울,19.3,10.9,26.6,,1.9,7.1,48.8,10.1,13.1,24.69,23.6
2016-05-18,7357,7318,39,108,서울,22.3,13.5,29.5,,1.9,6.5,40.3,9.8,13.2,25.77,26.9
2016-05-19,3949,3896,53,108,서울,24.3,16.3,31.9,,1.6,6.8,36.4,10,13.4,24.95,29.6
2016-05-20,4485,4433,52,108,서울,24,16.8,31.6,,1.8,5,32,9.1,12.8,23.48,28.4
2016-05-21,5164,5112,52,108,서울,24.1,17.8,30.4,,2,1.5,23.8,6.9,12.4,24.05,29.3
2016-05-22,9849,9818,31,108,서울,24.7,17.6,31.7,,1.9,7.5,35,10.4,11.8,24.63,30.8
2016-05-23,6109,6076,33,108,서울,23.3,18.3,29.4,,2.1,9.4,43,11.8,7.7,17.7,28.1
2016-05-24,5579,5532,47,108,서울,16.8,15.4,21.8,38.5,2.6,13.7,82.6,15.7,2.3,7.08,18.5
2016-05-25,6837,6788,49,108,서울,19.7,15.3,24.4,,2.7,13.3,67.9,15.3,5.1,15.6,21.1
2016-05-26,5302,5275,27,108,서울,19.4,17.5,22.9,0,1.8,14.1,72,16.1,1.5,8.3,19.4
2016-05-27,6003,5975,28,108,서울,20.9,14.8,27.1,,1.7,12,61.3,14.2,8.3,20.68,23.2
2016-05-28,6976,6949,27,108,서울,21.7,17.2,28,,2.1,12,56.1,14.1,13.1,23.9,28.3
2016-05-29,6244,6220,24,108,서울,21.5,17.2,27.6,,2.3,12,56.1,14.1,8.7,20.67,27.6
2016-05-30,5937,5910,27,108,서울,22.1,16.9,28.9,,2.4,12.4,57.3,14.4,12.8,24.57,30.1
2016-05-31,5428,5403,25,108,서울,21.6,17.4,27.6,,2.5,13.8,63.6,15.8,11.6,21.99,27.9
2016-06-01,6254,6230,24,108,서울,23.3,17.1,29.9,,2.1,9.4,45.8,12,13.1,24.45,29.6
2016-06-02,6049,6029,20,108,서울,23.2,17.2,29.1,,2.4,7.7,38.3,10.5,13.5,25.38,31.7
2016-06-03,9880,9643,237,108,서울,22.2,17.6,27.7,,2.2,9.9,48.1,12.3,11.7,22.84,29.6
2016-06-04,7341,7316,25,108,서울,21.2,18.2,26.3,,1.6,10.7,51.8,12.9,2.7,11.24,25.7
2016-06-05,8157,8140,17,108,서울,24.7,17.3,32.2,,1.7,11.5,47.3,13.7,11.8,24.43,33.7
2016-06-06,26465,26441,24,108,서울,23.3,20.8,28.4,0,2.3,11.7,49.1,13.9,4.6,15.57,28
2016-06-07,15792,15775,17,108,서울,21.7,19.6,25.9,0.1,1.7,15.7,69.5,17.8,2.3,9.42,22.8
2016-06-08,6990,6958,32,108,서울,22.1,18.2,27.7,,2.3,14.9,65.9,17,11.6,20.45,31.3
2016-06-09,7244,7232,12,108,서울,24.1,17.8,31.3,,2,15,59.5,17.1,12.4,22.84,32.8
2016-06-10,7751,6237,1514,108,서울,24.6,20.2,31.3,,2.2,15.9,60.9,18.1,12.1,21.74,32.6
2016-06-11,5689,5676,13,108,서울,23.5,20.9,26.5,3,1.7,18.5,74.3,21.4,0.7,7.81,25.9
2016-06-12,5485,5469,16,108,서울,23.5,19.9,26.7,1.5,2.1,19.6,79.4,22.8,3.9,10.48,25.4
2016-06-13,6288,6247,41,108,서울,23.5,19.4,29.6,,2.4,17.5,70.5,20.1,9.2,19.87,27.5
2016-06-14,5162,5100,62,108,서울,23.8,19.7,29.5,0,2.1,15.9,62.5,18.1,7.8,19.48,31.8
2016-06-15,4144,4112,32,108,서울,20.9,17.4,24.5,15.5,2.7,17.5,81.8,20,1.9,7.05,20.8
2016-06-16,3660,3632,28,108,서울,20.9,18.6,24.9,0,2.8,15.8,73.5,18,7,13.83,22.4
2016-06-17,5465,5415,50,108,서울,23.8,18.6,29.1,,2.5,15.9,63.1,18.1,12,22.38,28.6
2016-06-18,5525,5483,42,108,서울,24.5,20.1,29.9,,1.8,15.3,58,17.4,12.5,22.46,31.4
2016-06-19,7895,7859,36,108,서울,24.1,20.3,29.3,0,1.9,16.8,64.5,19.2,8.8,18.36,30
2016-06-20,6461,6398,63,108,서울,24.7,19.6,30.7,,1.7,17.5,66,20.1,6.3,16.89,29.3
2016-06-21,6461,6400,61,108,서울,26,21,31.3,,1.7,17.3,60.1,19.8,7.2,16.41,30.6
2016-06-22,6281,6213,68,108,서울,24.3,20.9,30.2,30.5,2,19.3,75.1,22.5,1,8.64,26.2
2016-06-23,7136,7008,128,108,서울,24.7,19.6,29.4,0.1,2.1,18.8,71,21.7,7.3,16.45,26.1
2016-06-24,7567,7509,58,108,서울,23.1,21.1,25.7,3.5,2,18.3,75.8,21.3,3.2,8.81,23.4
2016-06-25,7363,7299,64,108,서울,22.8,19.2,26.7,,2.8,15,63.1,17.1,9.1,18.54,24.9
2016-06-26,7751,7687,64,108,서울,24.4,19.4,30.3,,2.7,15.1,58.4,17.2,13.4,25.57,30.5
2016-06-27,8397,8328,69,108,서울,24.4,19.9,29.5,,1.6,14.2,55.5,16.3,5,13.72,28.3
2016-06-28,7856,7782,74,108,서울,24.7,20.4,29.7,,1.8,16.2,61.1,18.5,9.2,17.87,27.9
2016-06-29,7774,7621,153,108,서울,25.3,20.9,30.2,,2.2,16.2,58,18.6,7.5,17.64,30.9
2016-06-30,7216,7125,91,108,서울,24.6,23,26.9,0.2,2.8,20.4,78.1,24,0.9,7.45,26
2016-07-01,8141,8079,62,108,서울,24,22,26.6,108.5,2.3,21.4,86.5,25.6,0,3.23,23.9
2016-07-02,7011,6990,21,108,서울,23.5,20.6,27.7,4,2.4,19.8,81.4,23.2,4.3,13.17,24.8
2016-07-03,10262,10183,79,108,서울,23.5,21.1,26.8,,1.6,17.6,70.4,20.1,3.8,12.08,23.6
2016-07-04,5520,5468,52,108,서울,21.8,20.2,24.1,29.5,3,19,85.1,22,0.8,5.05,22.3
2016-07-05,4846,4824,22,108,서울,23.1,20.2,24.8,100.5,2.8,21.9,93.6,26.3,0,2.17,22.9
2016-07-06,3604,3581,23,108,서울,22.9,20.3,26.9,0,1.9,17.7,74,20.3,6.7,15.62,24
2016-07-07,4265,4222,43,108,서울,24,20.1,28.5,0,1.3,18.3,71.6,21,5.7,15.11,24.9
2016-07-08,4375,4334,41,108,서울,27.3,21.2,32.4,,1.8,19.9,66.5,23.4,13.3,24.24,30.7
2016-07-09,5234,5191,43,108,서울,27.7,23.2,32.7,,2,19.9,64.8,23.3,12.1,24.33,34
2016-07-10,4615,4574,41,108,서울,27.9,23.2,33.1,,1.8,20.2,64.4,23.7,8.6,20.7,34.5
2016-07-11,5106,5063,43,108,서울,28.4,24.8,33.4,0,1.7,21.4,67.4,25.6,5.6,15.06,32.5
2016-07-12,5254,5216,38,108,서울,26.3,22.1,30.9,3,2.1,18.9,65.5,22,8.3,17.79,29.2
2016-07-13,4300,4264,36,108,서울,26.3,23.2,29.5,0,2.1,20,69,23.4,4.6,13.8,30
2016-07-14,4468,4431,37,108,서울,27.5,24,32.4,0.1,2.1,20.4,66.9,24,9.9,16.79,32.2
2016-07-15,5085,5017,68,108,서울,26.2,23.7,29.2,1.5,2.6,17.6,60,20.2,2.6,12.2,28.3
2016-07-16,4629,4533,96,108,서울,20.8,19.8,23.8,46.5,3.5,19.5,92.8,22.7,0,3.68,21.5
2016-07-17,6710,6677,33,108,서울,21.7,20.4,23.1,2.5,2.6,18.5,82.9,21.3,0,5,22.5
2016-07-18,3891,3866,25,108,서울,24.4,20.7,28.4,0.2,1.5,19.5,75.1,22.6,8.1,14.65,25.5
2016-07-19,5125,5044,81,108,서울,27.1,20.9,32.4,,1.5,19.4,65.5,22.5,10.3,20.48,29.5
2016-07-20,6403,6188,215,108,서울,28.6,24,32.9,,1.9,20.5,62.5,24.1,6.8,15.58,30.7
2016-07-21,6369,6285,84,108,서울,28.3,24.9,32.2,,2.2,20,61.3,23.4,4.9,15.16,31.4
2016-07-22,6238,6162,76,108,서울,29.1,25.3,34.1,,2.2,21.4,64,25.5,6.5,17.51,32.4
2016-07-23,13662,13430,232,108,서울,28.7,27.2,31.6,0.5,1.9,22.6,70.4,27.5,3,9.93,30.5
2016-07-24,5848,5784,64,108,서울,28,27,30.1,0.5,2,23.7,77.9,29.3,0.5,6.61,28.1
2016-07-25,7024,6949,75,108,서울,28.4,26.4,31.4,,1.9,23.4,75.3,28.8,3.1,9.71,30.1
2016-07-26,8254,8177,77,108,서울,28.4,25.6,31.9,,2.6,22,69,26.4,6.1,13.94,32.9
2016-07-27,8874,8799,75,108,서울,27.6,26.7,28.9,0.5,3.2,23,76.4,28.1,0.2,4.67,27.1
2016-07-28,13168,12958,210,108,서울,28,26.7,30.5,0.2,2.8,22,70.6,26.5,10,17.82,31.9
2016-07-29,7585,7497,88,108,서울,26.3,23.4,28.4,59.5,1.6,22.8,82.3,27.9,0.5,5.33,26.6
2016-07-30,6301,6249,52,108,서울,28.6,26.4,33,0.5,2.1,23,73.5,28.2,6.5,15.27,29.6
2016-07-31,5986,5928,58,108,서울,28.9,26.6,32.8,0.2,1.6,23.1,72.1,28.3,7.6,16.33,30.5
2016-08-01,5219,5175,44,108,서울,28.4,25.8,32.4,,1.6,22.6,72,27.4,5.6,16.53,30.9
2016-08-02,25544,7386,18158,108,서울,27.2,25,31.1,2,1.2,21.6,72.5,25.8,1.1,9.03,30.3
2016-08-03,3902,3874,28,108,서울,29.1,24,34.2,,1.6,21.6,65.4,25.8,11.8,19.2,32.3
2016-08-04,5036,4986,50,108,서울,30.7,26,35.7,,1.6,21.2,59.6,25.4,11.4,15.8,35.9
2016-08-05,4927,4885,42,108,서울,31.2,26.5,36,,1.8,22.2,60.1,26.8,11.4,17.78,35.1
2016-08-06,5565,5508,57,108,서울,30.5,26.6,34,,1.7,22.9,64.8,27.9,8.8,13.56,35.5
2016-08-07,3954,3913,41,108,서울,30.6,27,35,,1.9,20.5,56,24.1,11.9,20.68,38.3
2016-08-08,7946,7906,40,108,서울,30.5,26.4,35.5,,1.8,22.4,63.1,27.2,10.6,18.34,38.2
2016-08-09,7137,7106,31,108,서울,29.3,26.4,33.6,1,1.9,22.6,68.3,27.5,6,12.45,32.8
2016-08-10,14295,13827,468,108,서울,29.4,26.1,34.8,,1.9,21.9,66.3,26.3,9.3,16.98,34.5
2016-08-11,10740,10661,79,108,서울,30.5,26.1,36.4,,2,22.5,64.1,27.2,12.8,22.2,39.2
2016-08-12,19345,19309,36,108,서울,30.4,26.4,35.9,,2,23.4,68.3,28.9,11.8,19.62,37.5
2016-08-13,7368,7335,33,108,서울,30.2,26.8,35.1,,2.4,23,67.9,28.2,10.4,20.66,37.8
2016-08-14,8398,8356,42,108,서울,28.9,27.3,31.8,0.2,1.9,23.7,74,29.3,4.8,11.38,33.2
2016-08-15,9061,9036,25,108,서울,29.1,25.8,34,0,1.9,21.4,65.5,25.7,8.6,17.09,35.9
2016-08-16,8718,8681,37,108,서울,29.3,26.2,34.9,0.5,1.6,21.8,64.9,26.2,7.8,12.39,35
2016-08-17,6069,6020,49,108,서울,29.9,25.1,34.7,,1.9,20.8,60.4,24.6,11.5,17.75,36.4
2016-08-18,4907,4876,31,108,서울,29.9,26.2,34.3,,1.6,21.5,61.9,25.8,3,11.68,33.5
2016-08-19,4605,4564,41,108,서울,28.9,26.6,33.2,11.5,1.4,22.5,69.5,27.3,1,9.18,33.7
2016-08-20,4107,4077,30,108,서울,30.1,26.5,34.9,,1.7,20.6,59,24.4,4.6,13.72,29.6
2016-08-21,4263,4238,25,108,서울,30.7,26.9,36.6,0,2.1,20.8,57.5,24.6,8.3,17.95,33.8
2016-08-22,3240,3222,18,108,서울,30.7,25.8,36.3,0.4,2.1,21,58,24.9,11.7,18.91,35
2016-08-23,2809,2783,26,108,서울,28.3,26,33,8,2.1,21.8,68.8,26.2,4.8,10.1,29.5
2016-08-24,2362,2341,21,108,서울,29.1,26.4,32.9,0,1.8,20,59.1,23.4,6.9,13.97,29.4
2016-08-25,3257,3232,25,108,서울,27.1,24,32.2,4.5,1.9,20.8,70.4,24.7,3.2,11.54,28.9
2016-08-26,2835,2816,19,108,서울,23,19.5,28.2,20,3.6,12.9,57,15.5,7.6,17.17,23.8
2016-08-27,5103,5067,36,108,서울,23.4,16.9,29.7,0,3.1,9.9,43.3,12.3,12.4,20.97,25.4
2016-08-28,5898,5762,136,108,서울,21,18.3,24.5,1.5,2.6,13.3,62.5,15.4,3.6,10.21,23.7
2016-08-29,1936,1918,18,108,서울,22.2,17.4,27.1,,2,12.2,54.5,14.3,7.1,16.17,23.5
2016-08-30,2867,2847,20,108,서울,20.6,17.9,24.5,0,3.3,12.4,60.4,14.5,6.3,12.02,23.1
2016-08-31,1867,1848,19,108,서울,17.7,16.1,19.2,17.5,3.8,15.1,85.3,17.1,0,3.02,18.1
2016-09-01,1983,1973,10,108,서울,23.2,15.8,28.6,,3.1,17.2,71.3,19.7,8.8,13.76,21.8
2016-09-02,3362,3339,23,108,서울,24.2,20.6,29,4.5,2.7,17.7,68.5,20.3,9.1,16.79,25.5
2016-09-03,3733,3718,15,108,서울,23.9,20.4,28.6,0.5,1.8,18.7,73.8,21.5,3.1,8.93,25
2016-09-04,4111,4083,28,108,서울,25.6,22.1,29.6,,1.5,19.8,71.3,23.2,2.7,10.25,26
2016-09-05,4174,4148,26,108,서울,26.4,23,31.1,,1.7,19.2,66.1,22.2,8.4,14.15,28.6
2016-09-06,4434,4383,51,108,서울,24.7,21,29,,1.8,18.2,69,21,8.3,13.98,26.5
2016-09-07,3529,3511,18,108,서울,24.3,20.9,28.6,,1.8,18.1,69.8,20.8,2.5,9.88,27
2016-09-08,5379,5339,40,108,서울,23,21.5,26.5,4.5,1.3,18.5,76.4,21.3,3.8,8.27,23.3
2016-09-09,7040,6994,46,108,서울,23.9,19.7,29.3,,1.8,17.8,71.1,20.4,9.3,15.29,25.5
2016-09-10,4658,4622,36,108,서울,24.4,20,29.1,,1.6,17.2,65.4,19.6,7.1,12.96,26.4
2016-09-11,9260,8553,707,108,서울,24.5,22.1,28.2,,1.7,17.6,66.3,20.1,3.8,9.83,25.6
2016-09-12,6164,6065,99,108,서울,23.4,21.4,27.5,2.5,1.9,17.2,68.9,19.7,6.2,9.18,23.6
2016-09-13,8411,7599,812,108,서울,24.6,19.6,30.8,,1.8,16.6,62.5,18.9,8,15.74,25.6
2016-09-14,7240,6871,369,108,서울,24.6,21.4,28.9,,1.8,17.6,66.1,20.2,7.2,11.88,27.8
2016-09-15,5654,5432,222,108,서울,23.9,18.8,29.5,,1.3,17.2,68.1,19.7,5.8,13.62,26.5
2016-09-16,5670,5545,125,108,서울,24.6,20.4,29.5,,1.5,17.1,64.9,19.5,3.8,11.91,26.4
2016-09-17,0,0,0,108,서울,23.1,18.5,28.2,7,2.9,15.7,64.8,17.9,7.1,13.53,23.1
2016-09-18,0,0,0,108,서울,23.5,20.2,28.3,,3.1,13.3,53.4,15.3,9.3,15.29,24.7
2016-09-19,0,0,0,108,서울,21.9,18.2,27.8,,3.5,11.6,53.3,13.7,10.1,16.12,25.7
2016-09-20,6905,6457,448,108,서울,20.6,15.4,26.8,,3.1,6.4,41.1,9.6,11.6,19.23,24.8
2016-09-21,5426,5300,126,108,서울,20.2,14.3,25.3,,2,6.9,43.4,9.9,10.8,15.52,22.9
2016-09-22,10703,10302,401,108,서울,21.9,17.5,27.2,,1.8,9.4,46.3,11.8,9,15.24,26
2016-09-23,10147,9935,212,108,서울,21.4,16.4,27.9,,1.6,12.4,57.9,14.5,9.1,14.3,24.6
2016-09-24,12190,11616,574,108,서울,22.3,16.5,28.9,,1.6,13.7,60.6,15.7,9.3,14.56,25.5
2016-09-25,11516,11464,52,108,서울,23,18.6,29.7,,1.2,13.6,57.6,15.6,5.2,12.66,26.6
2016-09-26,12620,12566,54,108,서울,23.6,19.7,28.9,,1.8,14.9,59.1,17,6.5,11.48,26.2
2016-09-27,12753,12727,26,108,서울,21,19.1,23.8,13.5,1.3,17.7,82.5,20.3,0,2.77,21.5
2016-09-28,3620,3531,89,108,서울,19.9,18.7,21.8,0.5,1.3,17.1,84.6,19.5,0,3.59,20.7
2016-09-29,3423,3384,39,108,서울,20.4,18.2,24.8,,3,13.3,64.4,15.3,5.3,12.55,21.3
2016-09-30,4349,4333,16,108,서울,20.5,17.7,23.5,,1.6,14,66.9,16,0.4,7.66,20.9
2016-10-01,4331,4316,15,108,서울,21.1,17.5,25.6,,1.2,14.9,69,17,4.3,10.06,21.8
2016-10-02,4052,4033,19,108,서울,19,16.7,22.4,18.5,2.7,16.2,84.1,18.5,0,2.6,18.6
2016-10-03,19473,19458,15,108,서울,22.7,19.6,27.9,6.5,2.7,17.3,73.3,19.9,8.5,14.52,23.6
2016-10-04,17082,16871,211,108,서울,22,15.6,29,,2.4,12.8,58.9,14.9,10.9,16.86,22.4
2016-10-05,4180,4161,19,108,서울,21.1,17.5,27.2,,3,13.3,61.9,15.3,6.1,11.59,22.1
2016-10-06,4013,3996,17,108,서울,18,13.6,23.5,,2.6,9.5,59.3,11.9,10.7,15.52,21
2016-10-07,3309,3289,20,108,서울,19.7,16.5,24.8,2,2.6,13.2,67.8,15.3,4.7,9.25,21.9
2016-10-08,3006,2976,30,108,서울,16.8,10.3,21.8,6,2.9,9.8,66.4,12.7,7.2,12.09,18
2016-10-09,1094,1066,28,108,서울,11.3,6.5,16.6,,2.9,-0.2,46.3,6,10.7,16.46,14.6
2016-10-10,1086,1076,10,108,서울,14,7.4,21.4,,1.6,1.2,43.3,6.7,10.3,15.29,16.3
2016-10-11,1593,1582,11,108,서울,15.4,10,21.1,,1.8,7.9,62.4,11,8,11.48,16.5
2016-10-12,2658,2632,26,108,서울,15.5,11.4,20.7,,2,6,57,9.7,10.5,13.98,18
2016-10-13,1980,1967,13,108,서울,15.2,9.3,21.9,,1.4,2.4,44.1,7.4,9.3,13.22,17.2
2016-10-14,1639,1628,11,108,서울,16.7,10.5,23.5,,1.3,9,61.8,11.5,8.5,11.82,17.2
2016-10-15,1934,1922,12,108,서울,19.1,12.4,27.1,,1.3,10.4,60.6,12.6,8.3,12.6,19.6
2016-10-16,2744,2728,16,108,서울,17.2,15.4,19.5,1.5,1.5,12.3,74.1,14.4,0,3.06,16.5
2016-10-17,2004,1999,5,108,서울,17.5,14.5,21.7,,1.4,13,76.1,15,7.2,9.51,18.2
2016-10-18,2394,2381,13,108,서울,17,11.2,24,,1.4,11.2,70.9,13.3,8,12.24,17.7
2016-10-19,2600,2586,14,108,서울,18,14,24.3,,1.5,11.4,67.6,13.5,8.7,11.84,18.9
2016-10-20,2270,2257,13,108,서울,18.6,12.9,25.8,,1.8,10.3,61.3,12.6,9.3,12.55,19.4
2016-10-21,4297,4279,18,108,서울,17.9,15.7,22,,3,9.5,58.6,11.9,3.2,8.17,19.3
2016-10-22,3922,3909,13,108,서울,18.3,14.5,22.8,,1.8,10,59,12.3,5.4,8.59,20.1
2016-10-23,3612,3590,22,108,서울,13.3,10.6,17.8,2.5,4,6.9,66.3,10,0.1,2.33,13.8
2016-10-24,926,920,6,108,서울,15.1,9,20.6,,2.4,5.7,54.8,9.2,9.4,13.55,16.4
2016-10-25,2894,2878,16,108,서울,14.1,12.5,17.5,37,2.2,11.2,84,13.3,3.2,4.25,14
2016-10-26,1167,1164,3,108,서울,13.3,10.5,16.3,0,1.4,10,81,12.3,2.2,5.48,13
2016-10-27,1129,1120,9,108,서울,14.6,8.6,20.9,,1.9,7.8,65.4,10.7,5.9,9.88,13.5
2016-10-28,2314,2305,9,108,서울,14.6,10.2,18.4,0.3,2.5,7.1,61.8,10.3,4.3,7.11,14.4
2016-10-29,949,947,2,108,서울,7.8,3.5,11.2,,3,-4.9,40.3,4.3,1.1,6.54,8.3
2016-10-30,59,57,2,108,서울,7.9,1.6,15.1,,1.5,-8.7,31.9,3.2,9.7,13.56,8.6
2016-10-31,191,190,1,108,서울,5.7,0.7,8.2,0.5,2,-1.7,59.9,5.6,0,2.14,6
2017-04-17,1107,1102,5,108,서울,14.7,11.2,18,5.5,2.2,8.1,66.5,10.9,0.7,4.44,13.2
2017-04-18,480,477,3,108,서울,11.7,9.4,17.4,7.5,2.5,7.5,76.5,10.4,2.7,6.2,11.2
2017-04-19,213,212,1,108,서울,12.6,7,18.4,,2.9,-0.6,43.1,5.9,12.3,23.08,15.2
2017-04-20,753,750,3,108,서울,12.9,9.9,18.2,0.1,2.3,1,45.4,6.6,2.6,10.27,13.4
2017-04-21,586,585,1,108,서울,13.1,7.6,19.3,,2,4.1,56.5,8.2,8.5,18.12,15.9
2017-04-22,609,606,3,108,서울,14.8,8.5,22.5,,2.1,2.3,48.4,7.4,12.4,21.83,19.9
2017-04-23,899,889,10,108,서울,14.9,8.9,21.7,,2.4,-0.1,40,6.2,12.6,23.55,19.3
2017-04-24,812,805,7,108,서울,15.1,8.3,21.3,,2.7,0.5,39.4,6.4,12.1,21.56,18.3
2017-04-25,1048,1035,13,108,서울,16,12.9,20.4,,2.7,7.3,56.8,10.3,4.7,,18.4
2017-04-26,955,945,10,108,서울,15.1,10.5,20.2,,3.3,-1.9,36,5.7,12.6,25.55,21.8
2017-04-27,870,863,7,108,서울,13.6,7.9,19.8,,3.3,-0.5,41.8,6,12.8,24.94,20.2
2017-04-28,755,747,9,108,서울,14.4,8.9,21.5,,3,5.2,57.3,8.9,12.2,22.59,19.1
2017-04-29,775,766,10,108,서울,17.1,9.6,23.7,,2.7,3.1,44.3,7.8,12.5,24.45,22.1
2017-04-30,1117,1104,13,108,서울,19.3,13.7,27.8,,2.6,10.1,57.9,12.4,11.4,21.96,24.2
2017-05-01,1078,1057,22,108,서울,20.1,12.8,28.3,,1.9,8,50.8,10.9,11.9,24.3,25.8
2017-05-02,1364,1347,17,108,서울,20.7,15.2,28,,2.1,6.4,42,9.7,8.7,20.21,25.4
2017-05-03,1262,1249,13,108,서울,21.5,14.5,30.2,,2,4,34.1,8.2,12.6,24.05,27.2
2017-05-04,1300,1284,16,108,서울,21,14.8,27.5,,2,7.7,43.6,10.6,8,17.89,25.4
2017-05-05,1198,1187,15,108,서울,20.9,15.5,27,,3.2,10.6,53.4,13,11.6,23.38,28.4
2017-05-06,1221,1208,15,108,서울,14.9,10,19.3,,3.8,-2.5,32,5.4,12.4,25.23,22.3
2017-05-07,989,969,20,108,서울,16.6,10.9,22.8,,3.2,2.1,42.6,7.4,12.6,25.9,23.6
2017-05-08,1135,1115,20,108,서울,17.9,11.1,23.5,,2.1,5.1,43.6,9,6.1,16.92,21.7
2017-05-09,1431,1415,16,108,서울,17.1,15.3,22.6,2.5,1.6,9.3,62.6,12,1.3,8.34,19.7
2017-05-10,1298,1287,11,108,서울,16.4,14.2,20.8,2.5,2.5,11.3,73,13.5,7,15.29,18.4
2017-05-11,1320,1304,16,108,서울,19.3,13.1,24.8,0,1.8,12.3,65.3,14.4,5.3,16.69,21.6
2017-05-12,2086,2064,22,108,서울,19.1,16.8,21.1,,2.1,13.8,71.6,15.8,0,5.57,17.6
2017-05-13,1899,1876,23,108,서울,16.4,12.4,22.6,6,3.1,12.3,77.8,14.3,2.2,8.35,17.2
2017-05-14,1352,1330,22,108,서울,15.7,11,20.7,,3.7,6.6,58.3,9.8,13.1,27.71,19.9
2017-05-15,2093,2047,46,108,서울,16,12.3,20.1,0,2.8,8.3,61.4,11,8.1,17.5,20.7
2017-05-16,2009,1974,35,108,서울,17.1,13.3,22.3,,2,8.9,60.5,11.4,9.6,16.79,22
2017-05-17,2056,2031,25,108,서울,18.6,12.3,25.9,,2.1,7.8,51.5,10.6,13.2,26.53,25.8
2017-05-18,2259,2228,31,108,서울,20.4,13.9,26.9,,2.3,6.6,41.9,9.8,12.9,24.44,27.2
2017-05-19,2056,2025,31,108,서울,21.1,15.1,27.9,,2.6,6.7,42.6,9.9,13.3,26.72,28.9
2017-05-20,2111,2086,25,108,서울,20.9,15.4,27.3,,2.4,7.5,44,10.4,13,24.18,27.8
2017-05-21,2144,2116,28,108,서울,21.5,16,27.6,,2.3,9.3,48.1,11.8,11.9,26.62,30.6
2017-05-22,2094,2064,30,108,서울,21.8,15.9,28,,2,11.3,53.6,13.4,11.8,22.27,29
2017-05-23,2135,2099,36,108,서울,20,17.2,24.4,5,1.9,13.5,68,15.6,2.4,11.66,23.6
2017-05-24,1900,1882,18,108,서울,21.8,16.9,27.8,0.1,2,12.9,60.4,15,12.7,24.99,27
2017-05-25,3048,3017,31,108,서울,19.2,14.4,24.4,,3.4,6.1,45.6,9.8,12.8,24.3,25.9
2017-05-26,1941,1921,20,108,서울,17.7,12.4,23.2,,2.9,3.8,41.5,8.2,11.3,25.32,26.1
2017-05-27,2181,2161,20,108,서울,19.5,13.7,26.4,,2.2,6.3,46.1,9.8,13.5,26.95,28.4
2017-05-28,2159,2142,17,108,서울,21.2,14.4,27.9,,2.7,9.7,50.6,12.6,11.2,23.57,28.3
2017-05-29,2315,2293,22,108,서울,22.9,18.1,29.3,,2.3,14.6,61.8,16.6,9.7,22.29,29.8
2017-05-30,2527,2520,7,108,서울,23.6,18.6,30.3,,2.4,7.3,43.5,11.3,11.1,21.3,29.1
2017-05-31,2155,2131,24,108,서울,23.3,17.7,29.6,,1.9,11.1,49.1,13.6,10.2,20.09,30.7
2017-06-01,2097,2081,16,108,서울,23.3,20,27,,3.1,11.6,51.8,14.6,10.6,21.83,31.4
2017-06-02,2346,2317,29,108,서울,20.5,15.5,25.6,0,2.8,4.7,37.4,8.6,12.2,25.66,29.1
2017-06-03,1971,1948,23,108,서울,20.5,16.1,26.5,,3,7.3,44,10.2,13.5,27.88,31.2
2017-06-04,2069,2043,26,108,서울,21.7,15.1,28.1,,2.6,5.2,36.9,8.9,13.6,27.49,30.3
2017-06-05,2243,2206,37,108,서울,24.2,16.4,30.3,0,1.9,6.1,33.3,9.4,12.9,26.62,32.8
2017-06-06,2399,2360,39,108,서울,19.4,14.5,23.9,15.5,2.5,10.2,60,12.7,0,7.4,21.6
2017-06-07,1299,1292,7,108,서울,17.6,15.1,19.2,12.5,2.4,16,91.4,18.3,0.2,3.47,17.8
2017-06-08,1745,1722,23,108,서울,20.1,15.1,25.9,,2.8,13.3,67.3,15.3,11.8,25.61,23.1
2017-06-09,2445,2427,18,108,서울,21.2,17.9,25.7,0.1,3.3,15.2,69.8,17.3,7.4,16.67,23.8
2017-06-10,2470,2442,28,108,서울,21.5,16.7,27.5,4.5,2.3,7,46.8,10.8,9.8,24.26,22.4
2017-06-11,2642,2613,29,108,서울,22.8,14.8,29.6,,2.2,5.1,33.8,8.8,13.7,28.53,26.8
2017-06-12,2823,2792,31,108,서울,22.1,17,28,,2.8,9.1,45.5,11.7,12.2,24.22,27
2017-06-13,2728,2697,31,108,서울,21.5,18.3,25.9,0,2.4,13.9,63,15.9,10.3,21.29,28.7
2017-06-14,2615,2558,57,108,서울,21.8,17.8,26.8,,2.8,13.9,63,15.9,11.9,25.27,30.1
2017-06-15,3039,2986,53,108,서울,23.1,18,29.6,,2.5,14.8,62.4,16.8,11.4,24.81,30.5
2017-06-16,3332,3272,60,108,서울,25.5,20,32.7,,2.2,15.2,55.8,17.3,11.9,24.11,32.5
2017-06-17,3770,3714,56,108,서울,24.2,20.6,29.9,,2.4,13.2,52.3,15.3,12.7,24.5,32.2
2017-06-18,3523,3480,43,108,서울,24.3,18.6,31.8,,2.3,12.8,52,14.9,13.2,26,32.4
2017-06-19,4001,3947,54,108,서울,24.8,19.5,30.2,,1.8,12.8,50.9,14.9,11,21,30.4
2017-06-20,3986,3931,55,108,서울,26,20,32.7,0,2.1,12,43.4,14.1,7.9,18.81,30.3
2017-06-21,4015,3969,46,108,서울,25.4,21.7,31.6,0,2.9,14.3,52.6,16.4,11.1,23.53,34
2017-06-22,4132,4069,63,108,서울,25.3,21.2,30.4,,2.5,15.7,57.3,17.9,10.8,23.53,34.8
2017-06-23,4718,4666,52,108,서울,26.7,21.3,34.1,,2,15.8,53,17.9,12.9,22.75,34.6
2017-06-24,5189,5131,58,108,서울,24.5,21.5,27.8,3.5,1.2,15.8,60.4,18.2,0.8,7.22,26.3
2017-06-25,4755,4714,41,108,서울,23.8,21,28.4,1.5,1.5,18.9,75.4,21.8,4.6,12.96,24.4
2017-06-26,5340,5298,42,108,서울,23.1,20.1,29.9,29,2.2,18.3,76.9,21.1,4.9,14.3,24.5
2017-06-27,5900,5862,38,108,서울,25.2,20.8,30.5,0,2.2,18.4,67.5,21.2,7.8,18.34,27.3
2017-06-28,6293,6250,43,108,서울,26,22.5,30.5,,2.1,18.3,63.5,21,6.9,16.7,27
2017-06-29,6252,6136,116,108,서울,26.2,21.9,31.5,,2.2,18.5,64.8,21.3,9.5,21.06,29.5
2017-06-30,6055,6007,48,108,서울,25.9,22.2,30.9,,2.2,18.6,65.9,21.5,7.7,19.45,31.4
2017-07-01,6237,6183,54,108,서울,25.3,22.4,30.7,0.5,2,19.9,73.6,23.3,3.4,13.89,30.5
2017-07-02,6711,6681,30,108,서울,24.3,21.9,26.8,92,2.5,22.6,90.5,27.4,0,5.5,24.7
2017-07-03,5818,5803,15,108,서울,24.7,21.9,27.4,67.5,3.5,22.3,87.6,27,2,9.19,25.1
2017-07-04,6123,6094,29,108,서울,26.7,23.8,31.6,0.5,2,21.4,74.5,25.6,9.4,19.73,28.3
2017-07-05,5525,5489,36,108,서울,27.4,23.3,32.6,,1.5,20.3,66.9,23.8,7.8,18.39,27.2
2017-07-06,4819,4774,45,108,서울,27.6,23.9,34.6,34,1.7,21.5,72.3,25.9,8.3,19.12,31.1
2017-07-07,4930,4894,36,108,서울,26.4,24.4,28.4,16.5,2,22.7,80.8,27.7,1,6.32,26.4
2017-07-08,4015,3999,16,108,서울,26,24.6,27.6,4.5,2.6,22.8,83.3,27.8,0.1,4.66,25.9
2017-07-09,4599,4588,11,108,서울,26.3,23.8,30.3,32.5,1,24,88,29.8,1.6,9.27,27.4
2017-07-10,3800,3794,6,108,서울,24,22.6,25.4,144.5,2.3,23.4,96.5,28.7,0,2.01,24.4
2017-07-11,2147,2140,7,108,서울,26,22.2,30.9,1,2.1,22.2,81.4,26.9,5.6,13.94,27.2
2017-07-12,3318,3291,27,108,서울,27.1,24.9,31.1,0,2.3,22.2,75.9,26.8,7.7,17.01,29.2
2017-07-13,3099,3067,32,108,서울,27.6,23.1,32.1,,1.5,21.5,71,25.7,9.2,19.23,29.2
2017-07-14,3976,3928,48,108,서울,28.7,26.1,33,0,2.1,22.1,68.4,26.6,6.6,16.04,30.7
2017-07-15,4612,4552,60,108,서울,25,23.4,27.3,42.5,2.2,22.9,89,28,0.5,5.65,25.7
2017-07-16,4472,4428,35,108,서울,26.2,23.4,28.8,22.5,1.4,22.9,83.4,27.9,0.9,10.5,27.1
2017-07-17,4393,4362,31,108,서울,26.8,24,29,7.5,2,22.3,77.3,26.9,0.3,11.18,28.1
2017-07-18,5485,5447,38,108,서울,26.5,23.9,30.7,2.5,1.6,22.7,80.6,27.5,4.3,11.5,27.5
2017-07-19,5195,5155,40,108,서울,28.3,24.5,34.1,,1.8,22.3,71.4,26.9,7,20.43,29.6
2017-07-20,5527,5492,35,108,서울,29.9,26,34.9,,2.2,22.6,66.1,27.4,10.3,20.59,33.2
2017-07-21,6190,6136,54,108,서울,29.8,27.3,32.4,,2.5,24.4,73.1,30.5,2.1,10.81,30.7
2017-07-22,6352,6299,53,108,서울,29.3,27.5,32.5,0.5,2.3,24.4,75.8,30.6,2.3,10.01,30.9
2017-07-23,5764,5717,47,108,서울,27,26.1,28.1,133.5,2.1,25,89.5,31.7,0,2.72,26.7
2017-07-24,5984,5957,27,108,서울,26.2,25.6,27.3,3,1.2,22.9,82.3,27.9,0,5.17,26.8
2017-07-25,3869,3849,20,108,서울,29.4,24.6,35.4,,1.9,21.3,64.1,25.4,10.7,21.74,31.7
2017-07-26,4588,4511,77,108,서울,28.7,24.2,32.8,,2.7,18.6,55.6,21.5,11.4,22.61,32.5
2017-07-27,4512,4474,38,108,서울,27.1,24.9,29.7,3.5,1.9,19,62.5,22.1,1.2,10,29
2017-07-28,3612,3590,22,108,서울,25.5,24.8,26.9,8.5,1.5,24,92.1,29.9,0,3.38,25.9
2017-07-29,4052,4027,25,108,서울,27.2,25,30.1,0,2.3,21.6,72.3,25.8,2.5,11.78,27.5
2017-07-30,4756,4723,33,108,서울,27.9,24.7,32.6,,1.9,20.3,64.4,23.8,6.9,18.56,29.9
2017-07-31,5046,5016,30,108,서울,25.7,24.8,27.1,3.5,1.4,22.4,82.3,27.1,0,4.34,26.1
2017-08-01,3995,3964,31,108,서울,28.6,24.1,33,2,1.7,22.9,73,28,8.8,18.08,29.4
2017-08-02,5032,4989,43,108,서울,30,26.6,33,,1.3,24.2,71.9,30.2,3.9,11.98,30.4
2017-08-03,3946,3903,43,108,서울,30.2,27.2,33.9,,2.2,21.3,60.6,25.4,10.4,21.79,32.8
2017-08-04,4029,3999,30,108,서울,30.3,25.9,35.3,,2.1,21.4,60.1,25.6,11.8,22.18,34.6
2017-08-05,3743,3717,26,108,서울,31.4,27.6,34.8,0,1.9,23.3,63,28.7,9.4,16.84,35.8
2017-08-06,3749,3718,31,108,서울,29.8,28.2,34,5,1.9,24,71.9,29.9,3.7,11.98,32.1
2017-08-07,4388,4362,26,108,서울,29.2,26.4,34.4,,2.4,22.2,68.1,26.9,10.7,22.74,33.6
2017-08-08,3914,3885,29,108,서울,28.2,25.5,31,,1.9,21.2,67.1,25.3,5.6,13.47,30.5
2017-08-09,4270,4233,37,108,서울,27.6,24.6,32,2.5,2.3,20.5,66.4,24.1,4,14.17,32
2017-08-10,3726,3702,24,108,서울,24.8,23.9,26.3,5.5,2,23,89.9,28.1,0,6.21,27.4
2017-08-11,3943,3911,32,108,서울,27,23.9,32.4,0.5,2.3,21.4,72.5,25.5,7.3,15.55,29.4
2017-08-12,3967,3936,31,108,서울,27.8,23.2,32.6,,2.1,19.1,60.3,22.2,9.6,18.42,29.2
2017-08-13,4074,4018,56,108,서울,26.3,24.2,28.4,0,2.8,18.3,62.1,21.1,1.4,11.22,27.8
2017-08-14,3674,3627,47,108,서울,24.6,23.1,27.1,1.5,3.6,18.1,67.5,20.9,0,7.26,25.4
2017-08-15,3640,3615,25,108,서울,21.9,20.8,24,93.5,3.6,20.8,93.8,24.5,0,3,22.9
2017-08-16,3372,3351,21,108,서울,23.3,20.5,26.8,2,3.7,19.6,80.5,22.8,1.6,10.41,24.6
2017-08-17,3695,3658,37,108,서울,24.8,21.2,27.7,0.5,2.1,20.4,77.1,24,1.8,9.67,26.1
2017-08-18,3382,3363,19,108,서울,26.3,23.9,30.6,0,1.3,21.4,75.6,25.5,5,12.1,26.8
2017-08-19,3972,3944,28,108,서울,26.1,23.1,28.7,0,2,21.4,75.8,25.4,1.2,9.79,26.9
2017-08-20,4008,3978,30,108,서울,23.2,22,25.8,124.5,2.9,22.4,95.6,27.1,0,3.48,23.8
2017-08-21,3853,3829,24,108,서울,25.8,23.7,29.2,5,2.4,22.2,81.5,26.9,5.2,10.72,26.9
2017-08-22,3875,3847,28,108,서울,27.3,23.4,31.5,,1.9,21.1,70.6,25.1,9.5,16.45,29
2017-08-23,3752,3702,50,108,서울,27.2,24.6,30.2,31.5,2.6,24.2,84.1,30.3,2.4,8.22,27.4
2017-08-24,3708,3662,46,108,서울,26.5,23.9,28.1,14,4,23.7,85.3,29.4,0.8,3.62,25.7
2017-08-25,3185,3156,29,108,서울,25.3,22.2,30.6,,1.7,16.2,61.9,19,8.5,20.24,25.7
2017-08-26,4130,4089,41,108,서울,24.2,19,29.2,,2,13.4,54.5,15.7,12.5,24.43,27.3
2017-08-27,3430,3381,49,108,서울,22.7,19,26.7,0,1.4,14.9,62,17,3.3,10.32,24.8
2017-08-28,3015,2979,36,108,서울,21.5,18.3,26.5,9,1.5,15.9,73.1,18.2,1.3,6.82,22.6
2017-08-29,2379,2347,32,108,서울,19.5,17,24,,3.2,8.3,51.4,11.4,11.3,21.08,22.8
2017-08-30,3046,3011,35,108,서울,19.8,16.1,23.9,,1.5,10.3,55.8,13.2,3.4,9.64,19.7
2017-08-31,2877,2853,24,108,서울,22.2,16.6,27.6,,1.6,14,62.4,16,11.8,19.21,24.3
2017-09-01,3470,3435,35,108,서울,23.3,17.1,29.7,,2.2,13.3,56,15.3,12.4,22.7,26.6
2017-09-02,2964,2928,36,108,서울,23.8,18.6,29.6,,1.8,14.8,59,16.9,10.7,19.67,27.2
2017-09-03,3194,3160,34,108,서울,23.7,19,29.2,,1.6,16.2,64,18.4,8.5,15.85,25.6
2017-09-04,3589,3549,40,108,서울,24.6,19.7,30.1,,1.6,13.7,53.8,15.8,8.8,17.94,28.6
2017-09-05,3351,3307,44,108,서울,21.9,20.4,23.7,0,1.7,14.3,62.4,16.4,0,5.38,22.6
2017-09-06,3053,2985,68,108,서울,20.6,18.5,24,2,1.2,16.1,75.5,18.3,0,6.06,21.5
2017-09-07,2898,2874,24,108,서울,22.4,17.8,27.5,,1.4,17.1,73.3,19.7,7.6,14.01,24.3
2017-09-08,3564,3519,45,108,서울,24.3,20.4,29.9,,1.7,17,67.5,19.6,9.7,19.77,27.6
2017-09-09,3839,3789,50,108,서울,23.8,19.2,28.2,,1.4,17.6,70.1,20.1,11.1,16.69,26.5
2017-09-10,3825,3774,51,108,서울,23,19.9,26.1,0.5,1.4,18,74.3,20.7,0,7.34,24.3
2017-09-11,3406,3365,41,108,서울,21.2,18.6,24.6,24,1.7,17.3,79.8,19.8,1.9,8.17,22.6
2017-09-12,3588,3546,42,108,서울,22.1,17.7,27.9,,1.9,12.8,58.6,15.2,11.6,19.09,23.3
2017-09-13,4328,4284,44,108,서울,21.4,15.9,27.5,,1.9,9.7,49.3,12.1,11.9,21.6,23
2017-09-14,3752,3709,43,108,서울,22.4,14.8,29.5,,1.7,10.5,48.8,12.7,11.5,20.59,23.9
2017-09-15,3864,3811,53,108,서울,22.6,17.8,27.9,,3.6,10.7,48.4,13,11.3,19.03,25
2017-09-16,3302,3255,47,108,서울,22,16.7,27.6,,3.6,11.2,50.9,13.3,11,20.23,25.2
2017-09-17,3373,3308,66,108,서울,23.1,19,29.2,,2.7,12.2,51.3,14.2,10,19.04,26.7
2017-09-18,3531,3478,53,108,서울,21.9,16.4,27.6,,2.1,14,62.8,16.1,11.4,18.98,25.8
2017-09-19,3621,3572,49,108,서울,22.6,20.1,25.8,8,3,18.7,79.1,21.7,2.1,7.26,24.6
2017-09-20,3363,3330,33,108,서울,19.5,14.1,24.9,,2.4,7.9,48.9,10.8,11.6,20.74,20.3
2017-09-21,3271,3217,54,108,서울,20.3,14.2,27,,1.6,10.5,57.3,12.8,11.5,19.35,21.7
2017-09-22,3416,3379,37,108,서울,20.6,15.4,26.8,,2.1,12.3,60.8,14.4,11,16.7,22.1
2017-09-23,3591,3556,35,108,서울,21.8,17.6,27.3,0,1.6,15.7,69.8,17.9,7.3,13.3,23.3
2017-09-24,3928,3899,29,108,서울,22.4,18.8,27.9,0,2,16.8,71.5,19.2,5.4,11.77,24.3
2017-09-25,4255,4201,54,108,서울,23.4,17.4,30.1,,1.4,14,58,16,10.4,16.62,25.2
2017-09-26,3750,3692,58,108,서울,25.1,19.4,31.4,0,1.9,15.5,57,17.6,8.7,15.66,27
2017-09-27,3547,3511,36,108,서울,22.7,19.9,27.3,0.5,1.7,16,66.4,18.3,0,0.02,24
2017-09-28,4052,3975,77,108,서울,19.2,14.2,25.3,,2.8,7.1,49.1,10.6,,11.81,23
2017-09-29,3374,3302,72,108,서울,17.4,11.2,23.5,,2.2,2.6,39.3,7.5,10.5,13.75,20
2017-09-30,3467,3436,31,108,서울,20,14.7,25.9,,1.5,12.9,64.9,15.2,5.8,6.11,21.1
2017-10-01,3199,3161,38,108,서울,18.2,15.5,21.2,4,2.3,13.4,74.8,15.4,0.6,3.06,18.8
2017-10-02,2363,2342,21,108,서울,22,15.6,29.4,1.5,2.3,13.6,62.3,15.6,10.2,11.2,21.7
2017-10-03,4357,4307,50,108,서울,17.6,13.4,23.6,,2.3,6.8,49.8,10.1,6.7,7.19,18.2
2017-10-04,3323,3281,42,108,서울,16.7,10.7,24.3,,1.8,5.5,48.5,9.1,8.5,9.93,17.5
2017-10-05,3623,3553,70,108,서울,18.7,13.9,23.4,,2.1,9.6,56.4,12,6.4,7.21,18.7
2017-10-06,3694,3638,56,108,서울,18.9,16.2,23.3,0.5,2.3,12.2,66.4,14.3,4.6,5.32,19.4
2017-10-07,2766,2741,25,108,서울,21.9,16.9,28.8,0,1.2,15.2,67.6,17.3,6.2,9.17,23.9
2017-10-08,3708,3672,36,108,서울,23,19.3,28.7,,1.4,16.2,66.9,18.4,10,9.32,25.3
2017-10-09,3794,3771,23,108,서울,22.5,19.8,27.6,0,1.5,15.4,66,17.6,6.5,7.24,24.9
2017-10-10,3528,3500,28,108,서울,21.4,18.6,24.8,0.4,1.3,17,76.9,19.4,1,3.75,22.1
2017-10-11,2752,2718,34,108,서울,15.5,12.2,21.7,20,2.9,11.3,77.1,13.8,1.9,3.87,17.4
2017-10-12,1654,1610,44,108,서울,11.4,8.8,,,2,5.9,71,9.3,,2.23,11.7
2017-10-13,677,672,5,108,서울,12.8,6.1,18.9,,3.2,2.3,51,7.3,9.6,9.41,12.8
2017-10-14,1715,1701,14,108,서울,14.4,9,20.5,,,0.8,42.8,6.6,10.6,10.58,13.5
2017-10-15,2593,2566,27,108,서울,15.8,9,23,,1.7,2.7,42.5,7.5,9.3,9.97,15.3
2017-10-16,2878,2833,45,108,서울,16.6,13.6,22,,1.7,5,47.6,8.8,5.3,7.3,17.2
2017-10-17,2449,2416,33,108,서울,16.2,9.2,23.9,,1.3,4.4,47.1,8.5,10.3,10.3,16.2
2017-10-18,2498,2473,25,108,서울,16.5,14.2,19.1,0.1,2.4,8.2,58.8,10.9,0.3,3.13,15.7
2017-10-19,1791,1773,18,108,서울,17,11.9,23.2,,1.8,8.1,58.3,10.8,9.2,9.08,16.8
2017-10-20,2180,2133,47,108,서울,17,11.1,24.2,,1.5,8,58.6,10.8,10.1,9.75,16.9
2017-10-21,1830,1818,12,108,서울,17.6,11,25.2,,1.3,6.8,52.8,9.9,10.1,9.75,16.7
2017-10-22,2311,2293,18,108,서울,16.3,11,23.5,,3.1,5.5,50.4,9,9.6,8.97,15.6
2017-10-23,1865,1825,40,108,서울,13.7,8.6,20.6,,1.4,2.1,47,7.2,10.1,9.37,14.4
2017-10-24,1204,1189,15,108,서울,14.4,9.9,20.9,,1.9,4.6,54.3,8.6,8.2,7.95,14.3
2017-10-25,1125,1109,16,108,서울,14.4,9.5,20.6,,1.5,5.7,59,9.2,9.5,9.17,14.7
2017-10-26,1380,1361,19,108,서울,14.5,10.7,18.1,,1.2,5.4,56.5,9,1.8,4.42,14.6
2017-10-27,1649,1619,30,108,서울,16.9,11.9,24.2,,1.2,7.1,54.4,10.1,9.7,8.47,16.8
2017-10-28,1484,1469,15,108,서울,17.2,10.6,24.8,,2,6.7,51.9,9.9,9.8,8.75,16.5
2017-10-29,1695,1671,24,108,서울,11.5,6.3,17.2,,3.3,-0.8,45.6,6.5,7.3,7.94,12.1
2017-10-30,153,149,4,108,서울,7.7,2.5,13.2,,2.4,-10.4,27.4,2.8,9.8,9.16,10.1
2017-10-31,158,154,4,108,서울,10.4,3.6,16,,1.8,1.2,54.3,7,9.5,8.01,11.4
2018-04-30,1321,1313,8,108,서울,19.2,14.1,25,,1.6,11.3,61.6,13.6,9.2,20.74,23
2018-05-01,1856,1837,19,108,서울,20.4,17.8,23.3,0,1.5,15.2,72.8,17.3,3.2,12.42,23.5
2018-05-02,1888,1871,17,108,서울,15.1,8.7,19.7,12,1.9,13.5,90.4,15.8,0,2.47,16
2018-05-03,476,468,8,108,서울,11.2,6.9,14.7,1,2.7,3.8,62.4,8.1,8.2,12.18,11.4
2018-05-04,1069,1052,17,108,서울,14.1,8.8,20,,2.7,1.8,45.5,7,12.4,27.26,17.9
2018-05-05,1747,1717,30,108,서울,18.3,11.6,24.6,,2.6,6.1,46.8,9.6,11,22.26,20.4
2018-05-06,2269,2246,23,108,서울,16.6,15,20.7,22,1.1,14.1,86.4,16.1,3.2,9.31,17.2
2018-05-07,1371,1361,10,108,서울,19.2,14,25.5,,1.2,10.1,60.3,12.5,7.1,17.7,18.4
2018-05-08,2952,2931,21,108,서울,17.5,11.6,22.9,,1.7,6.8,50.9,10,11.3,23.25,21.3
2018-05-09,2007,1988,19,108,서울,15.7,9.2,21.8,,1.7,5,50.4,8.8,12.6,26.77,21.7
2018-05-10,2926,2906,20,108,서울,15.4,11.3,21.4,,2.3,8.9,67.4,11.5,12.3,26.53,22.5
2018-05-11,2433,2422,11,108,서울,16.1,11.9,21.3,,1.8,7.6,59.8,10.5,5.3,18.7,21
2018-05-12,3133,3117,16,108,서울,14.2,11.8,16.1,32,0.9,12.3,89.3,14.4,0,1.32,14.6
2018-05-13,1534,1533,1,108,서울,15.8,12.7,20,0.5,1.9,12.5,82.5,14.5,6.9,16.37,18.4
2018-05-14,2388,2376,12,108,서울,18.2,11.9,24.5,,1.4,12.4,71.4,14.5,7.2,19.19,21.2
2018-05-15,3092,3076,16,108,서울,23.2,15.4,29.3,0,1.1,13.3,56.4,15.5,8.9,21.18,25.3
2018-05-16,3542,3529,13,108,서울,22.3,21.8,24.4,45,1.9,21.1,93.8,25.1,0,1.6,21.6
2018-05-17,1969,1964,5,108,서울,20.9,18.8,23.5,83,1.4,20.4,97,24,0,3.96,21.2
2018-05-18,1637,1634,3,108,서울,16.3,12.2,19.3,6.5,1.3,13.9,86.8,16.3,0.4,5.64,18.2
2018-05-19,1861,1849,12,108,서울,17.6,10.3,24.7,,1.5,5.6,47.5,9.1,12.7,29.13,21.2
2018-05-20,2854,2837,17,108,서울,17,11.5,22.6,,1.4,-0.2,32.1,6.1,4.2,14.42,16.9
2018-05-21,2698,2680,18,108,서울,17.8,11.3,23.7,,1.4,4.7,43.9,9.1,8.8,24.59,21.8
2018-05-22,2718,2708,10,108,서울,18.1,15.4,23.2,12.5,1.1,13.4,75.5,15.5,2.7,10.87,19
2018-05-23,2121,2119,2,108,서울,17.3,13.6,23.3,6.5,2.5,7.7,57.1,10.7,12.7,29.2,21.9
2018-05-24,2675,2663,12,108,서울,18.3,11.2,23.7,,2.2,6.2,47.4,9.6,12.5,27.02,22.1
2018-05-25,2651,2636,15,108,서울,19.7,13.8,26.2,,1.8,6.9,47.4,10.1,12.1,25.48,23.1
2018-05-26,2789,2778,11,108,서울,21.8,14,29.6,,1.4,10,50.1,12.3,12.6,26.86,26.3
2018-05-27,3172,3160,12,108,서울,20.3,17.3,24.7,,1.7,8.3,47.4,11,4.7,17.12,23.6
2018-05-28,3174,3154,20,108,서울,22.3,16.2,29.1,,1.6,11,49.8,13.2,12.5,26.49,27.9
2018-05-29,3500,3480,20,108,서울,21.4,19.1,25.9,1,1.8,15.3,69.3,17.5,3.4,13.34,25.2
2018-05-30,2847,2838,9,108,서울,20.2,15.8,24.7,0,1.9,14.1,69.8,16.2,9.8,21.67,24.8
2018-05-31,3242,3229,13,108,서울,20.9,14.2,27.6,,1.9,11.8,58.9,13.9,12.9,26.94,28.3
2018-06-01,3195,3178,17,108,서울,23.8,17.5,30.2,,1.9,12.1,50.4,14.1,12.9,27.94,30.6
2018-06-02,3300,3270,30,108,서울,23.4,17.6,30.1,,2,9.6,44.5,12,12.8,28.49,30.8
2018-06-03,2841,2828,13,108,서울,24,16.9,30.8,,1.6,8.1,39.4,10.8,12.9,27.18,31
2018-06-04,2986,2977,9,108,서울,22.6,18.9,27.5,,1.9,11.3,50.1,13.6,9.2,21.13,27.4
2018-06-05,2767,2760,7,108,서울,23.7,17.7,29.2,,1.7,12.7,52.5,14.7,11.4,24.35,30.7
2018-06-06,3137,3119,18,108,서울,23,18.4,27.9,,2,15.2,62.9,17.4,12.7,26.6,30.9
2018-06-07,3517,3491,26,108,서울,22.2,17.8,29.4,,2,15.7,69.3,17.9,9.4,24.04,30
2018-06-08,3153,3122,31,108,서울,21.9,18.5,27,,2.1,15.3,68,17.5,7.1,18.52,31.1
2018-06-09,3228,3198,30,108,서울,23.7,18.9,30.1,0.5,1.4,14.9,60.6,17,7.9,20.24,29.7
2018-06-10,3617,3581,36,108,서울,21.3,18.3,24.9,0.5,1.4,12.9,59.9,14.9,1.4,12.82,23.7
2018-06-11,4180,4152,28,108,서울,20.2,18,23.9,5,1.4,13.5,67.3,15.7,3.3,11.27,24.5
2018-06-12,3436,3417,19,108,서울,21.3,16.6,27.1,0,1.7,14,65.5,16,12.1,23.45,26.2
2018-06-13,4196,4163,33,108,서울,22,18.3,27,0,1.5,14.7,64,16.7,4.9,15.75,25.3
2018-06-14,4693,4640,53,108,서울,21.6,18.8,25.1,29,1.1,16.6,74.9,19,1.4,10.34,22.7
2018-06-15,4586,4516,70,108,서울,21.7,17.2,27,16.5,1.4,13.1,60.8,15.2,9.8,23.64,24
2018-06-16,4781,4746,35,108,서울,22.5,16.3,28.7,,1.4,12.9,56.4,15.1,13,28.06,26.8
2018-06-17,4987,4943,44,108,서울,22.8,18.9,27.5,,1.3,16.1,66.9,18.2,2.4,14.78,25.3
2018-06-18,5380,5323,57,108,서울,24.8,19.9,30.8,,1.5,14.4,54.9,16.4,12.6,26.17,30.4
2018-06-19,4653,4605,48,108,서울,22.4,19.1,27.2,,1.8,14.2,61.3,16.2,3.1,17.65,26.4
2018-06-20,4489,4442,47,108,서울,22.7,19.1,28.4,,2.3,16.1,68.1,18.3,10.2,24.52,28.9
2018-06-21,4588,4545,43,108,서울,23.7,19.4,28.7,,2.2,14.9,60.1,17,12.6,28.21,32.2
2018-06-22,5116,5080,36,108,서울,25,18.2,32,,1.8,10.4,45.1,12.9,12.4,27.4,30.6
2018-06-23,5058,5010,48,108,서울,24.5,20.9,28.9,,2,12.9,50.6,15.3,8.5,22.19,30.7
2018-06-24,4705,4673,32,108,서울,25.2,20.1,32.1,,1.9,16.3,62.8,18.8,11.1,25.7,32.8
2018-06-25,4866,4830,36,108,서울,27.1,21.3,32.9,,1.2,17,57.1,19.5,7.8,20.44,31.7
2018-06-26,4696,4664,32,108,서울,22.3,20.2,26.9,71.5,2.4,19.9,88.3,23.5,0,1.29,22.5
2018-06-27,3301,3285,16,108,서울,22.3,19.1,25.5,1,2,18.9,81.9,21.8,2.9,13.56,23.7
2018-06-28,3740,3709,31,108,서울,23.3,20.6,27.3,26.5,1.1,20.5,85.1,24.1,1.9,9.31,24.5
2018-06-29,2960,2937,23,108,서울,24.7,21.9,29.1,6.5,1.5,20.4,78.5,24,8.4,18.79,26.6
2018-06-30,3353,3318,35,108,서울,24.4,21.6,27.9,14.5,0.9,21.4,83.8,25.5,0.5,8.76,24.7
2018-07-01,3106,3076,30,108,서울,21.9,21,22.8,83.5,0.8,20.9,94.6,24.8,0,2.09,22.2
2018-07-02,3140,3106,34,108,서울,22.6,20.6,25.3,59.5,0.7,21.8,95.4,26.1,0.1,4.73,23.5
2018-07-03,1805,1791,14,108,서울,27.4,22.5,32.6,0.1,0.8,22,74.4,26.4,10.1,22.88,29.1
2018-07-04,2479,2434,45,108,서울,27.3,24,31.8,,1.7,21,69.6,24.9,8.4,22.43,30
2018-07-05,2727,2684,43,108,서울,25.3,23.4,29,0.5,1.2,19.9,72.8,23.4,1.7,10.88,27
2018-07-06,2614,2583,31,108,서울,23.9,21.5,27.1,,1.8,15,57.8,17.1,2.6,15.83,27
2018-07-07,3034,3000,34,108,서울,23.7,19.5,29.2,,1.6,12.9,51.4,14.9,,27.32,30.9
2018-07-08,3202,3167,35,108,서울,23.3,17.7,28.1,,1.5,12.5,51.5,14.6,9.5,23.98,29.8
2018-07-09,3647,3600,47,108,서울,20.8,20.1,24.2,14,1.1,17.4,82.3,20,0,4,22.4
2018-07-10,3276,3235,41,108,서울,23.7,20.4,26.5,16.5,0.7,21.4,87.8,25.6,0,5.92,23.9
2018-07-11,2546,2524,22,108,서울,26.8,24.4,29.5,3,1.3,23.4,82.9,28.9,0.1,8.74,26.9
2018-07-12,2880,2861,19,108,서울,26.6,25.1,28.2,1,1.5,23.2,82.4,28.5,1.1,9.92,27
2018-07-13,2814,2771,43,108,서울,27.3,24.7,30.9,,1.8,22.2,74.8,26.8,7,15.6,28.9
2018-07-14,3701,3597,104,108,서울,27.9,24.6,31.9,0,1.9,21.5,69.6,25.7,11.3,21.51,30.6
2018-07-15,3550,3489,61,108,서울,28.3,24.5,33.2,,1.6,21.8,69.6,26.2,11,22.91,32.6
2018-07-16,3924,3870,54,108,서울,28.7,24,34,,1.7,20.7,64.3,24.4,12.9,26.67,33.4
2018-07-17,3729,3679,50,108,서울,28.1,23.9,32.1,,1.7,20.9,66.5,24.7,13,25.57,34.3
2018-07-18,3444,3381,63,108,서울,28.2,23.7,33.2,,1.6,20.4,64.8,24.1,13,25.14,34.2
2018-07-19,3879,3835,44,108,서울,28.7,23.2,34.1,,1.6,20.5,64.1,24.3,12.9,27.8,35.6
2018-07-20,4207,4147,60,108,서울,29.5,24.6,34.7,,1.5,21.1,62.6,25,12.9,25.73,35.7
2018-07-21,4311,4232,79,108,서울,30.6,24.9,36.9,,1.5,19.3,53.6,22.5,12.9,26.62,36.1
2018-07-22,4158,4105,53,108,서울,31.8,25.3,38,,1.4,19.3,49.6,22.4,12.2,25.51,37.3
2018-07-23,4126,4077,49,108,서울,31.7,29.2,35.7,,1.8,21,53.8,25,8,18.94,37.1
2018-07-24,4025,3972,53,108,서울,31.4,27.2,36.8,,1.6,22.3,59.5,27,10.2,18.42,35.8
2018-07-25,4271,4223,48,108,서울,30.1,27.7,34.1,,2.4,22.9,66.3,28,5.2,14.36,36.1
2018-07-26,4286,4230,56,108,서울,30.1,27.3,33.7,,1.5,23.6,68.8,29.1,4.4,12.21,32.7
2018-07-27,4429,4382,47,108,서울,30.9,27.2,35.4,,1.9,24.3,69.3,30.3,9.3,19.29,36.2
2018-07-28,3874,3828,46,108,서울,29.5,28,35.2,7.5,1.2,25,77.1,31.6,3.4,9.59,30.1
2018-07-29,3629,3579,50,108,서울,31.3,26.4,36.7,,1.2,19.7,52.4,23.1,12.3,22.33,32.2
2018-07-30,4022,3975,47,108,서울,31.7,26.2,36.9,,1.2,20,50.9,23.4,11,19.68,34
2018-07-31,2716,2685,31,108,서울,32.6,27.8,38.3,,1.5,20.5,50.5,24.2,12,24.5,38.8
2018-08-01,2875,2834,41,108,서울,33.6,27.8,39.6,,1.7,22.9,55.5,28,12.6,25.69,40.1
2018-08-02,2619,2589,30,108,서울,33.7,30.3,37.9,,1.6,22.9,54.4,28,9.8,18.58,36.8
2018-08-03,2361,2337,24,108,서울,33.1,30,37.9,,1.9,22.6,55.3,27.4,10.5,21.09,39.3
2018-08-04,2760,2732,28,108,서울,31.1,28,34.9,,2.4,22.2,60.6,26.9,12.1,20.45,37.8
2018-08-05,2916,2888,28,108,서울,30,27.2,33.9,2,2.6,24,71.8,29.9,10.1,20.62,34.9
2018-08-06,3480,3455,25,108,서울,30.5,28.3,35.3,6.5,1.6,24.6,71.6,30.9,7.3,17.86,31.4
2018-08-07,3046,3021,25,108,서울,30.5,26.8,35.9,,1.5,22.5,63.4,27.3,8.5,15.62,29.7
2018-08-08,2710,2696,14,108,서울,31,27.6,35.3,,2.1,23,64.8,28.2,10.8,20.59,35.5
2018-08-09,2408,2383,25,108,서울,28.8,27.1,32.5,2,1.5,24.1,76.3,30,2.6,11.11,32.5
2018-08-10,3120,3102,18,108,서울,30.7,25.7,36.8,,1.4,21.8,60.9,26.1,11.4,21.85,32.7
2018-08-11,2472,2453,19,108,서울,31,26.4,36,,1.5,20.7,55.8,24.5,11.5,21.37,36.3
2018-08-12,2051,2041,10,108,서울,30.6,27.2,35.3,5,1.5,21.8,61.3,26.3,8.4,18.23,34.7
2018-08-13,2540,2527,13,108,서울,30.5,26.7,34.4,1,1.4,23.7,68.6,29.3,6.3,12.29,29.9
2018-08-14,2679,2650,29,108,서울,31.7,27.7,37.2,,1.3,22,58.3,26.5,9.5,18.37,34.7
2018-08-15,2190,2175,15,108,서울,31.7,28.3,38,1,1.2,22.3,59.5,27,9.5,18.41,34
2018-08-16,1757,1746,11,108,서울,29.9,24.1,35.6,,1.7,18.2,51,21.3,11,24.88,35.5
2018-08-17,1325,1318,7,108,서울,27.2,21.7,33.8,,1.8,11.7,39.8,13.8,12.4,26.23,34.6
2018-08-18,1562,1551,11,108,서울,26.7,21.5,32.1,,1.4,13.1,44.6,15.2,10.9,23.27,34.1
2018-08-19,1184,1176,8,108,서울,28.2,23,34.4,,1.2,16.4,50.6,18.7,7.9,19.79,34.4
2018-08-20,1332,1326,6,108,서울,29.1,25.1,33.3,0,2,19.1,55.6,22.1,6,15.07,32.7
2018-08-21,829,823,6,108,서울,26.6,23.4,31,5,2.5,20.7,71.4,24.4,6.8,12.86,27
2018-08-22,1234,1222,12,108,서울,30.7,23.4,37.6,,1.1,19.6,54.1,22.8,10.5,22.27,34.6
2018-08-23,1241,1229,12,108,서울,29.4,25.7,32.2,3,1.7,20.3,59.1,23.9,1.7,9.3,31.5
2018-08-24,1561,1543,8,108,서울,24.4,23.2,26.3,7.5,2.5,21.8,86.3,26.2,0,5.69,24.7
2018-08-25,1998,1985,13,108,서울,25.2,22.7,29.3,,2.6,18.6,68,21.5,7.2,16.21,25.6
2018-08-26,2236,2221,15,108,서울,23.2,20.3,29,2,1.2,17,70,19.4,5.1,13.54,24.3
2018-08-27,1920,1914,6,108,서울,22.7,20.2,24.9,19.5,0.8,21.1,91,25,0,7.84,24.4
2018-08-28,1716,1709,7,108,서울,23.7,22.5,26.1,96.5,0.9,22.4,92.4,27.1,0,4.42,24.4
2018-08-29,2129,2116,13,108,서울,25.2,22.7,27.4,42,2.4,22.5,86,27.3,0.1,2.75,24.8
2018-08-30,1794,1770,24,108,서울,25.3,23.9,28.2,9.5,1.8,21.6,80.9,25.9,1.9,8.74,25.8
2018-08-31,1514,1498,16,108,서울,25.6,22.8,30.3,0.1,1.6,18.5,67.4,21.4,10.1,22.17,27.2
2018-09-01,1279,1261,18,108,서울,25.5,20.8,30.9,,1.3,16.4,59.4,18.7,10.6,21.01,26.5
2018-09-02,1499,1487,12,108,서울,25.1,20.1,29.6,,1.5,15.3,55.8,17.6,9.2,20.34,28.4
2018-09-03,1377,1360,17,108,서울,23.3,21.4,25.8,34.5,1,20.5,85.3,24.1,0,3.36,24.3
2018-09-04,1264,1260,4,108,서울,23.2,20,27.8,,2.2,16.7,69.4,19.2,11,21.64,24
2018-09-05,1808,1799,9,108,서울,24,19.6,28.5,,2.5,16,63.5,18.3,11.8,22.46,24.8
2018-09-06,1857,1846,11,108,서울,24.1,20.9,28.2,1,2,17.9,69.9,20.5,2.2,11.03,24.7
2018-09-07,1937,1911,26,108,서울,22,19.1,25.5,0.5,2.5,11.9,54.6,14.2,10.9,19.58,23.3
2018-09-08,1757,1744,13,108,서울,21.7,15.9,27.7,,1.7,9.9,48.8,12.2,11.7,22.75,24.5
2018-09-09,1592,1571,21,108,서울,22.2,15.6,28.9,,1.2,10.2,49,12.5,9.9,21.4,26.4
2018-09-10,1661,1649,12,108,서울,22.9,18.6,28.4,,1.6,11.5,49.5,13.5,10.3,19.84,26.2
2018-09-11,1827,1815,12,108,서울,21.6,16.8,26.1,,1.5,9.9,48.1,12.3,8.4,17.85,24.5
2018-09-12,1638,1626,12,108,서울,22.8,16.8,28.2,,1.4,12.1,52,14.3,11.3,20.39,26.8
2018-09-13,1740,1725,15,108,서울,23.5,20.3,28.3,,1.2,15.9,63.5,18.1,5,12.93,27.2
2018-09-14,2009,1990,19,108,서울,23.5,20.3,26.8,0.5,1.3,16.7,66.9,19,1.6,9.8,25.4
2018-09-15,2269,2254,15,108,서울,23.3,21,26,0.2,1,18.7,76,21.6,0.8,7.44,24
2018-09-16,2317,2295,22,108,서울,22.2,21,23.9,2,1.7,19.2,83.6,22.2,0,6.44,23.2
2018-09-17,3368,3336,32,108,서울,22.3,18.5,27.7,0.1,1.9,14.5,64.3,16.7,10.8,20.42,25.8
2018-09-18,3475,3450,25,108,서울,22,17.7,26.5,,1.2,13.4,59.8,15.4,7.9,15.85,25.5
2018-09-19,3218,3183,35,108,서울,22.1,18.9,26.6,0.2,1,13.4,59.1,15.4,2.1,10.66,24.4
2018-09-20,3136,3112,24,108,서울,19,17.8,20.1,5,1.8,15.8,82.4,18,0,4.08,19.8
2018-09-21,3216,3194,22,108,서울,19.4,17.6,21.9,18,1.3,16.9,85.8,19.2,0.6,6.31,20.8
2018-09-22,2762,2737,25,108,서울,20.8,17.2,25.5,6.5,1.8,12.2,62.3,14.6,10.8,19.06,21.1
2018-09-23,3382,3348,34,108,서울,19.4,15.6,25.3,0,1.6,8.9,52.9,11.6,7.4,14.77,19.9
2018-09-24,3561,3542,19,108,서울,17.6,14.2,22.1,,2.1,5.9,48.3,9.4,11,20.96,19.3
2018-09-25,2611,2591,20,108,서울,17.8,10.8,24.3,,1.1,5.8,48,9.3,10,20.19,19.8
2018-09-26,2771,2757,14,108,서울,19.4,16.2,24.8,,1.7,7.7,47.9,10.6,8.4,17.06,21.8
2018-09-27,2608,2587,21,108,서울,18.9,13.2,25,,1.3,7.2,47.6,10.2,10.3,18.26,20
2018-09-28,2209,2200,9,108,서울,17.5,14.3,22.2,,1.2,9.1,58.1,11.6,3.5,8.76,18.6
2018-09-29,1748,1731,17,108,서울,20.2,14.6,27,,1,10.3,55.5,12.6,10.8,19.37,21.9
2018-09-30,2030,2018,12,108,서울,17.6,14,21.6,,2.3,7,52.5,10.4,10.4,16.95,21.2
2018-10-01,2047,2031,16,108,서울,15.4,13,19.7,0,2.9,6.1,55.1,9.5,7.9,15.1,19
2018-10-02,1642,1634,8,108,서울,15.9,10.3,22,,1.6,7.9,61.4,10.7,10.8,18.84,19.4
2018-10-03,1406,1396,10,108,서울,17.3,11.2,24.2,,1.3,8.2,58,10.9,10.6,18.49,19.8
2018-10-04,1559,1549,10,108,서울,19.3,13,25.6,,1.3,9.9,56.5,12.2,8.9,15.88,20.7
2018-10-05,2509,2487,22,108,서울,16.9,15.7,19,36.5,1.7,13.9,84.1,16.1,0,2.74,17
2018-10-06,1224,1221,3,108,서울,18,16.3,21.7,55.5,2.2,15.1,84,17.2,3,6.86,18.8
2018-10-07,1349,1340,9,108,서울,16.4,12.3,21.1,,1.7,5.9,53.5,9.8,10.5,15.65,16.2
2018-10-08,1153,1149,4,108,서울,14.8,9.2,20.9,,1.1,2.8,47,7.5,10.5,15.28,14.1
2018-10-09,754,752,2,108,서울,15.3,10.7,19.8,0,1.1,5.2,52.5,8.9,2.3,8.89,14.3
2018-10-10,1473,1464,9,108,서울,12,7.9,16.7,7,2.5,4.1,61,8.7,6.5,10.3,13.1
2018-10-11,269,269,0,108,서울,9.7,6.1,13.9,,2.1,-0.4,51,5.9,9.3,15.42,8.9
2018-10-12,298,296,2,108,서울,10.9,5.2,17.4,,1.3,1.4,54,6.8,10.1,17.67,12.7
2018-10-13,330,329,1,108,서울,12.5,6.1,19.8,,1,2.5,54,7.4,10,16.78,13.8
2018-10-14,354,351,3,108,서울,13.2,6.8,20.3,,1.5,4.8,60,8.7,9.9,16.08,14.9
2018-10-15,725,724,1,108,서울,15.2,10.9,21,,1.4,9.3,69.9,11.8,6.8,11.26,15.7
2018-10-16,894,894,0,108,서울,14.5,9.9,20.3,,1.3,5,55.9,8.8,8.2,13.15,15.4
2018-10-17,569,568,1,108,서울,12.4,8.4,18.6,,1.3,1.9,53.3,7.2,10,16.44,14.9
2018-10-18,438,435,3,108,서울,12.7,7.5,19,,1.1,4.5,59.5,8.4,8.1,13.37,14.8
2018-10-19,867,853,14,108,서울,13.1,7.2,20.4,,1.4,3.2,54.3,7.7,9.9,16.23,14.9
2018-10-20,820,809,11,108,서울,13.4,6.9,21.4,,1.2,3.2,53.9,7.7,9.7,15.97,15.1
2018-10-21,649,634,15,108,서울,13.4,7.2,21.1,,1.1,2,49.5,7.1,9.6,15.77,14.8
2018-10-22,490,486,4,108,서울,14,8.8,20.6,,1,3.2,50,7.7,7.6,12.13,15.1
2018-10-23,457,444,13,108,서울,12.2,9.8,16.9,5,1.1,7.8,75.1,10.7,5.3,7.68,13.1
2018-10-24,377,370,7,108,서울,12.5,7.6,18.7,,1.3,5.7,66,9.2,9.6,13.64,12.4
2018-10-25,380,379,1,108,서울,13.8,7,21.2,,0.9,4.1,55.5,8.2,8.7,13.56,12.7
2018-10-26,769,765,4,108,서울,12.2,9.9,14.7,11,1.6,7.5,74.1,10.5,2.4,3,12.8
2018-10-27,303,301,2,108,서울,8.7,6.2,11.6,,3.2,-1.6,49.6,5.5,8,11.6,8.7
2018-10-28,95,95,0,108,서울,8.3,5.2,13.5,5.5,1.5,4.4,77.1,8.5,2.8,6.66,8.8
2018-10-29,74,72,2,108,서울,7.2,3.4,11.7,0,2,-0.9,57.3,5.8,6.5,9.84,7.5
2018-10-30,24,24,0,108,서울,6.1,0.7,11.6,0,1.6,-3.6,51.3,4.8,9.1,14.55,6.9
2018-10-31,148,148,0,108,서울,7.4,3,12.6,0,1.6,-1.4,55.4,5.5,9.3,14.51,8
2019-04-15,0,0,0,108,서울,11.6,3.9,18.1,,1.8,-6.2,30.9,3.9,12.1,24.07,13.4
2019-04-16,48,48,0,108,서울,14.9,6.8,22.6,,1.6,-6.6,26.3,3.9,11.5,23.58,15.9
2019-04-17,219,218,1,108,서울,15.3,9.1,21.8,,1.9,0,37.5,6.6,12.2,24.94,18
2019-04-18,321,314,7,108,서울,12.6,10.4,16.2,0,2,7.9,74.4,10.8,1.5,5.88,12.5
2019-04-19,242,242,0,108,서울,13.8,9.6,19.7,,1.6,4.7,57.5,8.6,5.9,15.84,17.1
2019-04-20,471,468,3,108,서울,14.3,9.7,19.1,1.2,1.9,7.8,66.9,10.8,5,14.63,17.5
2019-04-21,513,506,7,108,서울,14.8,12.2,20.2,0.3,1.9,10.6,77.8,12.9,4.1,13.42,18.1
2019-04-22,607,603,4,108,서울,19.3,10.7,28.2,,1.4,7.2,50.6,10.2,11.1,23.42,21.6
2019-04-23,819,814,5,108,서울,20.4,15.3,25.5,0,1.3,9.8,52,12.2,4.2,13.14,20.3
2019-04-24,776,771,5,108,서울,19.5,15.8,25.9,4.1,1.6,13.4,70.4,15.4,8,18.91,21
2019-04-25,1123,1107,16,108,서울,13.2,9.4,17.2,11.3,2,8.5,75.9,11.2,0,3.48,14
2019-04-26,105,104,1,108,서울,8.4,6.2,9.9,4.9,1.5,5.4,82.1,9.1,0,3.51,10.2
2019-04-27,103,101,2,108,서울,11.6,4.1,18.2,,1.7,1.3,52.6,6.7,10.3,23.24,14.1
2019-04-28,896,894,2,108,서울,12.9,9.9,16.6,0,1.6,2,48.8,7.1,3.4,12.09,13.9
2019-04-29,785,782,3,108,서울,13,8.3,17.3,,0.9,3.3,52.9,7.8,3.3,9.81,12.3
2019-04-30,714,705,9,108,서울,15.5,9,22.5,,1.6,5.2,52.8,8.8,11.2,21.75,18.1
2019-05-01,1352,1345,7,108,서울,16.4,11.2,22.2,,2.3,5.1,48.9,9,10.9,24.41,20.2
2019-05-02,1517,1507,10,108,서울,17.1,10.6,25.3,,2.3,-2,28.5,5.3,12.7,27.27,21.3
2019-05-03,1264,1258,6,108,서울,17.9,10.1,26.1,,1.6,2,37.5,7.2,12.4,25.59,21.9
2019-05-04,1143,1137,6,108,서울,19.5,12,27.4,,1.7,4.2,40.4,8.3,10.7,22.12,22.3
2019-05-05,1324,1315,9,108,서울,19.2,13.6,26.5,,2.2,1.8,35.8,7.2,11.1,25.14,23.9
2019-05-06,1124,1108,16,108,서울,14.5,9.8,19.8,0,3.1,-5.3,27.1,4.3,12.8,28.25,22.8
2019-05-07,1202,1172,30,108,서울,15,8.4,21.9,,2.3,-1.5,33.4,5.5,12.9,27.02,22.1
2019-05-08,1043,1031,12,108,서울,15.6,10.1,21.3,,2.3,4.3,48.3,8.4,12.2,23.39,21.3
2019-05-09,1173,1169,4,108,서울,16.6,11.7,22.9,,2.2,2.3,43.3,7.5,12.1,25.46,23.9
2019-05-10,1309,1300,9,108,서울,17.8,10.3,26.8,,1.9,5.7,48,9.2,12.3,25.19,24.4
2019-05-11,1644,1636,8,108,서울,20.3,13.2,28.3,,1.8,5.2,39,9,12.7,25.19,26.4
2019-05-12,1645,1633,12,108,서울,21.6,14.7,28.9,,1.5,5.3,36,9,12,21.82,26.8
2019-05-13,1549,1543,6,108,서울,18.7,15.5,22.8,0,1.6,5.5,43.4,9.1,1,8.51,19.2
2019-05-14,1414,1364,50,108,서울,19.6,12.9,26.9,,1.6,6.4,44.5,9.7,13,25.35,25.8
2019-05-15,1402,1395,7,108,서울,20.7,14.8,28,,1.7,8.6,48.1,11.2,8.4,21.24,26.8
2019-05-16,1425,1421,4,108,서울,23.5,16.7,30,,1.5,9.5,43.8,11.9,12.5,25.19,29.9
2019-05-17,1641,1629,12,108,서울,23.6,17.6,28.3,,1.2,10.4,44.9,12.7,4.2,14.72,26.1
2019-05-18,1548,1531,17,108,서울,22.8,19.1,25.9,0,2.1,10.6,46.8,12.8,4.3,16.28,28.2
2019-05-19,1720,1697,23,108,서울,19.4,17.9,21.6,22,1.2,18.1,93,20.9,0,5.22,20.4
2019-05-20,1712,1698,14,108,서울,16.4,13,20.2,8.7,3.4,8.8,63.6,11.8,10.5,24.95,18.6
2019-05-21,1548,1533,15,108,서울,17.2,11.7,23.8,,2.9,6.2,52,9.6,13.1,28.89,21.8
2019-05-22,2008,1973,35,108,서울,19.5,12.3,26.5,,2.4,6.2,46,9.6,12.6,27.5,25.1
2019-05-23,1876,1856,20,108,서울,22.1,15,29.2,,1.7,8.1,45,11,13.2,27.36,28.5
2019-05-24,1733,1715,18,108,서울,24.2,16.2,33.4,,1.7,11.4,46.4,13.6,12.7,26.13,30.6
2019-05-25,1570,1543,27,108,서울,23.4,18.4,28.6,,1.6,9.7,45.6,12.3,7.1,18.83,26.7
2019-05-26,1533,1523,10,108,서울,24.5,18.6,31.1,,1.8,8.6,39,11.3,11,25.81,30.5
2019-05-27,1750,1724,26,108,서울,17.8,14.3,22.3,7.1,2.4,14.2,80.9,16.5,0,2.33,18.2
2019-05-28,1336,1310,26,108,서울,18.1,11.9,24.6,,2.6,5.2,45.9,8.9,13,28.01,21.8
2019-05-29,1997,1975,22,108,서울,20.3,13.3,26.5,,2,7.7,48.4,10.6,13.3,28.48,26.2
2019-05-30,2150,2127,23,108,서울,19.6,14.6,24.5,0,2.4,7.8,48,10.7,7,18.28,23.8
2019-05-31,1614,1596,18,108,서울,19.1,16.1,23.3,,2.8,8,49.6,10.7,12.3,27.46,26.5
2019-06-01,1877,1859,18,108,서울,18.9,14.8,23.7,,1.9,10.7,60.5,12.9,9.4,21.1,24.8
2019-06-02,1838,1824,14,108,서울,21.1,14.1,27.8,,1.7,6.2,42.1,9.6,13,26.48,27.8
2019-06-03,1888,1858,30,108,서울,23.1,16,29.5,,1.8,9.4,42.9,11.9,12.3,25.57,30.1
2019-06-04,1947,1933,14,108,서울,22.6,17.6,29,,2.2,12.8,56.4,14.9,12.8,26.21,29.9
2019-06-05,1946,1927,19,108,서울,23,17.8,29.6,,1.8,15.3,63.8,17.3,8.9,24.14,31.4
2019-06-06,1828,1805,23,108,서울,21.2,18.6,25.1,7.5,1.2,16.5,75.9,18.8,0,5.33,22.4
2019-06-07,1881,1867,14,108,서울,20,17,24.7,35.3,1.9,15.4,77.3,17.6,3.7,13.41,21
2019-06-08,1916,1902,14,108,서울,21.9,16,27.6,,1.4,12.5,57.5,14.5,9.3,21.14,22.8
2019-06-09,2412,2399,13,108,서울,21.6,17.1,26.5,2.5,1.8,14.7,66.1,16.8,4.2,16.87,23.7
2019-06-10,2227,2214,13,108,서울,18.4,15.7,21.9,9.5,1.6,12.4,70.3,14.5,0.6,11.01,19.7
2019-06-11,1884,1867,17,108,서울,20.5,15.5,26.1,,1.4,9.7,51.1,12.1,10.7,21.58,21.9
2019-06-12,2229,2216,13,108,서울,21.5,16.1,26.4,,1.8,12.2,57.1,14.2,13,25.26,24.4
2019-06-13,2262,2247,15,108,서울,23,16.6,28.8,,1.7,11.9,51.9,13.9,12.3,27.4,27.2
2019-06-14,2327,2313,14,108,서울,23,19.1,28.4,,1.8,12.8,54.8,14.8,6.1,19.46,27
2019-06-15,2065,2047,18,108,서울,21.9,17.9,27.4,2.1,2.4,13.7,61.5,15.7,12.2,25.94,26
2019-06-16,2211,2201,10,108,서울,22,16.1,27.2,,1.6,12,55.4,14.1,11.1,22.45,24.7
2019-06-17,2843,2827,16,108,서울,21.7,18.1,26.2,0,2.3,13,59.1,15,12.7,25.36,28.2
2019-06-18,2890,2864,26,108,서울,20.8,17,24.8,13.8,1.5,16.7,78.6,19,2,11.26,22.5
2019-06-19,3047,3026,21,108,서울,21.4,18.9,25.4,0.2,1.9,17.2,77.8,19.6,0.9,11.24,23
2019-06-20,3453,3427,26,108,서울,22.7,19.8,27.8,,1.9,16.7,70.6,19,6.9,20.91,25.9
2019-06-21,3652,3624,28,108,서울,22.1,19.4,26.1,0.2,1.7,16.9,72.9,19.2,3.4,12.51,25.2
2019-06-22,3946,3909,37,108,서울,24.2,17.7,30.6,,1.5,9.8,42.3,12.1,13,27.01,28.8
2019-06-23,3533,3499,34,108,서울,25,19.1,31,,1.8,10.2,40.4,12.5,12.9,26.05,30.7
2019-06-24,3707,3676,31,108,서울,25.2,20.9,30.9,,2,12.6,46.9,14.6,13.6,27.57,32.4
2019-06-25,3692,3651,41,108,서울,25.6,19.5,32.8,,1.6,13.2,49.1,15.3,13.4,27.13,32.6
2019-06-26,4510,4436,74,108,서울,25.5,20.7,29.5,0,1.3,14.9,52.6,17,1.1,12.11,29.3
2019-06-27,3706,3666,40,108,서울,25.5,21.9,31.2,1.4,1.4,19.3,70.5,22.4,3.9,14.79,29.5
2019-06-28,5376,5309,67,108,서울,24.7,22.3,29,0,1.7,18.1,67.3,20.9,2.4,10.92,29.6
2019-06-29,4813,4744,69,108,서울,23.1,19.6,27.7,1.5,1.2,17.5,72,20,4.1,12.49,24.4
2019-06-30,5293,5113,180,108,서울,23.9,20.9,28.5,0,2.3,18.6,73.5,21.5,5.2,16.32,28.3
2019-07-01,5628,5525,103,108,서울,23.9,20.6,28.9,,2.3,16.2,64.4,18.5,10.9,20.33,29.6
2019-07-02,5616,5547,69,108,서울,24.4,20.8,30.1,,2.3,16.4,63.5,18.7,11.9,21.13,30
2019-07-03,5679,5555,124,108,서울,24.1,21.2,27.4,,1.7,16.6,64.6,19,3.3,12.62,26.9
2019-07-04,5604,5538,66,108,서울,25.4,20,32.8,,1.9,15.5,59.6,17.9,12.7,27.41,32.8
2019-07-05,6180,5994,186,108,서울,27.6,20.2,35,0,1.5,12.9,42.1,15,11.8,24.78,32
2019-07-06,5858,5791,67,108,서울,29.7,24.6,36.1,,1.7,14.2,40.9,16.2,11.8,25.87,37.1
2019-07-07,5445,5374,71,108,서울,26.7,22.7,32.5,,2.2,12.7,43.3,14.7,9.8,22.4,33.8
2019-07-08,4874,4811,63,108,서울,25.1,21.2,31,,2,12.6,46.6,14.6,9.3,20.54,32.9
2019-07-09,4860,4802,58,108,서울,25,19.7,30,,1.8,12.3,46.4,14.3,7.7,18.2,29.8
2019-07-10,4669,4600,69,108,서울,22.7,19.3,27.3,8.5,2,14.9,64.1,17.1,3.1,13.4,26.8
2019-07-11,5019,4951,68,108,서울,21.9,19.5,25.9,2.9,1.3,17.4,76.9,19.9,0,8.59,23.2
2019-07-12,4918,4828,90,108,서울,23.6,20,28.7,,2,16.5,65.5,18.7,7,18.43,26.1
2019-07-13,5754,5670,84,108,서울,24.9,22.1,29.7,0,1.7,18.1,67.3,20.7,4.1,15,28.3
2019-07-14,5588,5523,65,108,서울,25.9,21.2,31.6,,1.6,18.1,64.6,20.8,7.8,20.36,29.4
2019-07-15,6202,6137,65,108,서울,23.8,22.1,27.4,7.7,1.1,19.9,80,23.3,0.1,7.32,24.6
2019-07-16,4659,4599,60,108,서울,24.7,21.4,28.8,6.3,1.3,20.5,79,24.1,4,13.41,25.7
2019-07-17,5177,5116,61,108,서울,25.6,22.3,29.2,0.7,1.2,20.4,73.9,23.9,1,11.19,26.4
2019-07-18,5227,5144,83,108,서울,26.9,23.3,32.1,,1.2,19.5,65,22.6,3.2,12.78,26.5
2019-07-19,5659,5566,93,108,서울,28.6,22.8,35,0,1.5,19.9,61.3,23.2,9.8,21.8,30.9
2019-07-20,4431,4361,70,108,서울,28,25.1,31.9,1.1,2.1,21,66.9,25,1.2,10.92,28.4
2019-07-21,3713,3667,46,108,서울,25.1,24.2,27,6.2,2.2,22.7,87.1,27.7,0.6,6.18,26.6
2019-07-22,4500,4437,63,108,서울,26.7,24.2,31,0.1,2.2,21.6,74.6,25.7,6.1,13.12,26.9
2019-07-23,4716,4675,41,108,서울,28.1,24.4,32.9,,1.7,22,70.8,26.4,4,13.34,29.3
2019-07-24,4480,4418,62,108,서울,26.5,25.2,27.2,1,1.6,23.1,82.3,28.2,0,3.17,26.5
2019-07-25,3065,3046,19,108,서울,26.3,25.6,27.4,9.7,1.2,24.5,90.1,30.8,0,3.47,26.6
2019-07-26,4060,4017,43,108,서울,25.1,23.7,25.9,60,1.7,24.2,95.3,30.2,0,2.35,25.4
2019-07-27,3602,3552,50,108,서울,28.4,24.9,33.4,0.6,1.3,23.5,76.6,29,4.7,15.31,29.6
2019-07-28,4204,4158,46,108,서울,26.1,25,28.2,25.6,2.2,23.9,88.3,29.7,0,2.87,26.4
2019-07-29,3548,3500,48,108,서울,27.5,25.6,30,0.5,2.6,22.5,74.5,27.2,2.6,9.43,27.5
2019-07-30,3136,3068,68,108,서울,28.1,26.3,30.8,1.2,3.4,23.2,75.3,28.5,1.6,8.26,27.2
2019-07-31,3469,3431,38,108,서울,25.8,24,27.5,62.3,2.2,24.2,91.1,30.1,0,3.01,25.7
2019-08-01,2929,2904,25,108,서울,26.3,23.5,30.1,26.9,1.7,23.7,86.4,29.3,4.9,13.55,26.7
2019-08-02,2562,2534,28,108,서울,28.4,24.7,33.1,,1.2,23.1,74.6,28.3,8.3,15.74,28.8
2019-08-03,2501,2482,19,108,서울,29.4,25.6,36,3,1.3,22.7,69,27.6,10.6,21.04,30.5
2019-08-04,2307,2281,26,108,서울,28.3,25,34.4,8.6,1.2,23.2,75.9,28.6,8.6,17.53,29.6
2019-08-05,2409,2378,31,108,서울,30.5,25.6,35.9,,1.1,22.7,65.5,27.6,11.2,20.66,30.5
2019-08-06,2311,2290,21,108,서울,31.6,27.9,36.8,,1.5,19.8,51.4,23.2,9.9,22.91,31.7
2019-08-07,2051,2028,23,108,서울,26.9,23.9,30.3,8,1.2,22.6,78.1,27.4,1.9,6.91,27.5
2019-08-08,1977,1958,19,108,서울,28.9,25.9,32.7,0,1.6,22.9,71.4,27.9,7.5,15.87,29.7
2019-08-09,2049,2024,25,108,서울,29.8,26,34.6,,1.3,23.2,69,28.4,10.8,19.37,30.3
2019-08-10,2324,2283,41,108,서울,31.5,26.6,36.5,,1.5,21.6,57.9,25.9,11.6,22.69,33.1
2019-08-11,2380,2350,30,108,서울,30.4,26.3,35.7,6.7,2.5,19.4,53.6,22.6,9.8,21.52,33.2
2019-08-12,2139,2115,24,108,서울,26.6,24.8,28.5,56.2,1.3,25,91.8,31.8,0.3,4.8,26.8
2019-08-13,2021,2012,9,108,서울,29.2,25.1,35.3,6.4,1.5,24.3,76.9,30.4,7.3,16.91,30.7
2019-08-14,2681,2646,35,108,서울,30.4,25.9,35.7,,1.5,22.2,63.9,26.8,9.2,20.99,30.5
2019-08-15,2107,2073,34,108,서울,25.9,23.9,28.6,16.2,1.3,22.3,82,27.1,0.1,5.51,27
2019-08-16,1607,1596,11,108,서울,25.9,23,29.5,0.1,2.2,20.8,74.5,24.6,7.5,14.1,27.3
2019-08-17,2206,2183,23,108,서울,25.9,23.4,28.8,0,2.5,19.6,69.5,23,8.1,13.25,26.9
2019-08-18,1949,1935,14,108,서울,25.6,22.6,30.7,,1.7,18.4,66.5,21.2,10.7,18.61,28.1
2019-08-19,2153,2134,19,108,서울,26.3,21.2,31.3,,1.1,17.5,60.6,20,11.1,18.16,27.2
2019-08-20,2532,2505,27,108,서울,28.2,23.2,32.8,,1.5,18.3,56.3,21.1,10.5,21.06,30.2
2019-08-21,2599,2565,34,108,서울,27,24.4,30.4,1.3,1.2,20.1,67.3,23.7,3.2,11.43,29.2
2019-08-22,2707,2679,28,108,서울,26.9,23,31.4,,1.7,19.5,66.5,22.7,10.7,23.16,31.5
2019-08-23,3335,3312,23,108,서울,26.2,22.7,30.5,,2.1,16.8,58.4,19.3,12,23.84,31.7
2019-08-24,3254,3226,28,108,서울,24.1,21.5,27.3,,1.5,15.9,60.9,18.2,3,8.25,26.7
2019-08-25,2494,2481,13,108,서울,25,20.2,29.9,,1.5,17.9,66.6,20.5,9.9,17.85,30.9
2019-08-26,2669,2651,18,108,서울,26.4,21.5,32.1,,1.2,18.4,63.8,21.2,9.2,18.4,31.5
2019-08-27,2852,2835,17,108,서울,25.7,22.2,29.3,20,1,19.5,71.1,22.9,5.6,13.22,26.4
2019-08-28,2638,2604,34,108,서울,26.1,23.6,30.2,,1.9,18.9,66.2,21.9,,,27.7
2019-08-29,2945,2911,34,108,서울,23.4,20.1,26.4,36.9,2.2,19,77.1,22,4.9,,25.9
2019-08-30,2629,2591,38,108,서울,22.6,19.5,27,0.2,2.4,15.6,66.3,17.8,8.8,17.84,24.1
2019-08-31,2580,2559,21,108,서울,23.5,18.5,28.9,,1.9,16.1,65,18.3,12.1,21.07,25
2019-09-01,2382,2352,30,108,서울,23.7,19.2,27.8,,1.4,15.9,64,18.1,6.9,15.17,23.8
2019-09-02,2521,2506,15,108,서울,24.4,19.4,29.7,,1.6,14.7,56.6,16.7,7.4,16.85,24.8
2019-09-03,2834,2742,92,108,서울,24.1,22,28,0,2.3,17.5,67.6,20,2.9,11.6,26.3
2019-09-04,2599,2564,35,108,서울,22.8,21.2,25.5,22.7,2.5,20.7,89,24.6,1.1,5.68,23.5
2019-09-05,2919,2900,19,108,서울,23,21.5,27.6,36.4,2,21.3,91.4,25.4,1.5,6.07,23.7
2019-09-06,2931,2914,19,108,서울,25.3,21.6,29.1,2.4,2.1,21.4,79.8,25.6,0.4,9.29,25.5
2019-09-07,3178,3141,37,108,서울,25.7,22.6,29.5,2.8,6,20.2,72.9,23.7,0,2.95,24.1
2019-09-08,3052,3008,44,108,서울,24.7,22.9,27.3,0,1.9,20.2,76.9,23.6,1.4,9.31,25.1
2019-09-09,3396,3361,35,108,서울,25.1,22.4,28,0,1.7,20,74.3,23.4,2,10.04,25.2
2019-09-10,3350,3310,40,108,서울,23.8,22.1,26.5,63.2,2.4,22.5,93.4,27.3,1,5.74,24.4
2019-09-11,2814,2797,17,108,서울,24.3,20.4,28.7,7.6,3.1,18.4,71.4,21.3,6.9,16.56,24.9
2019-09-12,2609,2580,29,108,서울,21,18.7,22.9,3.9,2.6,15.5,72.3,17.7,0,4.09,21.9
2019-09-13,2536,2518,18,108,서울,23.3,18.3,29.3,0.1,1.7,14.6,60.4,16.7,10.9,21.35,24.4
2019-09-14,3363,3337,26,108,서울,22.4,20.8,24.1,0.3,1.2,18.5,80,21.5,0.2,3.34,22.9
2019-09-15,2551,2530,21,108,서울,24.2,19.5,30,,1.7,18.1,70.4,20.8,10.6,18.19,25.2
2019-09-16,3621,3592,29,108,서울,24.5,20.7,30.5,,2.1,13.4,53,15.6,9.4,19.91,27.4
2019-09-17,3889,3865,24,108,서울,23.5,18,29,,2.1,9.3,41.6,11.7,10.6,20.01,25.4
2019-09-18,3094,3058,36,108,서울,21,16,25.4,,3.1,8.3,46,11.3,11.7,21.9,25.4
2019-09-19,2959,2935,24,108,서울,19.5,13.6,26,,1.9,7.5,46.5,10.5,10.2,19.83,23.3
2019-09-20,2550,2534,16,108,서울,19.6,15.8,24.2,,2.1,9.6,52.8,12,1.3,8.64,21.5
2019-09-21,2704,2677,27,108,서울,19.6,18.3,22.1,,2,11.6,60.3,13.7,0,4.44,20.8
2019-09-22,2210,2193,17,108,서울,18.6,17.3,19.6,0.4,3.8,11.4,63.4,13.5,0,3.2,18.5
2019-09-23,2726,2704,22,108,서울,20,16.9,24.6,,2.2,9.2,51.1,11.7,9,16.92,20.2
2019-09-24,2306,2283,23,108,서울,19.8,13.9,26.5,,1.8,11.4,61.3,13.5,11.4,20.17,23
2019-09-25,2357,2344,13,108,서울,20.9,14.8,27.4,,1.4,13.4,64.4,15.5,8.8,16.44,23.4
2019-09-26,2410,2392,18,108,서울,22.9,17.7,29,,1.9,13.7,59.3,15.8,8.1,15.5,25.1
2019-09-27,2542,2521,21,108,서울,22.9,19.6,27,,1.9,13.6,57.5,15.6,3.5,10.42,24.4
2019-09-28,2411,2393,18,108,서울,23.7,19.4,29.2,,1.7,14.7,58.9,16.8,10.1,15.97,25.8
2019-09-29,2612,2592,20,108,서울,22.6,17.9,28.6,,1.7,13.7,60.6,15.8,11.1,18.83,24.7
2019-09-30,2647,2631,16,108,서울,22.4,16.4,29.9,,1.6,13.6,61,15.7,10.5,18.37,24.3
2019-10-01,2597,2569,28,108,서울,23.1,17.6,28.2,,1.8,16.4,67.1,18.7,7.5,13.05,24.5
2019-10-02,2510,2493,17,108,서울,21.6,20,24.2,23.1,3,19.4,88,22.5,0,3.4,22.2
2019-10-03,2470,2445,25,108,서울,22.4,19.8,27.3,4.6,2.8,17,73.4,19.4,6,10.14,22.6
2019-10-04,2521,2503,18,108,서울,22.4,18,27.8,,2.1,16.8,71.5,19.1,9.9,16.23,22.9
2019-10-05,3175,3150,25,108,서울,18.7,14.7,21.9,0.6,2.9,13.5,72.6,15.8,2.3,8.24,20.8
2019-10-06,2147,2136,11,108,서울,18.1,13.2,22.7,,2.9,8.2,53.4,11,9.4,16.17,19.1
2019-10-07,2491,2471,20,108,서울,14.8,13.3,17.9,25.4,1.8,13.4,92,15.4,0,1.49,16.7
2019-10-08,739,731,8,108,서울,14.7,10.6,19.8,,2.6,5.5,58.8,9.5,10.3,16.78,16.7
2019-10-09,850,847,3,108,서울,13.6,7.7,20.4,,1.7,2.2,48.3,7.2,10.6,17.42,14.1
2019-10-10,868,861,7,108,서울,15.2,10.7,19.8,,1.3,7.4,60.9,10.4,1.1,8.06,16
2019-10-11,1117,1111,6,108,서울,18.8,13,26.1,,1.9,10.2,60,12.5,10.3,16.44,18.4
2019-10-12,1890,1872,18,108,서울,17.9,13.3,23.3,,3.5,6.7,49.3,9.8,10.5,17.37,18.2
2019-10-13,1586,1573,13,108,서울,17.2,12.1,23.8,,1.9,7,52.6,10,10.6,16.52,17.8
2019-10-14,1141,1135,6,108,서울,14.4,9.5,19.6,,2.5,5.3,56.9,9.2,10.1,14.54,17.1
2019-10-15,623,609,14,108,서울,14.5,8.8,20.4,,1.6,5.4,55.6,9.1,7.7,14.07,14.5
2019-10-16,629,624,5,108,서울,14.6,9,20.8,,1.6,5.7,58.3,9.2,9.8,15.6,16.3
2019-10-17,877,874,3,108,서울,15.4,11.2,21.6,,1.7,6.1,56,9.4,7.4,12.02,17.2
2019-10-18,712,707,5,108,서울,17,12,22.7,,2.4,8.5,58.3,11.2,8,12.08,17.4
2019-10-19,1250,1244,6,108,서울,17,12.1,23.1,,1.8,9.5,63.8,12,10.2,15.17,17.5
2019-10-20,902,896,6,108,서울,16.5,12,22.9,,1.3,10.5,70.3,12.7,9.3,14.67,18.1
2019-10-21,906,901,5,108,서울,17.1,10.9,24.6,,1,8.6,61,11.3,9.6,14.4,15.9
2019-10-22,945,936,9,108,서울,18.1,13.3,24.4,,1.6,8.8,56.1,11.3,9.1,13.66,18.3
2019-10-23,1008,1004,4,108,서울,17,14.3,20.7,,2.4,8.2,57.3,10.9,0.7,8.08,17.3
2019-10-24,1126,1125,1,108,서울,18.3,15.3,23.8,,2.7,6.7,47.6,9.8,6.6,11.56,19.4
2019-10-25,1288,1276,12,108,서울,16.7,13.1,22,0,2.4,7.9,58,10.8,7.1,12.29,17.2
2019-10-26,731,725,6,108,서울,10,6.6,14.9,,2.5,2.3,60,7.2,8.7,13.08,12.6
2019-10-27,182,181,1,108,서울,11,4.7,17.4,,1.6,2.7,59,7.5,9.8,14.45,12
2019-10-28,268,266,2,108,서울,12.9,7.4,17.7,1.7,2.5,6.1,65.9,9.5,7.3,11.62,13
2019-10-29,440,439,1,108,서울,12.5,8.2,17.6,0.1,2.3,4.5,61,8.6,9,12.41,12.4
2019-10-30,210,206,4,108,서울,11.2,5,17.7,,1.6,3.3,60.3,7.8,9.6,14.08,11.2
2019-10-31,185,185,0,108,서울,14.8,8.4,19.7,,2.3,9.9,73.8,12.5,8,10.34,14.2
2020-05-01,869,842,27,108,서울,20.2,16.4,26.2,,2.7,15.1,73.6,17.2,6.1,18.96,25.7
2020-05-02,882,861,21,108,서울,20.3,18,23.9,0,2.3,16.6,79.6,18.9,0.2,9.43,22.7
2020-05-03,930,896,34,108,서울,21.8,17,27.4,0,2,15.3,68.8,17.4,5.9,19.41,26.7
2020-05-04,1322,1304,19,108,서울,20.2,14.8,25.3,,2.7,12.9,63.9,15,10.1,25.42,28.9
2020-05-05,1119,1090,30,108,서울,16,13.1,19.3,,1.9,9.9,67.9,12.3,3.3,9.41,17.1
2020-05-06,915,902,13,108,서울,19.4,11.1,27.6,,2.1,7.3,50,10.3,12.8,28.51,26.5
2020-05-07,1396,1367,29,108,서울,20.7,14.9,26.5,,2.5,3.1,32.5,7.7,8.7,23.93,25.7
2020-05-08,1583,1552,31,108,서울,19.9,14.3,27.3,2.3,2.4,0.7,32.8,6.9,7.5,23.26,27.3
2020-05-09,859,831,28,108,서울,14.2,12.7,16.8,24.4,3.6,13.3,94.4,15.3,0,3,15.1
2020-05-10,807,785,22,108,서울,14.4,12.8,16.6,1.3,2.5,12.4,88.6,14.4,0.4,6.77,15.7
2020-05-11,1218,1176,42,108,서울,16.5,12.4,22,3.4,3,7.8,61,10.8,7.2,22.98,20.2
2020-05-12,1654,1625,29,108,서울,14.3,10.5,18.9,0.7,2.9,8.5,69.4,11.1,5,13.6,17.6
2020-05-13,1348,1328,20,108,서울,16.1,10.2,21.8,,2.8,3.5,47.3,8,13,29.7,20.5
2020-05-14,1678,1656,22,108,서울,19.3,12.4,25.4,,2,2.8,35.4,7.5,6.6,20.64,21.8
2020-05-15,1842,1813,29,108,서울,16.1,14.1,20.2,12,3,12.2,81.4,14.5,0,3.43,15.9
2020-05-16,1000,979,21,108,서울,16.7,15,20.3,2.5,1.6,15,90.3,17,0.6,7.6,18.3
2020-05-17,1460,1434,26,108,서울,19.1,14.6,24.9,0,1.7,15.4,80.1,17.5,3.9,15.26,21.2
2020-05-18,1979,1952,27,108,서울,19.1,13.2,26.8,29.8,2.4,15.1,79.4,17.2,3.2,14.07,21.6
2020-05-19,1368,1338,30,108,서울,13,10.1,17.1,19,3.2,8,73.6,10.9,3,15.29,16.1
2020-05-20,1028,1010,18,108,서울,14.4,9.2,20.1,0,1.9,6.6,60.4,9.8,4.5,20.91,17.3
2020-05-21,1563,1540,23,108,서울,17.4,10.9,22.9,,2.1,8.2,56.1,10.9,9.4,24.35,20.5
2020-05-22,1916,1890,26,108,서울,18.5,14.8,22.7,0,1.9,12.5,68.5,14.6,0.7,13.07,20
2020-05-23,2005,1976,29,108,서울,20.1,16.6,25,0,2.2,13.2,66.1,15.2,6.8,23.24,23.3
2020-05-24,2168,2141,27,108,서울,17.1,14.3,20.2,14.5,2.9,14.4,84.8,16.4,1.1,10.59,19
2020-05-25,1891,1874,17,108,서울,16.6,13.7,21.3,,2.1,13.1,81,15.1,2.5,16.88,20.3
2020-05-26,2227,2200,27,108,서울,16.2,12.7,22.9,1.5,2.1,12.8,81.9,14.8,4.8,18.49,19.2
2020-05-27,2147,2126,21,108,서울,17.4,11.8,23.9,,2.6,10.9,68.5,13.1,13.2,30.06,21.4
2020-05-28,2596,2571,25,108,서울,18.7,14.2,23.4,0,1.9,10.8,62.8,13,8.4,22.83,20.5
2020-05-29,3057,3024,33,108,서울,20.7,14.6,27.6,,2,13.5,65.6,15.5,12.7,28.09,24.3
2020-05-30,3217,3183,34,108,서울,22.6,16.5,30,,1.9,12.9,57.3,15,11.3,26.5,27.6
2020-05-31,3088,3038,50,108,서울,21.2,17.6,28,1,2.3,13.3,63,15.4,5,19.15,25.7
2020-06-01,3332,3288,44,108,서울,19.7,16.6,24.5,0.4,3.4,12,64.3,14.2,11.5,30.35,26.6
2020-06-02,3651,3610,41,108,서울,17.9,14.8,21.8,2,2.2,12.3,71,14.4,0.2,5.89,18.3
2020-06-03,3136,3106,30,108,서울,22,17.6,28.4,,2.4,16.6,73.3,18.8,9.5,24.64,27.1
2020-06-04,3590,3568,22,108,서울,21.9,19.7,26.5,0.2,2.7,18.2,81.1,21,4.7,19.77,26.8
2020-06-05,3808,3771,37,108,서울,23,18.4,28.7,,1.8,16.6,69.4,18.8,8.8,23.36,29.8
2020-06-06,4008,3982,26,108,서울,24.6,19.2,30.9,,2,16.8,63.6,19.1,8.6,23.38,31.4
2020-06-07,3602,3564,38,108,서울,22.7,19.2,29.2,,2.3,16.5,69.4,18.8,9.2,26.04,30.2
2020-06-08,3656,3621,35,108,서울,25,19.8,32,,2.1,17,63.6,19.4,11.3,26.13,32.7
2020-06-09,3294,3263,31,108,서울,26.7,20.3,32.8,,2.3,15.4,51.6,17.5,12.9,28.36,34.1
2020-06-10,3305,3266,39,108,서울,25.8,22.5,32.1,6.2,2,17.7,63.8,20.5,5.2,18.85,32.8
2020-06-11,3117,3087,30,108,서울,26.1,21.7,31.6,0,2.2,19.2,68.3,22.2,8,26.03,30.1
2020-06-12,3687,3646,41,108,서울,24.7,21.6,27.6,,1.7,18.4,68.6,21.1,0.5,11.51,25.8
2020-06-13,3339,3297,42,108,서울,26.9,20.6,33.5,0,1.9,15.7,52.8,17.9,9.7,28.11,34.6
2020-06-14,2867,2824,43,108,서울,24,20.1,28.8,1.1,2.9,17.9,70.6,20.6,8.1,22.52,29.6
2020-06-15,3134,3102,32,108,서울,23,18.2,28.6,,2.8,14.5,62.3,16.7,10.1,26.53,31.1
2020-06-16,3177,3148,29,108,서울,24.4,20,30.7,,2.2,16.4,63,18.7,7.5,24.74,32.2
2020-06-17,3024,2997,27,108,서울,24.3,20.2,30.3,,2,15.3,58.6,17.4,5.9,21.25,31.1
2020-06-18,3444,3417,27,108,서울,23.4,20.3,27.3,,1.6,15.4,61.4,17.5,0.1,11,26.7
2020-06-19,3246,3220,26,108,서울,24.7,21.1,30,0.1,2.1,16.5,61.4,18.8,6,19.6,29.6
2020-06-20,3538,3476,62,108,서울,24.9,20.7,29.7,,2.1,16.9,62.6,19.3,11.7,24.75,31.9
2020-06-21,3087,3059,28,108,서울,26.1,19.5,32.7,,2,17,59.5,19.3,13.5,27.82,34.1
2020-06-22,2899,2865,34,108,서울,28.6,21.7,35.4,,2,16.4,50.5,18.8,13.3,28.95,36.3
2020-06-23,2425,2393,32,108,서울,27.3,23.2,31,0,1.9,16.8,53.5,19.2,5.1,16.97,32.1
2020-06-24,2378,2355,23,108,서울,22.3,19.9,26.3,37.6,2.7,19,83.5,22,0,2.91,22.7
2020-06-25,1901,1888,13,108,서울,21.6,20.1,23.4,13.3,2.2,19.9,91,23.3,0.1,6.11,23
2020-06-26,2062,2035,27,108,서울,21.8,19.2,25.7,2.1,3.2,18.4,82.1,21.2,3.1,13.03,22.9
2020-06-27,2952,2917,35,108,서울,24.1,20.4,29.6,0,2,18.1,70.4,20.8,7.4,22.18,25.2
2020-06-28,2836,2800,36,108,서울,25.2,21.5,30.1,,2.4,19.1,70.5,22.2,12.4,28.6,28.6
2020-06-29,2848,2822,26,108,서울,23.8,20.6,26.5,11.9,2.4,19.3,77,22.4,1.7,8.4,23.9
2020-06-30,2213,2181,32,108,서울,20.1,18.4,23.1,64.7,4,16.9,83,19.3,0,6.2,20.8
2020-07-01,2372,2341,31,108,서울,21.1,18.1,24.3,0,1.9,17.2,79.3,19.7,0.2,9.47,21.3
2020-07-02,2984,2898,86,108,서울,24.2,20.4,29.8,,1.9,19.1,74.5,22.1,5.4,19.15,24.5
2020-07-03,3016,2971,45,108,서울,25.5,21.6,30.6,0.1,2.6,17.2,63.5,19.8,9.6,27.47,28.6
2020-07-04,3365,3331,34,108,서울,24.2,20.4,29.5,1.6,2.1,16.3,63.9,18.6,9.5,26.88,28.2
2020-07-05,3294,3267,27,108,서울,23.8,19.9,27.6,,1.9,17.4,68.6,19.9,6.4,20.85,26.7
2020-07-06,3228,3183,45,108,서울,25.6,21.8,30.9,,2.1,18.7,66.6,21.5,5,19.28,28.5
2020-07-07,3351,3303,48,108,서울,24.1,22.1,28.1,0,2.5,19.4,75.5,22.5,4,15.15,28.3
2020-07-08,3276,3235,41,108,서울,25.5,21.3,30.4,,2,19.7,71.9,22.9,10,25.81,30.5
2020-07-09,3746,3689,57,108,서울,27.5,21.8,32.9,,1.7,19.7,64.6,22.9,7.7,23.1,31.9
2020-07-10,3917,3893,24,108,서울,24.5,22.7,27.7,2.2,2.8,19.7,75,23,3.1,12.3,25.2
2020-07-11,3598,3578,20,108,서울,25.8,22.2,30.2,,2.6,17.9,62.6,20.5,6.6,21.82,29.7
2020-07-12,3854,3824,30,108,서울,23.5,21.7,26,2.9,2.4,17.8,71.9,20.6,0,7.67,25.3
2020-07-13,3068,3036,32,108,서울,18.7,17.7,21.7,47.6,4,17.8,94.8,20.3,0,4.58,20.1
2020-07-14,2593,2574,19,108,서울,20.3,17.2,24.3,11.5,2.8,16.4,79.4,18.7,0.1,12.46,22.6
2020-07-15,3271,3240,31,108,서울,23.4,18.9,28.7,,2,15.5,63.1,17.7,9.3,26.6,26.4
2020-07-16,3825,3795,30,108,서울,25,20.4,29.7,,1.8,19.1,70.9,22.1,10.2,25.76,27.4
2020-07-17,3928,3847,81,108,서울,26,21.5,31.6,0,1.9,20.3,72,23.8,7.5,22.28,28.3
2020-07-18,3259,3225,34,108,서울,26.1,22.8,31,,1.6,20.4,71.6,24,4.3,15.49,27.9
2020-07-19,3660,3634,26,108,서울,24,20.6,26.6,29.1,2.7,20.5,81.6,24.2,0,4.92,22.9
2020-07-20,3612,3589,23,108,서울,23.8,22.4,26.6,3.6,3.7,21.3,86.3,25.4,0,5.15,23.8
2020-07-21,3873,3851,22,108,서울,25,21.4,30.5,0,1.6,20.4,77,23.9,4,17.83,25.6
2020-07-22,3663,3628,35,108,서울,23.7,22.6,25.7,11.5,1.6,21.7,89.3,26,0,4.5,24
2020-07-23,3582,3540,42,108,서울,21.1,18.5,22.6,103.1,3.6,20.3,95.5,23.9,0,2.72,21.8
2020-07-24,2105,2089,16,108,서울,22.5,18.7,26.8,2.9,4.6,17.6,74.3,20.2,1,10.46,21.2
2020-07-25,3057,3035,22,108,서울,24.3,22.3,29,0,3.1,18.2,69.3,21,1.9,15.59,23.9
2020-07-26,2702,2663,39,108,서울,25.4,21.6,29.6,0,2,19.2,69.3,22.3,5.6,18.14,25.6
2020-07-27,3242,3221,21,108,서울,24.3,22.9,25.5,2.2,2.2,21.8,86.4,26.1,0,7.72,25.2
2020-07-28,2676,2646,30,108,서울,24.4,22.7,26.4,0.4,2,21.5,84.8,25.7,0,8.38,25
2020-07-29,2918,2884,34,108,서울,23.7,22.6,24.9,50.1,2,22.9,95.8,28,0,3.18,23.9
2020-07-30,2163,2143,20,108,서울,25.3,23.4,28.4,0.1,2.1,22.6,85.5,27.4,3,15.34,26.9
2020-07-31,3082,3043,39,108,서울,26.2,22.8,29.6,1.5,2,22.7,81.9,27.7,5,14.5,27.2
2020-08-01,3229,3187,42,108,서울,25.3,24.3,26.9,39.1,1.7,23.6,90.9,29.2,0,5.31,25.7
2020-08-02,3227,3183,44,108,서울,24.9,23.5,26.4,31.4,2.3,24.2,96.3,30.3,0,2.55,25.2
2020-08-03,2426,2401,25,108,서울,25,23.9,26.3,102.6,3,24.3,96.3,30.4,0,3.09,25.1
2020-08-04,1929,1902,28,108,서울,27,25,29.4,3.9,3.5,25,89.3,31.6,0.4,8.06,26.9
2020-08-05,2322,2302,20,108,서울,26.5,25.5,29.1,18.5,1.9,25.1,92.1,31.8,0.1,5.02,26.7
2020-08-06,2399,2378,21,108,서울,24.1,22.9,26,75.7,3.3,22.8,92.8,27.7,0.2,6.74,24.8
2020-08-07,2124,2101,23,108,서울,24.3,22.6,26.1,0,1.8,21.5,85.3,25.6,0,6.7,24.8
2020-08-08,2251,2233,18,108,서울,24.2,22.7,26.1,19.1,2.3,22.3,89.5,27,1.8,6.96,24.9
2020-08-09,2266,2236,30,108,서울,24.9,23.7,25.8,50.3,2.6,24,95.4,29.9,0,1.43,24.3
2020-08-10,2155,2122,33,108,서울,26.5,24.7,29.5,44.6,2,25,91.6,31.7,0.2,7.77,26.4
2020-08-11,1920,1907,13,108,서울,24.6,22.4,27.3,97,2.2,23.2,92.5,28.5,0.5,7.44,25.2
2020-08-12,2071,2052,19,108,서울,27.2,23.5,31.3,,1.9,24.1,83.9,30.1,2.1,13.62,28.3
2020-08-13,2562,2533,29,108,서울,28,26.3,30.3,,2.5,24.6,82.4,31,0.2,7.96,27.4
2020-08-14,2331,2293,38,108,서울,27.1,26.5,28,0.4,3.5,24.6,86.1,30.9,0,4.14,26.3
2020-08-15,2741,2721,20,108,서울,26.1,25,27,69,1.9,25.3,96,32.3,0,3.25,25.9
2020-08-16,2429,2389,40,108,서울,27.4,25.3,30.8,,3,24.1,82.6,29.9,2.4,14.3,27.9
2020-08-17,3518,3488,30,108,서울,28.2,26.1,32.2,,2.3,23.8,77.9,29.4,5.8,18.44,29
2020-08-18,3258,3211,47,108,서울,27.5,24,31.9,,1.6,22.7,76.3,27.5,7.9,19.81,29.1
2020-08-19,3048,3011,37,108,서울,27.1,23.6,31.4,,2,22.4,76.8,27.1,9.4,22.54,28.6
2020-08-20,3284,3247,37,108,서울,27.7,25,31.7,,1.7,22.8,76,27.8,3.1,15.16,27.6
2020-08-21,3117,3098,19,108,서울,26.6,25.2,29.2,2.5,1.6,23.5,83.1,28.9,0.8,8.74,27.6
2020-08-22,2882,2843,39,108,서울,24.3,21.7,27.6,42.6,2.1,21.9,87.4,26.4,0.6,7.56,25.2
2020-08-23,2241,2198,43,108,서울,25.3,21.5,29.9,,1.9,21,78.4,24.9,6.8,18.72,27.2
2020-08-24,3321,3287,34,108,서울,27.8,23.7,32,,2.2,22,71.6,26.5,8.8,20.25,28.6
2020-08-25,3405,3361,44,108,서울,29.9,26,34.5,,2.1,23.4,69.5,28.8,7.6,21.21,30.5
2020-08-26,3175,3138,37,108,서울,30.2,27,34.5,0.6,3.4,23.4,68.3,28.8,7.5,19.68,29.3
2020-08-27,2281,2250,31,108,서울,27.1,25.6,28.6,8.7,3.6,24.2,84.6,30.2,0.5,5.5,27.2
2020-08-28,2814,2781,33,108,서울,27.3,26,29.7,13.6,1.6,25.3,89.1,32.2,2,10.18,28.1
2020-08-29,2890,2869,21,108,서울,26.8,25.5,29,13.6,1.3,25,90.1,31.7,1.7,8.7,28.7
2020-08-30,2794,2784,10,108,서울,26.8,24.4,30.6,42.5,2.1,24.6,88.8,31,2.4,12.89,28.1
2020-08-31,2946,2930,16,108,서울,26.4,23.8,30,0,2.8,22.1,77.9,26.6,1.9,12.25,27.2
2020-09-01,3059,3036,23,108,서울,26.6,23.8,29.5,0,1.9,21.1,72.4,25,1,11.35,27
2020-09-02,3532,3515,17,108,서울,24.3,22.6,26.4,33.3,2.3,22.7,91.3,27.6,0,3.34,25.3
2020-09-03,2941,2903,38,108,서울,22.7,20,25.6,29.8,4.8,19.3,82,22.4,2.8,13.51,24
2020-09-04,3653,3628,25,108,서울,23.3,19.9,27.5,,2.7,15.7,63.9,17.8,10.1,21.21,23.7
2020-09-05,3747,3703,44,108,서울,23.3,19.2,27.3,,2,16.5,66.6,18.8,3.3,14.49,23.4
2020-09-06,3626,3600,26,108,서울,21.7,19.5,24.4,6.4,2.7,17.9,80,20.5,0,7.13,22.7
2020-09-07,2482,2471,11,108,서울,19.2,17.5,20.6,61,4.2,18,93.5,20.8,0,3.37,20.1
2020-09-08,2711,2678,33,108,서울,23.4,20.6,26.5,0,4.2,17.6,71.5,20.2,9.5,21.87,23.1
2020-09-09,3568,3532,36,108,서울,21.1,19,25.3,1.3,2.1,18,83.4,20.7,3.1,12.29,22.2
2020-09-10,2187,2160,27,108,서울,22.8,18.8,27,3.9,2,17.9,75.8,20.5,9,19.17,24.4
2020-09-11,2898,2864,34,108,서울,22.4,19.2,27.1,1.2,2.8,16.9,72.6,19.3,4.5,12.87,22.7
2020-09-12,3031,3002,29,108,서울,20.2,18.1,23.2,5.7,2,17.3,83.8,19.7,0,7.34,21.5
2020-09-13,2636,2611,25,108,서울,21.5,16.7,26.6,,1.9,15.6,70.4,17.8,9.8,20.53,24.1
2020-09-14,3215,3176,39,108,서울,21.3,17.6,24.9,0,1.8,17.4,79.3,19.9,5.7,13.86,22.8
2020-09-15,3304,3269,35,108,서울,23,18.9,27.7,,1.6,18.3,76.4,21,5.1,16.56,23.9
2020-09-16,3987,3946,41,108,서울,22.5,21.3,24.9,0.3,1.9,18.8,79.9,21.7,0.3,6.21,22.2
2020-09-17,3568,3544,24,108,서울,21.3,20.1,23.6,,2.1,15.2,70.3,17.5,0.7,9.35,21.5
2020-09-18,4161,4127,34,108,서울,21.5,18.1,25.8,,2.8,13.4,62,15.5,9.8,21.24,22.4
2020-09-19,3751,3715,36,108,서울,21.2,17.6,26.2,0.3,2.2,11.9,59.3,14.3,9.7,21.25,21.8
2020-09-20,3861,3815,46,108,서울,19.7,15.6,24.9,,2,10.6,57.6,12.8,11.4,22.19,21.2
2020-09-21,3017,2983,34,108,서울,19.1,13.6,25.3,,1.7,9.6,56.1,12,9.6,19.54,20.6
2020-09-22,2538,2507,31,108,서울,20.2,15.5,25.6,,2.8,10.5,55.3,12.7,10.7,21.71,21.8
2020-09-23,3177,3142,35,108,서울,19.2,15.2,23.8,,3.3,11.1,59.9,13.3,7.2,16.99,20.8
2020-09-24,3212,3189,23,108,서울,20.6,16.8,25.4,,3.7,12.4,59.6,14.4,8,18.54,22
2020-09-25,3396,3366,30,108,서울,20.1,16.6,25.4,,2.5,12.9,64.1,14.9,3.5,13.39,21.5
2020-09-26,3062,3048,14,108,서울,19.3,14.8,24.8,,2.4,11.7,62.5,13.7,8,15.92,20.4
2020-09-27,3109,3088,21,108,서울,20.4,14.9,25.8,,2,12.8,63.3,14.8,9.8,18.7,21.4
2020-09-28,2913,2884,29,108,서울,20.7,15.7,26.5,,2,13.7,66,15.7,10.5,19.29,22
2020-09-29,2951,2921,30,108,서울,19.6,15.3,23.9,,1.9,13.1,67.6,15.1,6.3,14.84,20.7
2020-09-30,2785,2747,38,108,서울,19.6,16.2,25.7,38.3,1.7,15.3,78,17.4,4.9,14,21.1
2020-10-01,2409,2381,28,108,서울,18.8,15.6,23.6,,2.1,14.1,74.9,16.1,2.5,10.89,19.6
2020-10-02,2999,2972,27,108,서울,19.2,16.3,21.9,0,2.3,15.5,79.6,17.7,1.9,6.34,18.5
2020-10-03,2512,2479,33,108,서울,19.9,18.3,23.2,0,1.6,14.5,72.5,16.7,1.8,9.79,19.8
2020-10-04,3277,3240,37,108,서울,16.6,10.6,21.8,0,2.8,9.8,65.1,12.4,4.3,12.36,17.8
2020-10-05,2059,2031,28,108,서울,13.3,8.5,18.4,,2.5,4.8,57.3,8.6,10.5,19.44,14.5
2020-10-06,1522,1507,15,108,서울,14.2,9.3,19.7,,2,4.9,55.9,8.7,10.8,19.81,14.6
2020-10-07,1702,1668,34,108,서울,16,9.9,22,,1.9,4.6,48.9,8.5,8.9,16.99,14.9
2020-10-08,1790,1766,24,108,서울,17.2,12.1,23.1,,3.1,7,53,10.1,10.8,19.27,15.9
2020-10-09,2357,2326,31,108,서울,17.2,12.4,23.3,,3,7.5,53.4,10.4,10.6,18.55,16.6
2020-10-10,2602,2573,29,108,서울,16.9,12.3,21.5,,2,8.8,60.1,11.3,7.6,15.28,16.6
2020-10-11,2320,2291,29,108,서울,16.9,12.7,20.8,,1.8,10.9,68.5,13,4.9,11.45,16.1
2020-10-12,1539,1526,13,108,서울,16.2,12.1,21.3,,2.2,10,68.6,12.5,7.5,13.59,16.8
2020-10-13,1857,1834,23,108,서울,13.6,8.6,18.4,,2.2,3.5,52.3,7.9,7.1,14.16,14.2
2020-10-14,1051,1043,8,108,서울,12.8,8.5,18,,2.4,1,47,6.9,5.8,12.19,14.3
2020-10-15,729,722,7,108,서울,11.7,6.5,18.5,,1.5,-1.1,41.8,5.7,7.2,14.48,13.1
2020-10-16,736,729,7,108,서울,11.8,8.6,15.4,,1.5,5.1,64.3,8.9,0,5.28,12.5
2020-10-17,665,651,14,108,서울,13.1,8.7,18.6,,1.8,5.6,64.3,9.2,10.1,17.65,13.1
2020-10-18,732,723,9,108,서울,13.6,7.2,20.2,,2,6.9,65.5,10,9.7,15.96,12.9
2020-10-19,999,990,9,108,서울,15.1,9.8,21.3,,1.7,10.1,74.4,12.4,9.8,15.27,14.3
2020-10-20,955,949,6,108,서울,15.2,9.9,21.7,,1.6,8.5,67.1,11.2,10,15.67,14.5
2020-10-21,1097,1089,9,108,서울,14.1,11.8,17.3,,1.9,8.5,69.4,11.1,0.1,4.72,13.7
2020-10-22,989,982,7,108,서울,13.5,8.4,18.2,0,2.8,6.8,66,10.2,5.4,11.01,15.2
2020-10-23,522,519,3,108,서울,8.6,5.4,13.3,,3,-1.1,51.5,5.6,9.9,17.01,10.7
2020-10-24,274,270,4,108,서울,8.7,3.2,14,,2.5,-2.3,47.6,5.3,9.9,16.65,9.4
2020-10-25,363,358,5,108,서울,11.8,5.4,18.2,,1.7,4,62.5,8.3,8.8,13.83,10.9
2020-10-26,542,536,6,108,서울,12.9,8,19,,1.6,7.4,71.6,10.3,9.2,13.69,11.9
2020-10-27,544,535,9,108,서울,14,9,19.4,,1.8,9,74.1,11.6,8.3,12.23,13.2
2020-10-28,895,884,11,108,서울,13.8,8.6,18.2,,2.5,2.8,52.1,8.2,9.2,15.27,13.8
2020-10-29,701,695,6,108,서울,10.8,5.5,16.1,,2,-2.6,40.3,5.1,9,13.77,11.5
2020-10-30,549,543,6,108,서울,11.9,5.8,19.6,,1.5,-0.8,42.9,5.8,9.7,14.62,11.2
2020-10-31,461,454,7,108,서울,13.6,8.5,18.2,,2.6,5.9,60.3,9.3,5.8,11.03,12.9
