date,temp,rain_per_day,accum_rain,wind,humidity,sunshine,mosquito
2020-06-23,25.61428571,0.014285714,0,1.957142857,58.21428571,21.47714286,2393
2020-08-17,26.94285714,23.77142857,0,2.471428571,85.91428571,9.878571429,3488
2019-06-23,22.55714286,2.028571429,0,1.8,63.1,19.19142857,3499
2018-10-15,12.68571429,1.0,0,1.557142857,57.48571429,13.77142857,724
2015-07-12,26.45714286,4.214285714,29,2.728571429,64.68571429,14.64714286,5818
2017-06-29,25.07142857,4.857142857,0,1.914285714,65.92857143,16.19,6136
2019-07-18,25.05714286,2.1,0,1.442857143,70.75714286,14.07,5144
2020-08-18,27.35714286,9.914285714,0,2.385714286,83.6,11.64571429,3211
2020-05-30,18.47142857,2.285714286,0,2.214285714,71.7,21.92,3183
2015-10-19,17.45714286,0.0,0,1.814285714,65.91428571,12.45714286,2131
2019-08-15,29.11428571,12.21428571,16,1.557142857,70.72857143,15.97,2073
2015-10-06,18.08571429,5.0,0,2.757142857,53.07142857,12.16571429,1902
2018-10-26,13.07142857,2.285714286,11,1.171428571,60.58571429,11.67857143,765
2020-09-26,19.74285714,0.0,0,2.628571429,59.3,18.32571429,3048
2016-07-12,26.35714286,0.428571429,3,1.8,67.74285714,18.97857143,5216
2019-09-02,24.2,8.157142857,0,1.771428571,66.61428571,16.83,2506
2020-06-30,22.7,18.51428571,77,2.7,79.64285714,12.49,2181
2019-07-30,26.85714286,14.08571429,2,2.0,83.2,6.408571429,3068
2015-08-06,27.98571429,2.371428571,0,3.214285714,72.52857143,13.40285714,4832
2019-10-03,22.67142857,3.957142857,28,2.071428571,66.64285714,12.88285714,2445
2017-08-11,28.28571429,1.928571429,6,2.1,71.27142857,14.42285714,3911
2020-06-07,21.68571429,0.371428571,0,2.4,70.3,21.91857143,3564
2020-07-30,24.27142857,7.957142857,50,2.571428571,80.77142857,11.25857143,2143
2015-09-28,22.62857143,0.0,0,1.885714286,50.38571429,14.06428571,3593
2019-10-14,15.97142857,0.0,0,2.2,55.25714286,15.30428571,1135
2015-06-26,23.17142857,8.428571429,15,2.342857143,69.11428571,15.63142857,5243
2015-06-22,23.38571429,8.142857143,0,2.4,68.05714286,17.69142857,4497
2017-07-31,27.35714286,2.214285714,4,1.942857143,70.47142857,13.20142857,5016
2018-08-29,24.82857143,24.35714286,139,1.728571429,78.97142857,8.535714286,2116
2018-07-04,24.51428571,27.22857143,0,1.071428571,83.05714286,12.71285714,2434
2019-05-30,21.12857143,1.014285714,0,2.071428571,50.6,21.12428571,2127
2019-09-21,21.7,0.0,0,2.142857143,52.94285714,16.13142857,2677
2018-07-12,24.11428571,4.928571429,4,1.357142857,70.87142857,13.67285714,2861
2020-08-15,26.34285714,37.32857143,69,2.371428571,89.7,6.515714286,2721
2017-10-18,14.81428571,0.014285714,0,2.05,51.54285714,7.56,2473
2019-10-09,17.81428571,4.371428571,0,2.4,67.14285714,12.35285714,847
2018-10-03,17.54285714,0.0,0,1.657142857,55.45714286,16.53857143,1396
2015-08-01,27.32857143,6.571428571,0,2.785714286,78.9,12.35142857,11746
2017-05-15,17.14285714,1.571428571,0,2.514285714,67.14285714,14.20714286,2047
2016-10-21,17.9,0.214285714,0,1.7,67.02857143,9.995714286,4279
2019-04-18,12.45714286,0.242857143,0,1.928571429,42.44285714,19.07285714,314
2020-09-14,21.81428571,1.728571429,0,2.4,76.68571429,15.41857143,3176
2015-04-08,10.91428571,4.571428571,0,3.257142857,63.54285714,9.927142857,90
2017-07-11,26.24285714,33.28571429,146,1.885714286,81.31428571,10.53,2140
2018-07-11,23.92857143,4.857142857,20,1.314285714,69.5,13.81,2524
2015-10-05,18.57142857,5.0,0,2.814285714,50.08571429,12.45285714,2453
2018-10-07,17.02857143,13.14285714,0,1.814285714,64.65714286,13.36571429,1340
2017-10-08,19.82857143,0.285714286,0,1.914285714,59.7,8.477142857,3672
2018-10-04,17.6,0.0,0,1.657142857,56.72857143,16.19857143,1549
2020-09-24,20.21428571,0.042857143,0,2.642857143,58.54285714,20.20857143,3189
2019-05-19,21.18571429,3.142857143,22,1.557142857,52.07142857,16.64428571,1697
2018-10-12,13.87142857,8.928571429,0,1.714285714,57.57142857,12.86714286,296
2017-06-28,24.94285714,4.857142857,0,1.957142857,64.85714286,16.54285714,6250
2016-05-18,18.78571429,6.857142857,0,2.4,55.21428571,22.87285714,7318
2015-07-25,26.27142857,19.92857143,107,2.128571429,82.9,7.657142857,5340
2020-06-22,25.2,0.014285714,0,2.0,59.57142857,22.58714286,2865
2020-09-23,20.31428571,0.042857143,0,2.414285714,60.07142857,18.89571429,3142
2016-07-21,25.3,7.242857143,0,2.257142857,71.44285714,12.39285714,6285
2019-08-18,27.07142857,11.27142857,0,1.714285714,75.01428571,13.45285714,1935
2017-08-01,27.24285714,2.5,6,1.914285714,71.74285714,12.67857143,3964
2020-09-29,19.98571429,0.0,0,2.542857143,63.28571429,16.81,2921
2019-06-20,21.92857143,2.3,0,1.914285714,65.4,19.51714286,3427
2015-10-23,18.05714286,0.0,0,1.828571429,67.6,10.47285714,2422
2016-09-17,24.1,1.357142857,7,1.842857143,65.94285714,12.24142857,0
2015-06-10,22.71428571,0.142857143,0,2.328571429,51.48571429,17.9,3161
2016-10-10,17.55714286,1.142857143,0,2.571428571,57.7,13.86571429,1076
2018-06-25,24.37142857,0.0,0,1.885714286,57.87142857,23.73,4830
2016-06-20,23.24285714,2.214285714,0,2.214285714,67.05714286,17.20714286,6398
2020-05-24,17.08571429,9.042857143,15,2.371428571,69.84285714,17.36,2141
2015-09-18,21.31428571,0.0,0,2.328571429,52.58571429,17.51714286,3089
2018-06-03,22.28571429,0.142857143,0,1.814285714,54.58571429,24.57857143,2828
2019-05-01,13.0,2.314285714,0,1.657142857,59.14285714,14.04142857,1345
2020-06-21,24.4,0.014285714,0,2.114285714,61.25714286,22.24142857,3059
2018-10-05,17.51428571,5.214285714,37,1.728571429,60.44285714,15.33857143,2487
2017-04-23,13.52857143,1.871428571,0,2.342857143,53.77142857,15.35571429,889
2020-07-03,23.42857143,10.95714286,0,2.457142857,74.02857143,17.35285714,2971
2019-07-12,24.95714286,1.628571429,0,1.857142857,54.81428571,18.20428571,4828
2020-05-29,18.11428571,2.285714286,0,2.257142857,72.95714286,21.45428571,3024
2015-10-11,16.6,1.0,7,2.257142857,60.4,12.12,560
2017-04-29,15.17142857,0.0,0,2.871428571,45.08571429,23.77333333,766
2020-08-30,27.98571429,11.28571429,56,2.328571429,80.28571429,14.05857143,2784
2017-07-02,25.14285714,17.35714286,93,2.2,71.81428571,15.60571429,6681
2018-05-26,18.57142857,2.714285714,0,1.685714286,50.5,22.63428571,2778
2018-06-26,24.35714286,10.21428571,72,1.971428571,61.72857143,21.39285714,4664
2016-08-03,28.07142857,8.914285714,0,1.785714286,72.62857143,14.21571429,3874
2016-04-23,12.68571429,5.642857143,0,2.8,66.34285714,14.04571429,740
2019-04-19,12.8,0.242857143,0,1.842857143,43.72857143,17.94571429,242
2017-08-24,26.05714286,25.0,46,2.442857143,81.21428571,9.197142857,3662
2018-09-25,19.44285714,4.242857143,0,1.528571429,62.68571429,13.71857143,2591
2016-06-08,22.62857143,0.014285714,0,2.028571429,52.85714286,18.47571429,6958
2015-04-25,14.42857143,2.5,0,3.171428571,50.54285714,17.50428571,757
2018-09-18,22.8,0.4,0,1.385714286,66.58571429,13.32428571,3450
2015-05-06,18.12857143,0.571428571,0,2.7,55.75714286,18.51714286,2849
2017-10-16,15.41428571,2.914285714,0,2.133333333,58.41428571,6.73,2833
2016-09-22,22.25714286,1.0,0,2.557142857,52.45714286,15.26285714,10302
2017-05-26,20.41428571,0.728571429,0,2.414285714,51.6,22.76285714,1921
2016-06-01,21.5,0.0,0,2.128571429,58.88571429,20.65142857,6230
2017-05-01,16.51428571,0.0,0,2.785714286,49.27142857,23.965,1057
2017-09-27,22.32857143,0.071428571,1,1.757142857,62.97142857,13.34571429,3511
2018-10-27,12.4,2.285714286,0,1.457142857,59.97142857,11.05428571,301
2016-06-12,23.25714286,0.657142857,5,2.042857143,65.51428571,15.47285714,5469
2020-07-10,25.02857143,0.542857143,2,2.157142857,69.44285714,20.48142857,3893
2015-07-16,26.6,5.571428571,0,3.514285714,69.8,15.03857143,4380
2017-05-08,19.07142857,0.0,0,2.628571429,41.61428571,21.94,1115
2017-08-09,29.52857143,1.071428571,3,2.1,65.31428571,17.59571429,4233
2018-09-19,22.7,0.428571429,0,1.328571429,67.6,11.93428571,3183
2016-08-02,27.85714286,8.985714286,2,2.014285714,74.2,12.14,7386
2019-10-01,22.64285714,0.0,0,1.714285714,61.25714286,15.51142857,2569
2019-06-11,20.94285714,7.828571429,0,1.585714286,66.0,16.21142857,1867
2019-08-08,29.14285714,2.8,0,1.3,69.41428571,17.23714286,1958
2015-05-30,22.05714286,0.057142857,0,2.485714286,43.87142857,21.74142857,5448
2018-05-04,15.94285714,1.857142857,0,2.042857143,60.68571429,17.94428571,1052
2017-08-10,28.75714286,1.857142857,8,2.071428571,69.5,15.37,3702
2020-07-07,24.07142857,0.242857143,0,2.142857143,70.27142857,19.75,3303
2018-05-22,18.57142857,21.0,13,1.428571429,68.08571429,12.88714286,2708
2020-05-07,19.8,0.0,0,2.314285714,62.32857143,19.29571429,1367
2018-05-23,17.85714286,15.5,19,1.514285714,62.84285714,16.83,2119
2018-06-16,21.51428571,7.285714286,0,1.414285714,64.11428571,17.90428571,4746
2018-10-16,12.57142857,1.0,0,1.585714286,57.97142857,14.38,894
2020-09-13,21.51428571,10.44285714,0,2.742857143,78.71428571,13.92,2611
2018-05-20,19.35714286,19.21428571,0,1.428571429,69.28571429,13.58857143,2837
2017-04-27,14.65714286,0.0,0,2.642857143,45.55714286,22.59166667,863
2018-08-12,30.44285714,1.928571429,5,1.585714286,64.87142857,18.09,2041
2016-06-26,24.28571429,4.871428571,0,2.142857143,67.07142857,15.90142857,7687
2018-10-01,18.11428571,0.0,0,1.642857143,52.1,16.52714286,2031
2019-09-23,20.25714286,0.057142857,0,2.457142857,51.67142857,13.56285714,2704
2016-06-27,24.24285714,4.871428571,0,2.128571429,65.57142857,15.44857143,8328
2017-08-12,27.77142857,1.928571429,0,2.128571429,70.88571429,14.64857143,3936
2020-08-23,26.67142857,6.442857143,0,1.885714286,79.41428571,15.85285714,2198
2018-09-01,24.45714286,24.22857143,0,1.428571429,78.15714286,11.49571429,1261
2015-10-29,13.72857143,5.642857143,1,2.5,60.0,10.11428571,326
2016-05-09,17.12857143,6.285714286,0,2.914285714,60.12857143,16.40857143,2709
2017-05-17,17.45714286,0.857142857,0,2.514285714,63.77142857,17.02,2031
2015-10-13,15.25714286,1.0,0,2.457142857,62.68571429,11.78142857,898
2018-09-02,24.72857143,23.94285714,0,1.471428571,76.12857143,12.46714286,1487
2015-08-29,24.07142857,0.828571429,0,2.585714286,66.74285714,13.97,6635
2018-06-19,22.54285714,6.5,0,1.428571429,62.74285714,19.48428571,4605
2016-08-05,29.15714286,0.385714286,0,1.642857143,67.88571429,15.70571429,4885
2016-07-30,27.9,8.742857143,60,2.314285714,75.0,10.47857143,6249
2016-06-03,22.22857143,0.0,0,2.285714286,52.18571429,23.4,9643
2017-10-17,14.67142857,2.857142857,0,2.133333333,54.15714286,7.665714286,2416
2017-07-04,25.58571429,22.92857143,68,2.357142857,74.34285714,15.07428571,6094
2020-08-29,27.77142857,5.214285714,27,2.3,78.8,14.89142857,2869
2020-10-11,15.95714286,0.0,0,2.328571429,56.72857143,17.25571429,2291
2015-08-28,24.22857143,0.828571429,0,2.7,67.31428571,13.51571429,8316
2018-08-03,32.21428571,1.071428571,0,1.471428571,56.58571429,20.20857143,2337
2020-08-03,24.97142857,32.17142857,134,2.157142857,90.21428571,7.478571429,2401
2015-08-15,26.9,0.014285714,0,2.1,70.42857143,16.11285714,8844
2016-05-31,20.98571429,0.0,0,2.214285714,62.04285714,19.38714286,5403
2016-08-17,29.75714286,0.1,0,1.957142857,66.44285714,17.29857143,6020
2019-05-26,21.04285714,1.242857143,0,2.214285714,48.22857143,25.63857143,1523
2016-04-24,13.35714286,2.714285714,0,2.4,62.45714286,15.30142857,1161
2019-04-15,10.02857143,3.528571429,0,2.014285714,49.2,16.09571429,0
2019-09-09,24.38571429,9.185714286,0,2.642857143,78.84285714,7.848571429,3361
2017-08-15,25.71428571,14.78571429,95,2.671428571,73.21428571,10.83285714,3615
2017-10-06,18.87142857,0.857142857,1,2.085714286,60.44285714,7.145714286,3638
2016-10-23,17.22857143,0.357142857,3,2.128571429,65.68571429,9.318571429,3590
2016-05-20,20.48571429,6.785714286,0,2.2,47.92857143,22.82,4433
2015-09-07,23.6,3.357142857,0,2.6,66.98571429,13.81,4242
2019-05-21,20.51428571,4.385714286,0,2.0,56.02857143,19.49857143,1533
2016-06-09,22.75714286,0.014285714,0,1.971428571,55.88571429,18.11285714,7232
2015-08-11,27.7,2.657142857,0,2.242857143,71.71428571,15.83428571,5275
2020-09-10,22.11428571,10.37142857,5,2.842857143,76.38571429,14.21857143,2160
2018-08-27,26.02857143,5.285714286,22,1.771428571,71.41428571,12.53,1914
2018-05-18,18.7,23.85714286,90,1.414285714,82.45714286,9.894285714,1634
2015-09-03,24.58571429,2.685714286,19,2.1,67.32857143,15.11142857,4794
2018-04-30,15.44285714,0.428571429,0,1.742857143,51.37142857,21.59428571,1313
2016-08-07,29.67142857,0.285714286,0,1.628571429,64.34285714,16.08285714,3913
2018-07-02,23.07142857,37.57142857,143,1.342857143,86.8,8.361428571,3106
2017-06-14,21.57142857,0.657142857,0,2.657142857,55.6,23.69285714,2558
2018-06-06,23.05714286,0.0,0,1.857142857,51.24285714,26.09,3119
2017-05-16,17.14285714,1.214285714,0,2.571428571,66.84285714,15.41428571,1974
2017-09-11,22.45714286,3.785714286,25,1.5,71.84285714,11.06,3365
2017-08-20,24.31428571,31.71428571,125,2.742857143,80.84285714,7.958571429,3978
2016-09-08,24.58571429,1.357142857,5,1.8,70.7,11.75,5339
2015-07-10,25.47142857,0.071428571,0,2.5,58.8,16.97,7240
2015-07-28,26.31428571,23.64285714,0,2.385714286,85.11428571,8.912857143,5054
2019-08-28,25.77142857,2.857142857,0,1.557142857,64.78571429,17.45333333,2604
2015-05-13,17.0,3.357142857,0,3.585714286,55.62857143,18.27714286,2323
2015-08-27,24.51428571,1.142857143,0,2.742857143,68.58571429,13.18857143,9093
2017-05-23,20.61428571,0.714285714,5,2.228571429,49.95714286,23.20285714,2099
2015-09-11,22.17142857,1.071428571,3,2.685714286,59.75714286,15.56285714,3675
2018-05-30,20.57142857,0.142857143,0,1.771428571,54.45714286,22.56857143,2838
2015-05-16,17.95714286,3.357142857,0,3.714285714,58.65714286,18.32571429,3935
2017-09-04,22.41428571,0.0,0,1.928571429,57.48571429,18.01285714,3549
2020-10-23,13.31428571,0.0,0,2.114285714,65.45714286,13.89857143,519
2019-09-14,23.51428571,10.72857143,0,2.085714286,75.52857143,10.06142857,3337
2018-08-06,32.08571429,1.214285714,9,1.9,59.95714286,21.25571429,3455
2017-06-22,25.07142857,0.0,0,2.314285714,52.04285714,23.06857143,4069
2016-05-15,17.87142857,8.428571429,45,2.3,60.95714286,18.78857143,3341
2015-07-07,24.27142857,0.071428571,0,2.785714286,59.0,20.06714286,8141
2020-10-25,12.42857143,0.0,0,2.171428571,62.64285714,13.45142857,358
2020-08-19,27.34285714,9.914285714,0,2.4,82.58571429,12.92,3011
2018-10-23,13.02857143,0.714285714,5,1.171428571,56.51428571,13.94142857,444
2018-10-31,9.1,2.357142857,0,1.771428571,60.04285714,10.53142857,148
2020-09-01,27.31428571,11.28571429,0,2.385714286,81.6,11.50714286,3036
2018-07-24,30.27142857,0.0,0,1.571428571,58.28571429,24.02285714,3972
2017-09-03,21.97142857,1.285714286,0,1.914285714,60.24285714,16.42428571,3160
2015-05-23,18.1,0.142857143,0,3.028571429,53.87142857,19.39428571,3479
2019-09-08,24.28571429,9.185714286,0,2.628571429,76.31428571,8.821428571,3008
2015-06-07,22.45714286,0.142857143,0,2.571428571,44.24285714,19.65666667,3721
2015-06-24,23.67142857,6.785714286,0,2.371428571,65.72857143,18.02857143,4712
2016-07-17,25.31428571,7.657142857,49,2.385714286,72.07142857,12.04571429,6677
2015-10-16,14.77142857,1.0,0,2.142857143,66.3,10.98428571,1745
2016-05-14,18.15714286,2.0,0,2.214285714,56.8,20.35714286,2838
2015-10-04,19.05714286,5.0,0,2.771428571,48.68571429,11.73285714,2571
2020-09-11,21.98571429,10.54285714,5,2.857142857,77.62857143,13.02714286,2864
2019-05-25,20.31428571,4.385714286,0,2.128571429,55.94285714,22.69714286,1543
2020-06-04,20.85714286,0.514285714,0,2.414285714,67.94285714,22.05571429,3568
2015-04-15,11.37142857,2.571428571,12,3.142857143,52.74285714,15.43857143,31
2018-09-15,22.82857143,0.1,1,1.314285714,57.85714286,15.66428571,2254
2017-09-06,22.87142857,0.285714286,2,1.671428571,61.87142857,15.25857143,2985
2017-09-12,22.48571429,3.785714286,0,1.528571429,71.3,13.01857143,3546
2019-09-25,19.71428571,0.057142857,0,2.171428571,57.11428571,12.80571429,2344
2018-08-04,32.44285714,0.0,0,1.642857143,54.22857143,21.76,2732
2017-06-03,22.18571429,0.0,0,2.6,48.31428571,23.23142857,1948
2016-10-08,19.9,4.714285714,8,2.7,67.38571429,11.77571429,2976
2019-08-02,27.22857143,16.72857143,0,2.085714286,80.97142857,9.738571429,2534
2020-08-05,25.74285714,28.15714286,22,2.357142857,90.32857143,7.695714286,2302
2016-08-18,29.67142857,0.1,0,1.9,66.12857143,15.79571429,4876
2017-05-03,18.1,0.0,0,2.514285714,46.88571429,23.21428571,1249
2018-08-28,25.61428571,18.35714286,116,1.542857143,74.41428571,11.32428571,1709
2016-06-10,23.1,0.014285714,0,1.971428571,57.71428571,17.95571429,6237
2020-05-23,17.37142857,6.971428571,0,2.2,69.17142857,18.02714286,1976
2015-04-12,10.94285714,0.0,0,2.671428571,45.88571429,15.2,459
2016-06-14,23.58571429,0.642857143,0,2.114285714,67.57142857,17.52428571,5100
2020-09-09,22.1,14.07142857,1,3.242857143,77.27142857,13.41,3532
2015-05-14,17.55714286,3.357142857,0,3.685714286,59.65714286,18.31285714,5430
2019-07-16,23.92857143,3.628571429,14,1.571428571,71.05714286,13.78714286,4599
2017-10-11,20.27142857,2.985714286,20,1.814285714,68.18571429,6.554285714,2718
2020-09-25,20.01428571,0.042857143,0,2.6,58.84285714,19.08714286,3366
2019-09-20,22.1,0.042857143,0,2.028571429,55.75714286,15.97428571,2534
2018-06-09,23.01428571,0.071428571,1,1.814285714,57.54285714,23.15142857,3198
2016-06-19,23.07142857,2.214285714,0,2.314285714,67.7,17.63285714,7859
2015-08-24,26.2,0.414285714,0,2.285714286,68.55714286,12.39,7337
2018-08-11,30.35714286,1.5,0,1.742857143,66.37142857,18.43142857,2453
2015-10-17,15.61428571,0.5,0,2.071428571,65.42857143,12.28571429,1821
2015-07-20,25.6,0.785714286,0,3.057142857,63.51428571,15.96,0
2018-06-20,22.64285714,6.5,0,1.542857143,63.32857143,20.73714286,4442
2020-05-13,16.58571429,4.585714286,0,2.814285714,60.85714286,17.60571429,1328
2015-08-02,27.4,3.142857143,17,2.8,78.72857143,11.43428571,7186
2018-09-30,18.42857143,0.0,0,1.528571429,51.12857143,17.36428571,2018
2015-04-26,14.82857143,0.785714286,0,3.114285714,45.22857143,19.75714286,862
2016-09-14,24.05714286,1.0,0,1.7,68.1,11.87857143,6871
2016-05-21,21.04285714,6.785714286,0,2.157142857,44.6,22.85857143,5112
2015-05-26,19.84285714,0.0,0,2.857142857,47.6,24.73285714,5488
2015-09-15,21.44285714,0.357142857,0,2.242857143,57.95714286,16.12571429,0
2016-10-29,13.25714286,5.685714286,0,2.485714286,64.8,7.02,947
2018-07-07,24.58571429,20.51428571,0,1.228571429,73.71428571,15.16571429,3000
2019-10-31,12.72857143,0.257142857,0,2.171428571,62.57142857,12.61,185
2018-08-26,26.94285714,2.5,2,1.942857143,66.35714286,13.56285714,2221
2018-05-21,19.3,19.21428571,0,1.428571429,65.35714286,14.36,2680
2016-10-16,16.15714286,0.214285714,2,1.557142857,57.61428571,11.63571429,2728
2017-07-15,26.38571429,31.5,43,1.928571429,81.45714286,11.87857143,4552
2019-07-09,26.22857143,0.0,0,1.828571429,49.07142857,21.68857143,4802
2020-10-31,12.68571429,0.0,0,1.957142857,57.68571429,13.49142857,454
2016-07-28,28.31428571,0.242857143,1,2.371428571,71.94285714,11.45571429,12958
2016-07-19,24.85714286,7.257142857,0,2.271428571,73.17142857,12.37142857,5044
2016-04-20,12.94285714,6.571428571,1,2.885714286,60.35714286,15.70428571,921
2015-09-25,22.81428571,0.0,0,1.971428571,58.37142857,14.35142857,3192
2019-07-01,24.6,0.414285714,0,1.685714286,64.2,16.29857143,5525
2020-08-10,25.35714286,30.3,95,2.485714286,90.85714286,6.097142857,2122
2015-09-05,24.45714286,3.357142857,5,2.228571429,69.2,13.73,7523
2020-10-17,13.72857143,0.0,0,1.914285714,58.11428571,12.68571429,651
2020-07-27,23.75714286,17.1,2,2.671428571,80.15714286,10.99428571,3221
2020-05-17,16.87142857,2.657142857,0,2.428571429,66.41428571,16.17285714,1434
2015-05-15,17.9,3.357142857,0,3.714285714,60.61428571,17.75285714,8425
2017-04-19,14.31428571,2.714285714,0,2.457142857,58.61428571,13.10166667,212
2019-07-31,26.75714286,22.84285714,64,2.085714286,84.45714286,6.385714286,3431
2018-09-06,24.4,5.085714286,1,1.728571429,67.24285714,17.43,1846
2020-07-20,24.08571429,6.314285714,33,2.357142857,74.98571429,16.09428571,3589
2015-09-09,22.92857143,3.285714286,0,2.685714286,60.45714286,16.15428571,3880
2016-05-01,17.65714286,0.042857143,0,2.4,38.48571429,16.58285714,0
2019-06-06,21.28571429,1.071428571,8,1.914285714,55.88571429,22.32714286,1805
2016-04-19,13.12857143,6.642857143,0,2.828571429,62.28571429,15.77,258
2016-08-31,22.14285714,6.214285714,18,2.9,61.91428571,13.01428571,1848
2016-07-24,27.74285714,0.171428571,1,1.885714286,68.1,14.27428571,5784
2019-10-25,17.24285714,0.0,0,1.885714286,59.15714286,12.83285714,1276
2020-10-07,16.85714286,0.0,0,2.171428571,64.88571429,13.66,1668
2019-08-17,27.75714286,12.22857143,0,1.828571429,73.17142857,13.86857143,2183
2016-10-04,20.8,3.642857143,0,2.128571429,71.6,9.691428571,16871
2015-09-20,22.02857143,0.0,0,2.314285714,54.41428571,17.39285714,3452
2020-05-02,15.94285714,0.0,0,2.757142857,57.4,22.40428571,861
2019-10-08,18.95714286,7.671428571,0,2.585714286,72.81428571,10.35,731
2015-04-18,11.5,3.571428571,0,3.371428571,56.17142857,13.59428571,416
2015-06-13,23.74285714,1.214285714,1,2.785714286,58.12857143,18.45571429,4172
2015-07-05,24.15714286,0.428571429,0,2.828571429,62.62857143,19.46,7150
2016-10-06,20.62857143,3.571428571,0,2.314285714,67.62857143,11.25857143,3996
2016-09-28,21.87142857,2.0,14,1.514285714,64.08571429,10.65714286,3531
2016-06-06,22.78571429,0.0,0,2.114285714,49.14285714,20.84285714,26441
2016-07-22,25.71428571,7.028571429,0,2.2,72.01428571,13.15142857,6162
2020-06-29,23.72857143,9.271428571,12,2.4,75.42857143,14.02857143,2822
2017-04-21,14.35714286,1.871428571,0,2.214285714,57.18571429,13.68666667,585
2020-09-21,21.18571429,0.085714286,0,2.042857143,65.94285714,16.62,2983
2017-09-07,22.9,0.285714286,0,1.642857143,63.42857143,14.51571429,2874
2015-05-18,17.78571429,1.357142857,0,3.728571429,57.6,18.04571429,7851
2015-10-31,10.4,4.142857143,0,2.471428571,52.97142857,11.46571429,27
2018-09-21,21.47142857,3.642857143,23,1.414285714,73.0,10.17142857,3194
2018-05-06,16.41428571,5.0,22,2.014285714,66.55714286,15.23428571,2246
2020-08-22,26.97142857,6.442857143,45,2.042857143,80.01428571,15.22142857,2843
2018-08-22,28.34285714,0.714285714,0,1.671428571,52.44285714,20.62428571,1222
2017-08-04,28.55714286,0.785714286,0,1.842857143,69.22857143,15.53,3999
2016-07-03,24.28571429,16.1,0,2.1,70.14285714,12.16571429,10183
2019-10-23,16.87142857,0.0,0,1.742857143,60.4,12.86857143,1004
2015-06-16,24.31428571,3.428571429,0,2.757142857,62.95714286,19.07285714,4599
2015-10-02,20.27142857,5.0,0,2.5,49.48571429,12.25571429,980
2018-06-11,22.28571429,0.857142857,6,1.714285714,62.92857143,19.69142857,4152
2017-07-13,26.2,28.42857143,0,1.971428571,82.41428571,10.34857143,3067
2015-07-31,26.87142857,18.0,0,2.8,82.08571429,10.99428571,5598
2016-07-11,25.9,14.35714286,0,1.9,71.75714286,16.74714286,5063
2015-06-21,23.41428571,8.142857143,0,2.371428571,68.8,17.22571429,3039
2015-05-24,18.44285714,0.142857143,0,3.057142857,53.42857143,20.02285714,10082
2019-08-16,28.55714286,12.22857143,16,1.685714286,71.51428571,15.21714286,1596
2016-08-19,29.45714286,1.742857143,12,1.814285714,66.3,14.30428571,4564
2018-06-23,23.7,0.0,0,1.842857143,58.14285714,22.98857143,5010
2018-05-14,16.12857143,4.642857143,0,1.671428571,67.38571429,18.87571429,2376
2017-04-20,14.34285714,2.728571429,0,2.428571429,57.38571429,12.04333333,750
2020-10-27,11.94285714,0.0,0,2.185714286,63.24285714,12.73428571,535
2016-07-06,23.34285714,34.67142857,0,2.4,81.3,8.395714286,3581
2017-08-13,27.27142857,1.214285714,0,2.257142857,69.48571429,14.54,4018
2015-09-10,22.71428571,0.714285714,0,2.7,58.62857143,16.66857143,3629
2016-08-24,29.67142857,2.842857143,0,1.828571429,61.97142857,13.64428571,2341
2017-07-16,26.37142857,30.07142857,65,1.985714286,80.8,12.05428571,4428
2015-05-22,17.72857143,0.142857143,0,3.1,54.27142857,19.67285714,3450
2018-08-07,31.78571429,1.214285714,0,1.9,61.8,19.98714286,3021
2017-06-12,20.67142857,4.657142857,0,2.614285714,59.22857143,18.59428571,2792
2017-05-20,18.54285714,0.0,0,2.557142857,51.45714286,23.41,2086
2015-09-30,22.27142857,0.0,0,2.085714286,46.9,14.41428571,4161
2019-08-24,26.32857143,0.185714286,0,1.542857143,62.35714286,17.78714286,3226
2017-05-05,20.08571429,0.0,0,2.357142857,46.58571429,22.32,1187
2016-08-12,30.17142857,0.142857143,0,1.885714286,64.41428571,17.69,19309
2016-09-06,23.67142857,3.214285714,0,2.342857143,72.18571429,11.55428571,4383
2017-05-28,20.17142857,0.728571429,0,2.442857143,52.25714286,22.72285714,2142
2015-04-23,13.58571429,2.5,0,3.128571429,51.64285714,17.04285714,656
2020-05-11,17.3,4.485714286,5,2.571428571,61.02857143,16.83714286,1176
2018-05-10,16.68571429,3.142857143,0,1.9,58.24285714,21.86857143,2906
2020-08-11,25.01428571,43.6,142,2.3,91.31428571,6.008571429,1907
2016-09-01,21.58571429,5.571428571,0,3.071428571,62.04285714,13.33142857,1973
2020-05-12,17.05714286,4.585714286,4,2.714285714,61.24285714,17.43571429,1625
2016-07-31,28.02857143,8.7,1,2.257142857,74.17142857,11.86714286,5928
2018-05-09,16.08571429,3.285714286,0,1.957142857,57.52857143,19.81857143,1988
2017-06-01,21.64285714,0.0,0,2.5,49.2,23.05,2081
2015-09-23,22.31428571,0.0,0,2.128571429,56.31428571,15.32142857,4074
2020-10-30,11.98571429,0.0,0,1.942857143,55.87142857,14.29428571,543
2015-08-17,26.71428571,4.157142857,0,2.071428571,68.98571429,15.25428571,6111
2020-06-16,24.98571429,1.042857143,0,2.242857143,64.2,22.61285714,3148
2015-06-23,23.34285714,8.142857143,0,2.385714286,67.8,17.64571429,6747
2016-09-02,21.75714286,3.357142857,5,2.942857143,63.68571429,13.27714286,3339
2016-10-22,17.78571429,0.214285714,0,1.771428571,66.8,9.422857143,3909
2016-10-15,15.31428571,0.0,0,1.757142857,53.64285714,13.55,1922
2016-10-11,16.61428571,1.142857143,0,2.485714286,58.2,13.09714286,1582
2015-08-03,27.64285714,2.928571429,0,3.014285714,76.65714286,11.90714286,8809
2019-09-15,23.44285714,10.72857143,0,2.057142857,74.6,11.33,2530
2020-07-02,22.9,11.24285714,0,2.542857143,76.68571429,15.29,2898
2016-05-08,17.25714286,8.642857143,0,2.942857143,63.2,16.19285714,2381
2019-09-30,22.17142857,0.0,0,1.714285714,60.42857143,16.52857143,2631
2015-04-27,15.72857143,0.0,0,3.057142857,40.08571429,21.66428571,1033
2019-06-12,20.72857143,7.828571429,0,1.585714286,65.04285714,16.37142857,2216
2018-07-22,29.37142857,0.0,0,1.571428571,60.78571429,26.14857143,4105
2016-05-29,20.47142857,5.5,0,2.185714286,62.71428571,16.27571429,6220
2016-05-22,22.08571429,0.357142857,0,2.042857143,39.04285714,24.58714286,9818
2018-09-17,22.74285714,0.4,2,1.428571429,64.91428571,13.61,3336
2015-05-11,16.84285714,2.0,14,2.742857143,47.25714286,19.00285714,0
2019-06-17,21.94285714,0.3,0,1.857142857,55.84285714,23.92142857,2827
2017-07-27,28.21428571,20.07142857,4,2.085714286,71.84285714,11.86571429,4474
2018-09-09,22.92857143,5.142857143,0,1.871428571,62.92857143,17.46,1571
2019-07-13,24.27142857,1.628571429,0,1.857142857,58.58571429,16.65142857,5670
2015-07-24,26.17142857,8.571428571,43,1.985714286,78.38571429,8.657142857,6509
2016-10-05,20.97142857,3.571428571,0,2.371428571,68.35714286,10.83428571,4161
2017-10-10,20.44285714,0.128571429,0,1.657142857,64.1,7.42,3500
2015-09-24,22.6,0.0,0,1.957142857,57.74285714,14.81571429,3084
2016-05-17,17.94285714,6.857142857,0,2.414285714,58.15714286,22.67857143,3103
2019-04-16,10.84285714,1.042857143,0,1.9,45.94285714,18.65857143,48
2019-05-11,17.0,0.0,0,2.257142857,39.27142857,25.66285714,1636
2020-10-09,16.34285714,0.0,0,2.414285714,58.01428571,16.60142857,2326
2016-08-08,29.97142857,0.285714286,0,1.657142857,63.07142857,16.34142857,7906
2019-06-16,21.47142857,1.657142857,0,1.757142857,57.44285714,21.87142857,2201
2015-09-08,23.14285714,3.357142857,0,2.571428571,64.72857143,14.46142857,4475
2020-05-04,18.34285714,0.0,0,2.571428571,63.08571429,21.47428571,1304
2015-08-09,27.92857143,2.657142857,0,2.8,71.58571429,14.76,4441
2017-06-06,21.84285714,2.214285714,16,2.542857143,44.64285714,22.42428571,2360
2015-06-11,22.77142857,1.214285714,8,2.357142857,55.87142857,16.99,3713
2018-05-01,16.62857143,0.0,0,1.757142857,52.72857143,21.92,1837
2020-06-19,24.38571429,0.171428571,0,2.214285714,61.44285714,21.96428571,3220
2019-05-07,17.08571429,0.0,0,2.214285714,35.94285714,25.68571429,1172
2015-10-01,21.25714286,5.0,35,2.328571429,49.91428571,12.35428571,3169
2020-10-03,19.74285714,5.471428571,0,1.942857143,71.7,13.40714286,2479
2017-04-26,14.55714286,0.014285714,0,2.5,46.07142857,20.14666667,945
2015-07-15,26.85714286,5.571428571,0,3.214285714,71.22857143,14.05428571,6136
2018-08-08,31.41428571,1.214285714,0,1.957142857,63.12857143,19.25857143,2696
2019-05-18,21.5,0.0,0,1.6,43.92857143,19.01571429,1531
2016-08-21,29.7,1.714285714,0,1.742857143,62.67142857,14.25142857,4238
2020-08-08,25.14285714,35.88571429,19,2.585714286,91.65714286,5.588571429,2233
2016-04-29,16.84285714,0.042857143,0,2.257142857,39.32857143,18.49,0
2016-10-17,16.65714286,0.214285714,0,1.528571429,62.3,10.81,1999
2020-07-26,23.68571429,17.3,0,2.885714286,80.14285714,10.62714286,2663
2016-07-27,28.35714286,0.214285714,1,2.285714286,70.61428571,11.07571429,8799
2020-05-31,19.05714286,0.357142857,1,2.128571429,68.58571429,23.14285714,3038
2020-10-24,12.68571429,0.0,0,2.214285714,63.07142857,13.75571429,270
2017-08-16,25.1,14.71428571,96,2.871428571,75.22857143,10.29571429,3351
2018-06-21,22.94285714,2.357142857,0,1.7,61.21428571,23.29,4545
2016-05-24,22.78571429,5.5,39,1.985714286,41.87142857,21.09428571,5532
2017-08-07,29.92857143,1.0,0,1.928571429,66.94285714,17.94142857,4362
2018-08-10,30.37142857,1.5,0,1.871428571,67.05714286,18.3,3102
2019-08-06,28.61428571,14.4,0,1.457142857,73.41428571,16.34857143,2290
2019-10-02,22.74285714,3.3,23,1.942857143,64.62857143,13.64857143,2493
2018-06-05,22.65714286,0.0,0,1.842857143,52.22857143,25.38571429,2760
2015-07-19,24.97142857,2.214285714,6,3.457142857,66.28571429,14.96571429,5225
2018-08-21,28.48571429,0.857142857,5,1.685714286,53.21428571,20.07285714,823
2020-10-29,11.51428571,0.0,0,2.157142857,57.1,14.63571429,695
2015-05-27,20.82857143,0.0,0,2.7,43.72857143,24.86,4262
2017-10-30,13.8,0.0,0,1.928571429,49.87142857,7.98,149
2016-09-10,24.61428571,0.642857143,0,1.642857143,69.87142857,12.11142857,4622
2017-06-10,20.81428571,4.657142857,5,2.542857143,57.92857143,18.78857143,2442
2015-04-28,16.62857143,0.0,0,2.942857143,39.02857143,21.11285714,0
2016-09-30,21.52857143,2.0,0,1.685714286,67.95714286,9.324285714,4333
2017-08-27,25.57142857,7.214285714,0,2.285714286,71.41428571,13.42857143,3381
2016-04-27,15.92857143,2.428571429,0,2.385714286,52.04285714,14.65,1843
2017-10-13,18.35714286,2.914285714,0,1.928571429,68.07142857,6.427142857,672
2018-06-29,24.2,15.07142857,33,1.728571429,72.04285714,15.89714286,2937
2018-08-16,30.87142857,1.0,0,1.428571429,59.34285714,19.34285714,1746
2019-09-11,24.55714286,16.05714286,71,2.742857143,80.01428571,8.565714286,2797
2015-10-28,15.02857143,5.571428571,0,2.471428571,62.05714286,9.877142857,252
2019-07-15,23.97142857,2.728571429,8,1.642857143,66.4,14.47142857,6137
2017-07-17,26.77142857,10.5,30,1.942857143,78.05714286,13.36428571,4362
2017-08-05,29.15714286,0.785714286,0,1.785714286,67.9,16.25285714,3717
2016-10-01,21.35714286,2.0,0,1.628571429,69.15714286,8.681428571,4316
2015-10-08,18.38571429,0.0,0,2.4,53.9,14.28571429,1959
2016-10-30,12.48571429,5.328571429,0,2.128571429,59.88571429,8.624285714,57
2020-05-27,17.61428571,2.285714286,0,2.271428571,72.41428571,19.52571429,2126
2016-10-27,15.22857143,5.642857143,0,2.385714286,67.01428571,7.464285714,1120
2018-07-27,30.94285714,0.0,0,1.728571429,60.12857143,19.33571429,4382
2019-06-27,24.72857143,0.228571429,1,1.614285714,53.52857143,21.02428571,3666
2017-05-22,20.2,0.0,0,2.242857143,48.88571429,23.93571429,2064
2015-08-16,26.77142857,4.157142857,29,2.085714286,70.5,15.06142857,7406
2015-09-26,22.82857143,0.0,0,1.885714286,57.82857143,13.92571429,3533
2017-05-09,18.55714286,0.357142857,3,2.557142857,44.55714286,20.24428571,1415
2018-09-13,22.38571429,0.071428571,0,1.585714286,52.21428571,19.24857143,1725
2020-10-12,16.37142857,0.0,0,2.285714286,58.34285714,16.42,1526
2020-05-08,19.75714286,0.328571429,2,2.271428571,56.5,19.91,1552
2019-05-20,20.85714286,4.385714286,31,1.814285714,54.95714286,18.99285714,1698
2015-07-11,26.37142857,0.071428571,0,2.485714286,59.44285714,16.56,6338
2019-10-05,21.88571429,4.042857143,1,2.271428571,70.6,12.60857143,3150
2018-05-31,20.94285714,0.142857143,0,1.728571429,56.1,22.55714286,3229
2017-07-19,27.01428571,10.71428571,0,1.8,77.3,13.50428571,5155
2015-06-19,24.2,4.071428571,0,2.671428571,64.81428571,18.63285714,3577
2015-07-04,24.32857143,0.428571429,0,2.871428571,63.25714286,20.18714286,8229
2019-04-20,13.15714286,0.414285714,1,1.857142857,48.42857143,16.75571429,468
2018-09-16,22.82857143,0.385714286,2,1.385714286,62.8,13.52714286,2295
2015-04-06,12.21428571,5.285714286,0,3.371428571,68.75714286,8.88,199
2017-09-16,22.1,3.5,0,2.257142857,58.58571429,16.57857143,3255
2018-07-18,27.87142857,0.142857143,0,1.685714286,70.28571429,21.04571429,3381
2016-10-18,16.88571429,0.214285714,0,1.471428571,63.51428571,10.91857143,2381
2017-06-26,24.97142857,4.857142857,31,2.057142857,59.85714286,17.58571429,5298
2020-06-18,24.38571429,0.157142857,0,2.157142857,62.47142857,20.80857143,3417
2017-08-08,29.87142857,0.714285714,0,1.957142857,66.1,17.28285714,3885
2015-07-22,25.7,2.5,12,2.628571429,67.41428571,12.55714286,5426
2019-08-31,24.67142857,8.157142857,0,1.728571429,68.01428571,17.676,2559
2020-08-25,26.95714286,6.442857143,0,1.942857143,77.54285714,16.31142857,3361
2020-10-08,16.62857143,0.0,0,2.314285714,61.75714286,14.85714286,1766
2016-05-02,18.21428571,2.4,17,2.471428571,42.72857143,15.82285714,0
2019-06-02,19.27142857,1.014285714,0,2.257142857,53.62857143,21.73428571,1824
2016-08-14,29.88571429,0.171428571,0,1.985714286,67.42857143,17.37571429,8356
2015-07-17,25.8,5.571428571,0,3.757142857,68.21428571,15.13857143,4200
2019-08-25,26.24285714,0.185714286,0,1.514285714,62.37142857,17.67857143,2481
2018-05-16,17.88571429,11.07142857,45,1.614285714,74.37142857,14.98428571,3529
2017-06-25,25.21428571,0.714285714,5,2.0,56.14285714,18.54285714,4714
2016-04-22,12.88571429,9.0,0,2.914285714,67.31428571,12.68428571,1292
2015-08-19,26.8,4.157142857,0,2.1,67.42857143,14.44,5487
2016-05-25,22.41428571,5.5,0,2.1,45.81428571,19.64142857,6788
2020-10-14,15.82857143,0.0,0,2.385714286,57.55714286,14.92714286,1043
2019-07-05,24.62857143,0.214285714,0,1.885714286,62.81428571,19.29714286,5994
2020-05-01,14.91428571,0.0,0,2.985714286,53.8,23.75714286,842
2019-06-01,19.75714286,1.014285714,0,2.271428571,53.18571429,21.63857143,1859
2019-09-12,24.27142857,11.41428571,12,2.828571429,77.28571429,8.282857143,2580
2020-05-25,16.72857143,4.785714286,0,2.328571429,70.07142857,17.76142857,1874
2020-10-05,18.14285714,5.471428571,0,2.128571429,70.71428571,12.52285714,2031
2016-09-21,22.54285714,1.0,0,2.485714286,55.57142857,15.03142857,5300
2016-05-27,21.27142857,5.5,0,2.114285714,55.08571429,16.86285714,5975
2015-05-02,19.42857143,0.571428571,1,2.557142857,53.18571429,18.12142857,2729
2019-06-07,21.41428571,6.114285714,43,1.785714286,59.84285714,20.32,1867
2017-04-28,14.84285714,0.0,0,2.785714286,45.67142857,23.33666667,747
2018-09-11,22.64285714,0.214285714,0,1.857142857,54.77142857,19.27285714,1815
2018-07-15,25.91428571,4.928571429,0,1.414285714,78.48571429,12.65714286,3489
2018-09-04,24.74285714,12.3,0,1.685714286,72.02857143,14.28714286,1260
2015-04-09,10.17142857,0.571428571,0,2.871428571,59.61428571,10.88428571,172
2015-08-18,26.87142857,4.157142857,0,2.128571429,67.02857143,15.98857143,6120
2016-09-11,24.45714286,0.642857143,0,1.671428571,69.15714286,12.05142857,8553
2016-07-10,24.95714286,18.57142857,0,2.085714286,74.28571429,15.31714286,4574
2018-08-02,31.9,1.071428571,0,1.471428571,58.58571429,19.95142857,2589
2020-05-22,16.88571429,7.328571429,0,2.114285714,72.62857143,15.79285714,1890
2020-09-18,21.61428571,0.857142857,0,2.014285714,74.58571429,13.58428571,4127
2019-06-13,20.98571429,6.757142857,0,1.657142857,61.61428571,19.52428571,2247
2016-05-07,17.17142857,8.642857143,0,2.957142857,62.58571429,15.27285714,1228
2018-06-08,22.97142857,0.0,0,1.9,55.24285714,24.33,3122
2016-05-04,16.82857143,6.257142857,0,3.1,52.14285714,15.59142857,200
2016-05-05,17.07142857,7.328571429,8,3.057142857,54.48571429,15.97,1965
2016-09-25,21.61428571,0.0,0,2.114285714,51.45714286,15.37571429,11464
2019-07-26,26.54285714,11.15714286,70,1.814285714,81.01428571,7.507142857,4017
2016-08-26,28.42857143,4.7,25,2.185714286,61.4,14.76571429,2816
2017-04-30,15.8,0.0,0,2.9,47.64285714,23.50833333,1104
2019-08-04,27.68571429,14.64285714,12,1.942857143,78.11428571,12.65142857,2281
2017-10-31,13.22857143,0.0,0,1.914285714,49.87142857,7.988571429,154
2020-07-09,25.17142857,0.242857143,0,2.128571429,67.8,22.64857143,3689
2016-06-13,23.28571429,0.657142857,0,2.057142857,68.57142857,16.08714286,6247
2017-06-04,22.25714286,0.0,0,2.585714286,46.35714286,23.79142857,2043
2015-06-08,22.55714286,0.142857143,0,2.528571429,45.71428571,18.77833333,3440
2020-05-09,18.88571429,3.814285714,27,2.457142857,58.61428571,18.99142857,831
2016-09-16,24.28571429,0.357142857,0,1.657142857,66.02857143,12.16,5545
2016-05-16,17.25714286,8.785714286,48,2.471428571,62.95714286,19.80857143,3673
2018-06-15,21.68571429,7.357142857,46,1.414285714,64.71428571,16.78714286,4516
2015-07-27,26.21428571,25.21428571,42,2.228571429,86.14285714,7.71,3947
2019-06-05,21.05714286,0.0,0,2.085714286,51.9,24.17714286,1927
2017-08-21,24.48571429,32.21428571,130,2.571428571,82.84285714,8.452857143,3829
2017-10-05,18.65714286,0.785714286,0,2.071428571,56.57142857,8.35,3553
2015-08-10,27.8,2.657142857,0,2.585714286,71.67142857,15.63,5086
2016-06-07,22.8,0.014285714,0,2.0,49.98571429,19.04714286,15775
2019-10-20,15.62857143,0.0,0,1.842857143,59.88571429,14.02142857,896
2018-08-25,27.65714286,2.214285714,0,1.942857143,63.58571429,14.45571429,1985
2020-06-13,25.41428571,0.885714286,0,2.071428571,62.58571429,23.57571429,3297
2020-05-03,17.3,0.0,0,2.585714286,61.07142857,21.12571429,896
2015-08-21,26.4,4.571428571,3,2.014285714,70.11428571,12.10714286,4799
2019-07-10,26.02857143,1.214285714,9,1.871428571,49.0,21.8,4600
2015-04-13,11.18571429,0.928571429,7,3.128571429,45.61428571,15.87,468
2017-07-22,28.11428571,4.714285714,1,1.971428571,75.38571429,13.57428571,6299
2018-05-27,19.04285714,2.714285714,0,1.728571429,52.68571429,23.02,3160
2016-09-27,21.91428571,1.928571429,14,1.614285714,58.2,12.36142857,12727
2019-08-19,27.02857143,3.242857143,0,1.685714286,70.55714286,15.36142857,2134
2017-04-22,14.07142857,1.871428571,0,2.2,55.61428571,13.99,606
2017-04-18,14.15714286,2.714285714,13,2.571428571,55.57142857,12.85833333,477
2020-10-01,19.78571429,5.471428571,0,2.085714286,68.05714286,15.29,2381
2019-08-09,29.34285714,2.8,0,1.314285714,68.61428571,17.75571429,2024
2016-09-09,24.54285714,0.714285714,0,1.671428571,71.07142857,11.53571429,6994
2015-09-06,24.07142857,3.357142857,0,2.528571429,68.41428571,13.20285714,4481
2017-09-24,21.3,1.142857143,0,2.114285714,64.31428571,15.44285714,3899
2017-08-31,22.17142857,1.285714286,0,1.842857143,60.15714286,15.96285714,2853
2016-08-30,23.77142857,3.714285714,0,2.614285714,58.17142857,14.57857143,2847
2016-07-23,26.84285714,0.457142857,1,1.971428571,68.81428571,14.04428571,13430
2018-05-08,16.0,5.0,0,1.985714286,63.24285714,16.34714286,2931
2019-05-23,20.14285714,4.385714286,0,2.128571429,55.9,20.70285714,1856
2016-06-28,24.05714286,4.871428571,0,2.142857143,65.71428571,15.65714286,7782
2019-10-24,17.28571429,0.0,0,1.885714286,59.2,12.80285714,1125
2020-06-26,24.65714286,7.571428571,15,2.3,68.95714286,17.22,2035
2015-06-01,22.34285714,0.057142857,0,2.442857143,44.87142857,20.83285714,10706
2016-10-26,15.8,5.642857143,0,2.371428571,66.42857143,7.845714286,1164
2017-09-30,21.45714286,0.071428571,0,1.928571429,58.02857143,10.82,3436
2017-06-23,25.24285714,0.0,0,2.285714286,51.64285714,22.87428571,4666
2017-06-18,23.21428571,0.0,0,2.485714286,56.28571429,24.31428571,3480
2019-06-21,21.8,2.328571429,0,1.9,67.98571429,18.52428571,3624
2019-10-06,21.24285714,4.042857143,0,2.442857143,69.57142857,12.22857143,2136
2020-09-04,25.27142857,17.02857143,0,2.557142857,80.91428571,11.89285714,3628
2019-05-14,18.6,0.0,0,1.842857143,43.21428571,22.13,1364
2018-10-19,13.37142857,0.0,0,1.285714286,58.12857143,14.75857143,853
2017-07-24,28.14285714,19.92857143,137,1.957142857,76.97142857,11.60428571,5957
2019-06-04,20.67142857,0.0,0,2.114285714,49.7,24.79714286,1933
2018-08-24,27.87142857,2.214285714,11,1.771428571,60.24285714,15.46428571,1543
2019-06-19,21.97142857,2.3,14,1.885714286,62.72857143,20.44428571,3026
2018-06-13,21.8,0.857142857,0,1.642857143,64.94285714,18.01285714,4163
2018-07-14,25.2,4.928571429,0,1.4,75.9,12.81,3597
2017-09-08,23.04285714,0.285714286,0,1.571428571,65.07142857,14.09714286,3519
2018-10-24,13.04285714,0.714285714,0,1.171428571,58.32857143,13.54142857,370
2016-07-18,24.74285714,7.685714286,3,2.357142857,73.17142857,11.98714286,3866
2020-09-22,20.78571429,0.085714286,0,2.214285714,62.92857143,17.35571429,2507
2020-07-21,24.75714286,4.671428571,0,2.185714286,74.64285714,16.86142857,3851
2017-09-28,22.17142857,0.071428571,0,1.928571429,61.8,12.26857143,3975
2015-09-16,21.32857143,0.357142857,0,2.185714286,58.32857143,15.99857143,3822
2018-06-01,21.52857143,0.142857143,0,1.742857143,56.52857143,22.90857143,3178
2018-07-01,23.71428571,29.07142857,98,1.414285714,81.32857143,10.60571429,3076
2016-08-23,29.78571429,2.842857143,8,1.842857143,62.15714286,14.18428571,2783
2015-06-04,22.57142857,0.057142857,0,2.757142857,44.9,19.96,3269
2020-07-04,23.44285714,11.18571429,2,2.471428571,73.1,18.02428571,3331
2015-05-29,22.17142857,0.0,0,2.428571429,39.22857143,23.80857143,16214
2017-07-10,26.34285714,33.21428571,177,1.871428571,80.32857143,11.35714286,3794
2016-08-13,30.12857143,0.142857143,0,1.985714286,64.85714286,18.70428571,7335
2017-05-30,20.84285714,0.014285714,0,2.557142857,49.92857143,24.10285714,2520
2019-05-13,17.94285714,0.0,0,1.942857143,41.62857143,22.36857143,1543
2019-10-11,16.27142857,3.714285714,0,2.157142857,63.71428571,12.08571429,1111
2017-05-18,17.61428571,0.857142857,0,2.585714286,60.42857143,18.12714286,2228
2018-07-05,24.8,23.51428571,1,1.085714286,81.3,12.93714286,2684
2017-09-21,21.71428571,1.142857143,0,2.714285714,56.95714286,17.80428571,3217
2019-09-13,23.98571429,11.08571429,4,2.771428571,74.51428571,10.00571429,2518
2020-08-16,26.7,30.14285714,0,2.428571429,87.87142857,8.354285714,2389
2018-10-29,10.7,3.071428571,0,1.657142857,64.95714286,9.425714286,72
2020-07-25,23.48571429,21.45714286,0,2.985714286,81.9,8.738571429,3035
2019-05-15,19.32857143,0.0,0,1.757142857,43.18571429,21.82285714,1395
2016-04-28,16.45714286,0.0,0,2.271428571,44.44285714,16.48714286,1529
2019-07-22,26.51428571,2.057142857,6,1.671428571,72.54285714,12.77142857,4437
2019-05-16,20.31428571,0.0,0,1.657142857,43.25714286,21.78428571,1421
2017-10-14,17.28571429,2.914285714,0,2.05,64.52857143,6.628571429,1701
2016-06-30,24.18571429,0.528571429,0,2.271428571,64.28571429,15.65714286,7125
2016-09-04,22.48571429,3.214285714,0,2.6,69.3,11.56285714,4083
2019-08-01,26.75714286,25.3,89,2.157142857,83.92857143,7.825714286,2904
2015-04-10,10.31428571,0.071428571,0,2.871428571,53.48571429,12.77714286,249
2020-06-25,25.07142857,7.285714286,51,2.142857143,66.0,18.15857143,1888
2017-06-13,20.97142857,2.442857143,0,2.6,59.65714286,20.57857143,2697
2020-06-02,19.74285714,0.485714286,2,2.328571429,64.64285714,23.26714286,3610
2019-06-29,24.94285714,0.414285714,2,1.571428571,56.97142857,18.72285714,4744
2020-08-13,25.67142857,30.14285714,0,2.185714286,88.65714286,7.411428571,2533
2017-08-06,29.42857143,1.5,5,1.785714286,68.97142857,15.31285714,3718
2018-06-18,22.38571429,6.5,0,1.414285714,63.34285714,20.31285714,5323
2017-10-01,20.85714286,0.642857143,4,1.971428571,58.5,9.575714286,3161
2018-06-12,21.94285714,0.857142857,0,1.714285714,64.78571429,19.56285714,3417
2017-10-23,16.32857143,0.014285714,0,1.828571429,53.28571429,8.621428571,1825
2016-05-06,17.08571429,8.642857143,17,2.985714286,60.44285714,13.13,2687
2017-08-23,25.81428571,23.07142857,32,2.171428571,80.04285714,10.06142857,3702
2020-08-27,27.31428571,7.771428571,9,2.414285714,77.55714286,14.52285714,2250
2016-06-24,24.48571429,4.871428571,4,1.885714286,67.21428571,15.43142857,7509
2016-07-02,24.41428571,16.1,113,2.257142857,68.42857143,14.09285714,6990
2017-06-20,24.24285714,0.0,0,2.3,54.25714286,23.5,3931
2020-08-24,26.61428571,6.442857143,0,1.871428571,78.51428571,16.11142857,3287
2017-05-07,19.38571429,0.0,0,2.6,42.64285714,22.99428571,969
2019-04-26,15.7,3.114285714,16,1.657142857,67.95714286,12.93,104
2016-06-29,24.2,0.514285714,0,2.171428571,63.27142857,16.94285714,7621
2018-09-05,24.57142857,6.3,0,1.7,68.81428571,17.10285714,1799
2018-08-19,29.41428571,0.285714286,0,1.428571429,53.2,20.46285714,1176
2019-05-28,21.37142857,1.014285714,0,2.028571429,49.82857143,22.28142857,1310
2015-08-04,27.61428571,2.928571429,0,3.271428571,76.5,11.02428571,6972
2017-10-21,16.67142857,0.014285714,0,1.671428571,52.24285714,8.468571429,1818
2020-10-22,13.77142857,0.0,0,1.9,67.28571429,12.22285714,982
2015-04-19,11.44285714,5.285714286,12,3.485714286,62.48571429,12.53,982
2019-07-25,27.04285714,2.585714286,11,1.785714286,76.15714286,10.28571429,3046
2017-06-05,22.44285714,0.0,0,2.528571429,42.28571429,24.41,2206
2017-10-12,19.22857143,2.985714286,0,1.8,70.27142857,5.842857143,1610
2015-08-31,23.81428571,0.828571429,0,2.3,67.12857143,14.50714286,7674
2015-09-13,21.5,0.357142857,0,2.5,56.08571429,17.33,4670
2020-10-19,13.1,0.0,0,1.871428571,58.51428571,13.57,990
2018-09-23,20.71428571,4.257142857,0,1.514285714,66.65714286,13.02142857,3348
2019-08-07,28.77142857,6.642857143,8,1.314285714,71.55714286,16.90571429,2028
2019-06-24,23.05714286,2.028571429,0,1.757142857,61.35714286,19.50714286,3676
2019-09-07,24.14285714,9.185714286,5,2.557142857,74.47142857,9.658571429,3141
2019-10-26,16.24285714,0.0,0,1.985714286,58.61428571,12.53428571,725
2015-10-18,16.62857143,0.0,0,1.914285714,64.35714286,13.10142857,2028
2015-10-14,14.9,1.0,0,2.485714286,62.27142857,12.09571429,1524
2018-05-24,17.48571429,3.642857143,0,1.628571429,55.75714286,20.12428571,2663
2017-08-25,25.91428571,25.0,0,2.5,79.25714286,10.36,3156
2018-05-02,16.7,1.714285714,12,1.814285714,60.24285714,18.70571429,1871
2015-09-17,21.18571429,0.357142857,0,2.285714286,56.05714286,15.99857143,2987
2015-07-21,25.72857143,2.357142857,11,2.785714286,64.82857143,14.11428571,5753
2015-04-22,12.92857143,3.5,0,3.142857143,55.7,14.55857143,933
2017-10-03,19.58571429,0.857142857,0,2.157142857,58.08571429,7.591428571,4307
2018-05-13,16.27142857,4.642857143,33,1.642857143,65.8,18.66285714,1533
2020-07-29,23.67142857,22.67142857,51,2.785714286,82.2,9.455714286,2884
2017-08-29,23.84285714,7.785714286,0,2.342857143,67.47142857,13.53285714,2347
2016-08-16,29.68571429,0.1,1,1.957142857,67.28571429,17.18857143,8681
2017-06-30,24.95714286,4.857142857,0,1.942857143,67.77142857,15.71857143,6007
2017-07-18,26.84285714,10.71428571,10,1.871428571,77.94285714,13.01571429,5447
2019-06-22,22.12857143,2.028571429,0,1.771428571,65.24285714,18.67714286,3909
2020-08-07,25.3,38.74285714,0,2.5,91.85714286,5.352857143,2101
2016-10-31,11.14285714,5.4,1,2.071428571,60.61428571,6.994285714,190
2020-05-20,16.81428571,9.042857143,0,2.257142857,71.51428571,13.88571429,1010
2015-07-08,24.22857143,0.071428571,1,2.814285714,59.5,18.55,6335
2019-05-05,16.94285714,0.0,0,1.8,42.4,22.29857143,1315
2017-05-14,17.41428571,1.571428571,0,2.414285714,64.6,14.12428571,1330
2015-06-28,24.4,2.071428571,0,2.485714286,62.97142857,18.92142857,5286
2015-05-19,18.0,0.142857143,1,3.328571429,59.45714286,16.69428571,10366
2019-06-25,23.74285714,0.057142857,0,1.771428571,57.14285714,21.77428571,3651
2020-06-05,21.18571429,0.514285714,0,2.385714286,68.48571429,21.38,3771
2018-08-14,30.61428571,1.142857143,0,1.528571429,63.71428571,17.68714286,2650
2018-06-22,23.41428571,0.0,0,1.757142857,58.97142857,23.82714286,5080
2017-04-25,14.2,0.014285714,0,2.442857143,47.08571429,19.735,1035
2018-06-27,24.3,10.35714286,73,1.928571429,63.7,19.82714286,3285
2020-10-20,13.32857143,0.0,0,1.785714286,60.62857143,13.78571429,949
2019-09-28,21.25714286,0.057142857,0,2.1,59.41428571,14.08857143,2393
2019-09-26,20.2,0.057142857,0,2.171428571,58.94285714,12.18714286,2392
2020-09-03,25.84285714,18.97142857,63,2.4,84.51428571,10.31714286,2903
2019-10-30,13.22857143,0.257142857,0,2.228571429,58.82857143,12.78428571,206
2016-08-09,30.27142857,0.142857143,1,1.757142857,62.47142857,16.83,7106
2018-10-08,16.94285714,13.14285714,0,1.557142857,63.5,13.39142857,1149
2019-07-20,26.21428571,2.257142857,1,1.428571429,70.1,13.96857143,4361
2017-09-14,22.6,3.5,0,1.671428571,64.05714286,16.17857143,3709
2016-09-13,24.01428571,1.0,0,1.7,68.62857143,11.59285714,7599
2015-06-14,23.65714286,3.428571429,16,2.842857143,61.48571429,18.32285714,5474
2017-08-03,27.87142857,2.0,0,1.757142857,73.8,12.84428571,3903
2017-07-29,27.3,21.21428571,0,1.942857143,74.05714286,11.05714286,4027
2016-08-27,27.47142857,4.7,0,2.385714286,59.15714286,15.80142857,5067
2016-04-30,17.18571429,0.042857143,0,2.357142857,38.35714286,17.37142857,0
2020-09-15,21.75714286,1.728571429,0,2.028571429,77.38571429,14.66,3269
2015-08-30,23.87142857,0.828571429,0,2.571428571,66.8,14.01571429,7532
2016-07-07,23.25714286,34.64285714,0,2.185714286,80.37142857,9.49,4222
2018-09-26,19.05714286,4.214285714,0,1.628571429,61.08571429,14.63285714,2757
2015-05-05,18.35714286,1.071428571,0,2.771428571,61.57142857,17.04571429,3137
2019-04-24,16.38571429,0.8,4,1.671428571,64.22857143,15.03428571,771
2015-07-29,26.17142857,24.07142857,4,2.5,85.97142857,8.464285714,4615
2019-04-29,14.14285714,2.9,0,1.514285714,62.1,12.02571429,782
2017-07-28,27.6,21.28571429,12,1.942857143,74.55714286,10.80428571,3590
2019-07-06,25.57142857,0.0,0,1.957142857,58.37142857,21.20857143,5791
2020-06-28,24.41428571,7.571428571,0,2.342857143,71.64285714,16.96428571,2800
2020-10-16,14.27142857,0.0,0,1.942857143,57.51428571,12.34714286,729
2015-09-29,22.37142857,0.0,0,1.957142857,48.7,14.05714286,3842
2019-04-30,13.44285714,2.9,0,1.557142857,62.21428571,13.25571429,705
2019-07-19,25.77142857,2.1,0,1.371428571,70.15714286,14.55142857,5566
2015-09-21,22.1,0.0,0,2.3,54.55714286,17.36142857,3704
2016-09-03,21.82857143,3.428571429,5,2.757142857,68.04285714,11.55714286,3718
2016-10-02,20.78571429,4.642857143,19,1.842857143,72.94285714,7.244285714,4033
2020-05-14,16.38571429,4.585714286,0,2.742857143,61.27142857,17.13571429,1656
2020-08-09,25.14285714,38.58571429,69,2.628571429,91.52857143,5.428571429,2236
2020-07-24,23.74285714,21.45714286,106,2.771428571,82.22857143,8.724285714,2089
2020-05-28,17.8,2.285714286,0,2.242857143,73.37142857,19.30857143,2571
2015-10-12,15.78571429,1.0,0,2.371428571,61.41428571,11.96428571,394
2015-08-20,26.64285714,4.214285714,0,2.071428571,68.41428571,13.27714286,4602
2017-05-27,20.21428571,0.728571429,0,2.385714286,51.9,23.15857143,2161
2015-06-25,23.67142857,6.642857143,2,2.285714286,66.54285714,16.84571429,4104
2016-06-02,22.04285714,0.0,0,2.214285714,54.07142857,23.09142857,6029
2019-07-29,26.85714286,13.91428571,26,1.757142857,82.55714286,7.134285714,3500
2015-10-20,18.0,0.0,0,1.685714286,66.35714286,12.02714286,2489
2016-07-08,23.72857143,19.14285714,0,2.114285714,77.51428571,12.49142857,4334
2017-06-09,20.67142857,4.014285714,0,2.642857143,57.52857143,19.30571429,2427
2018-10-11,14.72857143,14.14285714,0,1.771428571,61.87142857,10.73428571,269
2015-05-12,16.71428571,3.357142857,24,3.171428571,52.68571429,17.24857143,1713
2018-10-10,16.1,14.14285714,7,1.657142857,62.65714286,10.8,1464
2016-05-11,17.45714286,4.357142857,0,2.1,61.64285714,16.76571429,1883
2018-06-10,22.62857143,0.142857143,1,1.785714286,60.47142857,21.1,3581
2015-05-09,16.4,0.5,0,2.885714286,52.2,17.95571429,0
2015-07-03,24.48571429,0.428571429,0,2.871428571,63.18571429,20.94571429,11659
2019-09-03,23.97142857,5.3,0,1.957142857,66.11428571,16.506,2742
2020-09-20,21.5,0.085714286,0,2.057142857,69.25714286,15.80857143,3815
2015-05-20,17.84285714,0.142857143,0,3.014285714,59.9,16.91,2926
2019-06-30,24.78571429,0.414285714,0,1.642857143,61.7,17.33285714,5113
2016-08-28,26.08571429,4.914285714,2,2.457142857,59.87142857,14.69571429,5762
2015-06-06,22.27142857,0.142857143,0,2.557142857,45.1,20.19166667,3455
2020-10-02,19.65714286,5.471428571,0,2.057142857,70.27142857,14.28285714,2972
2015-10-22,18.05714286,0.0,0,1.742857143,67.87142857,10.86285714,2604
2017-05-10,17.82857143,0.714285714,5,2.628571429,50.11428571,18.99285714,1287
2019-10-27,15.45714286,0.0,0,2.028571429,57.0,12.50285714,181
2016-10-20,17.72857143,0.214285714,0,1.457142857,67.48571429,10.51714286,2257
2020-10-13,16.28571429,0.0,0,2.314285714,57.82857143,15.61285714,1834
2019-04-25,16.47142857,2.414285714,15,1.671428571,64.44285714,14.69142857,1107
2020-05-18,17.24285714,6.428571429,30,2.342857143,69.04285714,14.9,1952
2019-07-11,25.52857143,1.628571429,11,1.785714286,51.47142857,19.11142857,4951
2019-09-19,22.62857143,0.057142857,0,1.971428571,56.84285714,17.79,2935
2018-09-03,24.81428571,26.08571429,35,1.5,75.31428571,11.82714286,1360
2019-05-10,16.88571429,0.0,0,2.242857143,39.47142857,25.22428571,1300
2019-08-03,27.37142857,17.07142857,3,2.085714286,79.88571429,10.55714286,2482
2019-08-23,26.58571429,0.185714286,0,1.685714286,63.58571429,18.50142857,3312
2016-07-15,27.18571429,0.657142857,2,2.057142857,65.42857143,17.23857143,5017
2015-06-18,24.07142857,4.142857143,13,2.8,65.57142857,19.15142857,4421
2016-10-19,17.24285714,0.214285714,0,1.4,65.02857143,10.61285714,2586
2019-05-03,14.91428571,0.0,0,1.714285714,46.0,20.59428571,1258
2017-09-05,22.75714286,0.0,0,1.714285714,59.05714286,15.77,3307
2017-10-07,19.14285714,0.857142857,0,2.042857143,60.82857143,7.582857143,2741
2017-08-30,22.78571429,3.285714286,0,2.185714286,63.42857143,13.73571429,3011
2019-09-22,20.9,0.057142857,0,2.442857143,51.94285714,13.99,2193
2015-09-01,24.41428571,0.042857143,0,2.328571429,64.7,16.31571429,5831
2020-10-18,13.25714286,0.0,0,1.942857143,57.68571429,13.33,723
2020-07-13,24.22857143,7.528571429,51,2.571428571,73.75714286,15.77571429,3036
2019-05-17,21.14285714,0.0,0,1.557142857,42.81428571,20.28857143,1629
2018-06-28,24.24285714,14.14285714,28,1.771428571,67.27142857,17.12714286,3709
2016-04-26,15.51428571,2.5,0,2.171428571,55.18571429,15.36571429,1633
2019-10-22,16.52857143,0.0,0,1.628571429,60.54285714,13.94285714,936
2017-08-28,24.95714286,7.785714286,9,2.157142857,70.21428571,12.87142857,2979
2020-07-05,23.24285714,11.18571429,0,2.4,72.82857143,16.91714286,3267
2020-07-08,24.7,0.242857143,0,2.157142857,69.21428571,22.08428571,3235
2018-05-19,19.18571429,19.28571429,0,1.5,76.48571429,13.86714286,1849
2018-07-03,23.8,27.37142857,60,1.114285714,84.81428571,11.44571429,1791
2020-07-06,23.5,9.485714286,0,2.357142857,71.34285714,18.47142857,3183
2017-05-02,17.18571429,0.0,0,2.7,47.15714286,23.42857143,1347
2018-07-29,30.71428571,1.071428571,0,1.657142857,63.88571429,16.44857143,3579
2015-08-22,26.17142857,4.557142857,0,2.1,70.02857143,12.26,5413
2016-04-21,13.1,9.0,18,2.914285714,62.02857143,14.56571429,1047
2018-05-12,16.38571429,7.714285714,32,1.528571429,66.35714286,17.65428571,3117
2020-07-15,23.38571429,9.171428571,0,2.614285714,73.05714286,15.50428571,3240
2020-07-12,25.21428571,0.728571429,3,2.3,69.72857143,17.87571429,3824
2020-08-04,25.34285714,32.67142857,107,2.371428571,90.85714286,7.432857143,1902
2018-08-31,24.41428571,24.22857143,10,1.614285714,79.38571429,10.81,1498
2018-08-13,30.44285714,1.142857143,6,1.557142857,64.44285714,17.29428571,2527
2018-08-05,32.25714286,0.285714286,2,1.842857143,57.0,21.51571429,2888
2018-08-30,24.24285714,25.28571429,52,1.742857143,82.08571429,8.455714286,1770
2020-09-07,23.01428571,18.64285714,67,2.942857143,78.52857143,10.62857143,2471
2020-05-10,17.82857143,4.0,26,2.528571429,61.44285714,17.18571429,785
2018-08-20,29.21428571,0.142857143,0,1.514285714,51.34285714,20.86,1326
2016-05-13,17.62857143,2.0,1,2.257142857,58.68571429,20.37857143,1942
2018-10-14,12.62857143,1.0,0,1.514285714,54.21428571,14.34571429,351
2020-05-19,17.05714286,9.042857143,49,2.385714286,69.64285714,15.14142857,1338
2019-10-21,16.01428571,0.0,0,1.628571429,60.47142857,14.00142857,901
2015-06-12,23.41428571,1.142857143,8,2.657142857,56.48571429,19.35571429,3399
2015-04-30,17.98571429,0.5,0,2.742857143,45.52857143,19.27142857,1532
2016-10-07,20.51428571,3.857142857,2,2.457142857,67.75714286,11.48571429,3289
2016-04-25,14.21428571,2.5,0,2.2,58.08571429,15.70285714,1324
2019-05-08,16.97142857,0.0,0,2.214285714,35.85714286,25.54,1031
2020-06-15,25.31428571,1.042857143,0,2.257142857,62.57142857,23.13,3102
2018-09-08,23.34285714,5.142857143,0,1.914285714,63.9,17.30857143,1744
2015-08-13,27.11428571,2.642857143,0,1.985714286,72.37142857,15.43,7524
2016-09-05,23.08571429,3.214285714,0,2.557142857,70.95714286,11.27428571,4148
2015-07-26,26.4,25.0,121,2.242857143,84.05714286,7.86,5065
2015-09-19,21.75714286,0.0,0,2.4,52.28571429,18.32142857,3493
2020-09-06,24.04285714,9.928571429,6,2.742857143,76.3,11.89714286,3600
2015-10-30,12.0,5.642857143,0,2.528571429,56.1,11.02857143,151
2017-05-19,17.9,0.857142857,0,2.657142857,56.28571429,21.14857143,2025
2017-09-10,22.94285714,0.357142857,1,1.485714286,68.12857143,12.45571429,3774
2016-06-22,24.04285714,4.357142857,31,2.057142857,65.75714286,16.99571429,6213
2015-05-17,17.88571429,3.357142857,0,3.7,58.77142857,18.01285714,6276
2017-10-19,15.61428571,0.014285714,0,2.016666667,49.72857143,8.538571429,1773
2017-08-14,26.61428571,1.428571429,2,2.428571429,69.4,12.32857143,3627
2016-07-05,23.68571429,34.67142857,130,2.442857143,79.01428571,8.684285714,4824
2017-06-19,23.6,0.0,0,2.342857143,57.05714286,23.85428571,3947
2015-08-05,27.88571429,2.371428571,0,3.428571429,74.22857143,12.49428571,4902
2020-10-28,11.9,0.0,0,2.271428571,60.77142857,14.24142857,884
2019-09-01,24.48571429,8.157142857,0,1.714285714,67.64285714,17.14,2352
2018-07-08,24.78571429,8.585714286,0,1.328571429,67.55714286,18.29285714,3167
2019-07-21,26.1,3.142857143,7,1.514285714,73.31428571,11.94285714,3667
2019-09-29,21.82857143,0.0,0,1.8,59.01428571,16.32142857,2592
2015-05-01,18.74285714,0.5,0,2.642857143,48.45714286,19.21428571,2783
2015-09-02,24.7,0.114285714,1,2.214285714,65.32857143,15.91857143,4541
2019-08-29,25.27142857,8.128571429,37,1.628571429,66.3,16.312,2911
2018-07-31,30.88571429,1.071428571,0,1.557142857,62.18571429,17.42285714,2685
2019-06-08,21.84285714,6.114285714,0,1.714285714,59.41428571,20.32571429,1902
2019-07-24,27.12857143,1.2,1,1.785714286,72.57142857,11.61571429,4418
2017-10-26,15.41428571,0.0,0,1.7,54.08571429,8.482857143,1361
2020-06-01,19.5,0.414285714,1,2.314285714,66.2,25.06714286,3288
2015-08-23,26.24285714,0.414285714,0,2.057142857,68.68571429,13.45714286,7639
2018-09-22,21.11428571,4.542857143,25,1.528571429,71.04285714,11.83142857,2737
2020-05-16,16.2,2.842857143,15,2.542857143,67.62857143,14.96,979
2016-08-10,30.31428571,0.142857143,0,1.8,62.6,16.51285714,13827
2015-10-03,19.81428571,5.0,0,2.785714286,48.75714286,12.46142857,5026
2017-05-31,21.05714286,0.0,0,2.542857143,48.31428571,23.40285714,2131
2018-05-03,16.17142857,1.857142857,13,1.9,61.74285714,17.32142857,468
2020-06-24,25.32857143,5.385714286,38,2.057142857,61.77142857,18.85714286,2355
2016-07-14,27.34285714,0.442857143,0,1.942857143,66.35714286,18.95857143,4431
2015-07-09,24.62857143,0.071428571,0,2.657142857,59.04285714,17.61714286,7024
2020-07-14,23.68571429,9.171428571,59,2.614285714,74.31428571,15.39142857,2574
2018-06-02,21.75714286,0.142857143,0,1.828571429,55.72857143,23.14142857,3270
2016-07-04,23.91428571,20.31428571,30,2.3,74.37142857,10.92714286,5468
2017-07-08,26.15714286,30.71428571,21,2.257142857,79.41428571,11.84428571,3999
2017-05-25,20.9,0.728571429,0,2.371428571,51.75714286,22.96285714,3017
2016-06-23,24.58571429,4.371428571,31,1.957142857,65.4,17.37,7008
2019-05-02,13.55714286,0.7,0,1.7,52.37142857,17.44,1507
2015-05-08,16.84285714,0.571428571,0,2.757142857,53.54285714,17.04571429,2926
2016-07-25,28.31428571,0.142857143,0,1.942857143,68.12857143,13.56857143,6949
2018-10-13,13.08571429,1.0,0,1.542857143,53.28571429,14.28428571,329
2015-04-17,11.25714286,3.571428571,0,3.457142857,57.22857143,13.61285714,83
2019-07-07,25.97142857,0.0,0,1.942857143,54.05714286,22.07714286,5374
2015-07-01,24.31428571,2.5,3,2.642857143,65.15714286,17.97285714,8700
2018-10-21,13.52857143,0.0,0,1.257142857,56.61428571,14.59857143,634
2020-07-11,25.25714286,0.314285714,0,2.228571429,69.25714286,19.75857143,3578
2020-10-21,13.51428571,0.0,0,1.714285714,63.82857143,12.71857143,1089
2020-07-16,23.02857143,9.171428571,0,2.628571429,73.95714286,15.88428571,3795
2018-10-25,13.2,0.714285714,0,1.142857143,57.75714286,13.56857143,379
2017-09-20,22.01428571,1.142857143,0,2.728571429,55.74285714,17.98142857,3330
2016-04-18,13.42857143,6.642857143,22,2.842857143,60.5,14.80714286,185
2018-09-12,22.47142857,0.214285714,0,1.7,53.12857143,18.97714286,1626
2017-10-22,16.74285714,0.014285714,0,1.871428571,53.37142857,8.325714286,2293
2015-08-07,28.12857143,3.942857143,11,3.028571429,72.1,13.42857143,5335
2018-09-07,23.88571429,5.142857143,2,1.857142857,65.41428571,17.06,1911
2019-09-04,23.5,8.542857143,23,2.042857143,69.37142857,14.70166667,2564
2015-07-13,26.14285714,5.642857143,39,3.157142857,69.9,12.23,6278
2016-10-03,20.65714286,5.571428571,25,1.971428571,74.97142857,7.678571429,19458
2015-08-14,26.82857143,1.071428571,0,2.128571429,71.67142857,15.92,8846
2015-04-29,17.02857143,0.5,4,2.928571429,43.31428571,19.19,1629
2020-08-20,27.3,9.914285714,0,2.285714286,81.67142857,13.94857143,3247
2017-09-13,22.6,3.5,0,1.628571429,67.55714286,15.23857143,4284
2016-09-26,21.85714286,0.0,0,1.871428571,52.28571429,14.71285714,12566
2016-10-09,18.8,2.071428571,0,2.728571429,61.98571429,13.75571429,1066
2015-10-24,17.8,1.5,11,1.942857143,67.54285714,9.992857143,4177
2019-08-21,26.4,2.514285714,1,1.642857143,68.1,14.58857143,2565
2016-09-24,21.68571429,0.0,0,2.385714286,50.85714286,15.75142857,11616
2019-10-16,16.08571429,0.0,0,2.042857143,56.22857143,14.65714286,624
2016-10-13,15.41428571,1.142857143,0,2.171428571,55.32857143,13.11,1967
2019-05-12,17.34285714,0.0,0,2.157142857,39.3,25.18857143,1633
2016-06-04,22.15714286,0.0,0,2.214285714,51.57142857,21.59142857,7316
2015-09-22,22.25714286,0.0,0,2.242857143,54.54285714,17.09,3825
2017-09-18,22.21428571,0.0,0,2.5,52.87142857,19.79428571,3478
2016-09-29,21.65714286,2.0,0,1.685714286,66.67142857,10.27285714,3384
2019-08-13,29.04285714,11.04285714,63,1.557142857,71.24285714,15.43857143,2012
2018-08-23,28.27142857,1.142857143,3,1.671428571,53.6,18.39857143,1229
2019-04-17,12.01428571,0.242857143,0,1.914285714,40.1,21.22428571,218
2019-09-27,20.67142857,0.057142857,0,2.142857143,59.61428571,12.44142857,2521
2019-07-03,24.22857143,0.414285714,0,1.842857143,67.97142857,15.51428571,5555
2019-10-15,15.94285714,0.0,0,2.057142857,54.8,14.91714286,609
2020-09-30,20.04285714,5.471428571,38,2.314285714,65.87142857,16.38285714,2747
2020-07-22,24.8,6.314285714,12,2.128571429,78.38571429,13.70428571,3628
2019-10-07,20.15714286,7.671428571,25,2.471428571,74.0,9.817142857,2471
2018-10-17,12.62857143,0.0,0,1.414285714,56.87142857,15.25714286,568
2016-08-11,30.28571429,0.142857143,0,1.857142857,63.24285714,17.42714286,10661
2015-10-26,17.12857143,1.785714286,2,2.114285714,65.44285714,9.665714286,1785
2015-06-29,24.64285714,2.071428571,0,2.542857143,63.17142857,19.01,7108
2018-05-29,20.15714286,1.071428571,1,1.857142857,52.64285714,23.64428571,3480
2019-08-12,29.38571429,10.12857143,63,1.557142857,67.6,16.29571429,2115
2018-05-07,16.41428571,5.0,0,1.957142857,66.37142857,14.8,1361
2016-10-24,16.88571429,0.357142857,0,2.271428571,62.64285714,9.895714286,920
2015-07-06,24.1,0.428571429,0,2.742857143,61.55714286,19.16571429,8613
2020-08-26,27.4,6.528571429,1,2.142857143,76.32857143,15.90285714,3138
2017-05-11,17.58571429,0.714285714,0,2.6,53.21428571,18.82142857,1304
2018-10-22,13.35714286,0.0,0,1.2,53.77142857,14.72285714,486
2016-07-09,24.32857143,18.57142857,0,2.057142857,75.14285714,14.08571429,5191
2015-06-02,22.57142857,0.057142857,0,2.442857143,44.58571429,20.32,4828
2016-06-05,22.61428571,0.0,0,2.128571429,50.31428571,22.12857143,8140
2019-07-23,27.0,1.157142857,0,1.728571429,71.37142857,12.76142857,4675
2020-09-28,20.07142857,0.0,0,2.671428571,61.52857143,17.79142857,2884
2020-07-17,23.24285714,8.857142857,0,2.5,73.52857143,17.31,3847
2016-10-14,14.98571429,0.857142857,0,1.985714286,54.47142857,13.47714286,1628
2016-08-22,29.92857143,1.771428571,0,1.771428571,61.6,14.51142857,3222
2016-06-21,23.55714286,2.214285714,0,2.157142857,66.71428571,16.76857143,6400
2018-09-29,18.68571429,0.0,0,1.428571429,51.18571429,17.05285714,1731
2020-07-28,23.67142857,17.15714286,3,2.728571429,81.27142857,9.644285714,2646
2020-09-19,21.75714286,0.085714286,0,2.042857143,71.08571429,15.57142857,3715
2015-08-12,27.51428571,2.642857143,0,2.0,71.78571429,16.41857143,6053
2019-04-28,15.04285714,2.9,0,1.585714286,61.77142857,13.97,894
2015-05-04,19.22857143,1.071428571,0,2.585714286,61.67142857,16.19142857,3392
2019-07-17,24.34285714,2.514285714,7,1.457142857,72.45714286,13.47142857,5116
2017-07-30,27.42857143,2.142857143,0,1.914285714,70.47142857,13.32,4723
2018-07-10,24.0,4.428571429,31,1.371428571,67.6,15.76571429,3235
2015-09-04,24.81428571,2.642857143,0,2.171428571,67.2,15.46714286,5408
2016-05-23,23.14285714,0.0,0,1.885714286,37.04285714,23.61,6076
2018-08-18,29.75714286,1.0,0,1.471428571,54.72857143,20.24,1551
2017-09-01,21.88571429,1.285714286,0,1.914285714,59.31428571,16.31428571,3435
2017-09-02,21.82857143,1.285714286,0,1.885714286,59.95714286,15.63428571,2928
2018-06-04,22.32857143,0.142857143,0,1.857142857,54.62857143,23.81285714,2977
2018-08-01,31.38571429,1.071428571,0,1.457142857,60.64285714,19.04142857,2834
2017-05-04,19.15714286,0.0,0,2.328571429,47.14285714,22.20714286,1284
2019-08-14,29.54285714,9.9,0,1.6,69.21428571,17.45,2646
2018-06-24,24.04285714,0.0,0,1.928571429,57.55714286,24.54857143,4673
2019-04-23,15.78571429,0.214285714,0,1.714285714,59.52857143,15.89571429,814
2020-10-10,15.91428571,0.0,0,2.471428571,56.24285714,17.38571429,2573
2015-07-14,26.21428571,5.642857143,0,3.371428571,72.8,13.03714286,6505
2019-06-15,21.41428571,2.014285714,2,1.785714286,58.97142857,21.07428571,2047
2017-05-29,20.32857143,0.728571429,0,2.485714286,53.42857143,22.72571429,2293
2018-09-28,18.77142857,0.928571429,0,1.542857143,52.15714286,17.00857143,2200
2019-10-19,15.72857143,0.0,0,1.928571429,57.35714286,14.28571429,1244
2015-07-30,26.41428571,21.78571429,0,2.7,85.31428571,9.402857143,5203
2018-10-20,13.5,0.0,0,1.314285714,58.11428571,14.64285714,809
2015-06-17,24.04285714,4.785714286,10,2.814285714,65.6,17.91142857,4662
2019-06-10,21.24285714,7.828571429,12,1.7,66.75714286,16.87285714,2214
2017-08-26,25.64285714,25.0,0,2.5,76.21428571,12.45142857,4089
2019-06-14,21.41428571,1.714285714,0,1.642857143,58.4,20.38857143,2313
2015-09-27,22.8,0.0,0,1.871428571,53.6,14.48,3155
2015-07-02,24.15714286,2.214285714,0,2.914285714,65.07142857,19.21571429,9520
2017-09-09,23.04285714,0.285714286,0,1.514285714,66.65714286,13.67142857,3789
2018-08-09,30.71428571,1.5,2,1.942857143,66.25714286,18.19142857,2383
2016-08-01,28.02857143,8.7,0,2.214285714,73.7,12.84142857,5175
2017-10-28,15.34285714,0.0,0,1.757142857,53.35714286,8.157142857,1469
2020-08-14,26.07142857,30.2,0,2.428571429,88.77142857,7.045714286,2293
2017-10-27,15.4,0.0,0,1.657142857,53.48571429,8.3,1619
2016-06-25,24.24285714,4.871428571,0,2.028571429,67.94285714,14.87142857,7299
2020-06-14,25.6,1.042857143,1,2.157142857,62.75714286,23.07285714,2824
2018-10-06,17.2,13.14285714,92,1.9,64.51428571,13.55142857,1221
2019-05-31,20.4,1.014285714,0,2.228571429,51.05714286,21.31428571,1596
2017-09-17,22.11428571,3.428571429,0,2.442857143,55.3,18.25,3308
2018-07-19,28.17142857,0.0,0,1.7,67.67142857,23.6,3835
