date,mosquito,temp,rain_per_day,cum_rain,wind,humidity,sunshine
2015-04-06,199,10.3,0,0,2.7,55.8,10.2
2015-04-07,146,8.4,0,0,2.6,59.5,10.17
2015-04-08,90,8.3,0,0,2.9,52.5,14.69
2015-04-09,172,9.6,0,0,2.3,43,18.2
2015-04-10,249,11.6,0,0,2.8,40.5,20.67
2015-04-11,410,13.5,0,0,2.5,39.3,19.87
2015-04-12,459,14.9,0,0,2.9,30.6,12.6
2015-04-13,468,12,6.5,6.5,5.9,53.9,14.89
2015-04-14,132,6.9,10.5,17,2.7,89.9,5.33
2015-04-15,31,11.1,1,11.5,2.9,72,16.51
2015-04-16,573,9.9,7,8,3.6,69.5,3.64
2015-04-17,83,10.5,0,0,3.7,45.4,22.45
2015-04-18,416,15.2,0,0,1.9,31.9,19.74
2015-04-19,982,14.5,12,12,3.7,74.8,5.15
2015-04-20,282,12.2,5.5,17.5,3.2,75.3,8.68
2015-04-21,408,14,0,0,2.9,46,22.93
2015-04-22,933,14.2,0,0,3,47,19.32
2015-04-23,656,14.5,0,0,3.5,41.1,21.03
2015-04-24,764,15.7,0,0,3.2,38.3,22.53
2015-04-25,757,15.9,0,0,2.7,31.3,22.89
2015-04-26,862,17.3,0,0,3.3,37.6,20.92
2015-04-27,1033,18.5,0,0,2.8,39.3,22.03
2015-04-28,0,20.3,0,0,2.1,38.6,19.07
2015-04-29,1629,17,3.5,3.5,2.9,77,5.86
2015-04-30,1532,21.2,0,0,2.2,56.6,21.6
2015-05-01,2783,21,0,0,2.5,58.8,22.13
2015-05-02,2729,20.7,0.5,0.5,2.1,64.4,15.24
2015-05-03,2998,18.3,3.5,4,2.1,90.4,5.26
2015-05-04,3392,16.1,0,0,4.2,45.9,24.18
2015-05-05,3137,14.2,0,0,3.4,37.9,25.05
2015-05-06,2849,15.4,0,0,2.4,36.3,16.16
2015-05-07,2819,16.5,0,0,2.6,35.6,18.9
2015-05-08,2926,16.7,0,0,2.5,64.3,14.53
2015-05-09,0,17.6,0,0,3,55,21.61
2015-05-10,0,19.1,0,0,2.3,39.6,23.43
2015-05-11,0,18.4,14,14,3,62.1,13.34
2015-05-12,1713,13.3,9.5,23.5,6.4,75.9,12.77
2015-05-13,2323,17.4,0,0,5.3,56.9,23.36
2015-05-14,5430,20.4,0,0,3.3,63.8,19.15
2015-05-15,8425,19.1,0,0,2.7,71,10.61
2015-05-16,3935,18,0,0,3,41.3,25.62
2015-05-17,6276,18.6,0,0,2.2,40.4,21.24
2015-05-18,7851,17.7,0,0,3.2,53.9,13.57
2015-05-19,10366,14.8,1,1,3.6,88.9,3.31
2015-05-20,2926,16.3,0,0,3.1,60,24.87
2015-05-21,16089,18.7,0,0,3.7,50.1,24.6
2015-05-22,3450,20,0,0,2.9,45.3,24.5
2015-05-23,3479,20.6,0,0,2.5,38.5,23.67
2015-05-24,10082,21,0,0,2.4,37.3,25.64
2015-05-25,10540,20.8,0,0,2.7,53.1,24.39
2015-05-26,5488,21.5,0,0,2.7,48.9,25.46
2015-05-27,4262,23.2,0,0,2,32.9,25.76
2015-05-28,4636,24.3,0,0,2.2,27.1,23.3
2015-05-29,16214,23.8,0,0,2.5,36.8,18.44
2015-05-30,5448,19.8,0.4,0.4,2.9,71,9.2
2015-05-31,5350,22.1,0,0,2.2,52.8,23.66
2015-06-01,10706,21.7,0,0,2.6,44.6,20.01
2015-06-02,4828,23.1,0,0,2.7,46.9,21.87
2015-06-03,4857,23.3,0,0,3.8,33.3,26.58
2015-06-04,3269,24.2,0,0,2.6,28.9,19.65666667
2015-06-05,3304,19.1,1,1,1.7,58.8,5.94
2015-06-06,3455,22.4,0,0,2.3,50.4,23.09
2015-06-07,3721,23.4,0,0,2.3,46.8,20.45
2015-06-08,3440,22.4,0,0,2.3,54.9,14.74
2015-06-09,3466,22.2,0,0,2.9,66.3,19.71
2015-06-10,3161,25.3,0,0,2.2,54.3,23.47
2015-06-11,3713,24.6,7.5,7.5,2.8,59.6,11.53
2015-06-12,3399,23.6,0.5,8,3.8,63.1,22.5
2015-06-13,4172,24.7,0.5,1,3.2,61.9,16.79
2015-06-14,5474,22.8,15.5,16,2.7,70.3,19.52
2015-06-15,4680,24.2,0,0,2.2,65.6,18.62
2015-06-16,4599,25,0,0,2.4,65.9,21.08
2015-06-17,4662,23.4,9.5,9.5,2.6,72.8,15.34
2015-06-18,4421,24.8,3,12.5,2.7,59.4,20.21
2015-06-19,3577,24.5,0,0,2.9,57.8,18.87
2015-06-20,4412,19.6,44.5,44.5,1.8,91,3.25
2015-06-21,3039,22.4,0,0,2,69.1,23.21
2015-06-22,4497,24,0,0,2.4,60.4,21.88
2015-06-23,6747,24.7,0,0,2.3,64.1,20.76
2015-06-24,4712,25.7,0,0,2.5,58.3,18.02
2015-06-25,4104,24.8,2,2,2.1,65.1,11.93
2015-06-26,5243,21,12.5,14.5,3.3,75.8,10.37
2015-06-27,4730,25.2,0,0,2.2,55.3,26.17
2015-06-28,5286,25.4,0,0,2.6,61.8,23.32
2015-06-29,7108,25.7,0,0,2.8,61.8,22.5
2015-06-30,7146,24.4,2.5,2.5,1.7,70,8.49
2015-07-01,8700,23.7,0.5,3,3.8,66.3,23.03
2015-07-02,9520,23.7,0,0,4,64.5,20.63
2015-07-03,11659,23.3,0,0,3,62.6,22.48
2015-07-04,8229,24.1,0,0,2.2,55.8,20.86
2015-07-05,7150,24.2,0,0,2.3,57.4,18.23
2015-07-06,8613,25.3,0,0,2.2,54.3,20.44
2015-07-07,8141,25.6,0,0,2,52.1,14.8
2015-07-08,6335,23.4,0.5,0.5,4,69.8,12.41
2015-07-09,7024,26.5,0,0,2.9,61.3,14.1
2015-07-10,7240,29.2,0,0,1.9,60.9,17.95
2015-07-11,6338,30.4,0,0,2.1,60.3,17.99
2015-07-12,5818,24.8,29,29,4,94.1,4.84
2015-07-13,6278,23.1,10,39,5.2,90.8,3.52
2015-07-14,6505,26.1,0,0,3.5,72.4,20.45
2015-07-15,6136,27.9,0,0,2.9,58.8,19.53
2015-07-16,4380,24.7,0,0,5,51.3,20.99
2015-07-17,4200,23.6,0,0,3.6,49.8,18.65
2015-07-18,5005,24.3,0.5,0.5,2.2,63.5,8.93
2015-07-19,5225,25.1,5,5.5,1.8,77.4,12.69
2015-07-20,0,27.5,0,0,2.4,71.4,10.48
2015-07-21,5753,27,11,11,1.6,81.6,7.53
2015-07-22,5426,27.7,1,12,1.8,76.9,8.63
2015-07-23,4390,26.9,16,17,2.1,81,8.55
2015-07-24,6509,24.7,26.5,42.5,2,96.9,3.79
2015-07-25,5340,25,80,106.5,3.2,95.1,1.93
2015-07-26,5065,26,40.5,120.5,2.6,85.5,14.11
2015-07-27,3947,26.2,1.5,42,2.3,86,9.43
2015-07-28,5054,27.7,0,0,2.7,74.4,15.95
2015-07-29,4615,26.7,4,4,2.6,82.9,5.49
2015-07-30,5203,28.6,0,0,3.5,76.4,15.12
2015-07-31,5598,27.9,0,0,2.7,74.3,14.93
2015-08-01,11746,28.2,0,0,3.1,72.8,11.43
2015-08-02,7186,26.5,16.5,16.5,2.7,84.3,7.69
2015-08-03,8809,27.9,0,0,3.8,71.5,12.74
2015-08-04,6972,27.5,0,0,4.5,73.3,9.77
2015-08-05,4902,28.6,0.1,0.1,3.7,67,15.78
2015-08-06,4832,29.3,0,0,2,64.5,21.48
2015-08-07,5335,28.9,11,11,1.4,71.3,15.11
2015-08-08,5799,26.6,7.5,18.5,2.1,79.1,11.69
2015-08-09,4441,26.7,0,0,2.1,74.4,16.75
2015-08-10,5086,27,0,0,2.3,72.1,18.83
2015-08-11,5275,26.8,0,0,2.1,73.6,11.2
2015-08-12,6053,27.3,0,0,2,67.5,19.87
2015-08-13,7524,26.5,0,0,1.9,68.6,14.56
2015-08-14,8846,26.9,0,0,2.4,66.4,18.54
2015-08-15,8844,27.1,0.1,0.1,1.9,70.4,13.04
2015-08-16,7406,25.8,29,29.1,2,74.9,9.39
2015-08-17,6111,26.6,0,0,2.2,61.5,20.18
2015-08-18,6120,27.9,0,0,2.5,59.9,16.34
2015-08-19,5487,26.8,0,0,1.8,70.3,9.03
2015-08-20,4602,25.4,0.4,0.4,1.7,75.5,6.42
2015-08-21,4799,25.2,2.5,2.9,2,78.3,10.35
2015-08-22,5413,25.5,0,0,2.5,69.8,14.11
2015-08-23,7639,26.3,0,0,1.7,65.5,17.77
2015-08-24,7337,26.3,0,0,3.8,60.6,12.71
2015-08-25,4678,21.7,5.5,5.5,3.2,76.4,4.19
2015-08-26,9949,21.9,0,0,2.9,68.4,11.44
2015-08-27,9093,24.7,0,0,3.1,61.1,21.75
2015-08-28,8316,23.2,0.3,0.3,1.7,69.4,12.64
2015-08-29,6635,24.4,0,0,1.7,65.8,17.29
2015-08-30,7532,24.9,0,0,1.6,65.9,18.09
2015-08-31,7674,25.9,0,0,1.9,62.9,16.15
2015-09-01,5831,25.9,0,0,3.4,59.4,16.85
2015-09-02,4541,23.9,0.5,0.5,2.1,72.8,8.66
2015-09-03,4794,23.9,18,18.5,2.3,75.1,16.1
2015-09-04,5408,24.8,0,0,2.2,68.5,15.13
2015-09-05,7523,21.9,5,5,2.1,79.8,5.13
2015-09-06,4481,22.2,0,0,3.7,60.4,14.4
2015-09-07,4242,22.6,0,0,2.4,52.9,20.4
2015-09-08,4475,22.7,0,0,3.2,43.6,21.41
2015-09-09,3880,22.4,0,0,2.9,42.9,20.51
2015-09-10,3629,22.4,0,0,2.4,62.3,19.7
2015-09-11,3675,21,2.5,2.5,2.1,76.4,7.39
2015-09-12,4924,19.2,0,0,1.9,60.4,11.82
2015-09-13,4670,20.2,0,0,2.6,54.1,20.08
2015-09-14,0,22.1,0,0,1.6,61.1,14.36
2015-09-15,0,22.8,0,0,2.2,48.5,19.02
2015-09-16,3822,21.6,0,0,2.5,45.5,19.62
2015-09-17,2987,21.4,0,0,3.1,46.4,19.7
2015-09-18,3089,21.9,0,0,2.4,52.1,18.02
2015-09-19,3493,22.3,0,0,2.4,58.3,17.45
2015-09-20,3452,22.1,0,0,2,69,13.58
2015-09-21,3704,22.6,0,0,1.5,62.1,14.14
2015-09-22,3825,23.9,0,0,1.8,48.4,17.12
2015-09-23,4074,22,0,0,1.7,57.9,7.24
2015-09-24,3084,23.4,0,0,1.9,56.4,16.16
2015-09-25,3192,23.4,0,0,2.5,56.5,14.77
2015-09-26,3533,22.4,0,0,1.8,54.5,14.47
2015-09-27,3155,21.9,0,0,1.9,39.4,17.46
2015-09-28,3593,21.4,0,0,1.6,39.6,11.23
2015-09-29,3842,22.1,0,0,2.3,36.6,17.07
2015-09-30,4161,21.3,0,0,2.6,45.3,9.74
2015-10-01,3169,16.3,35,35,3.6,77.5,1.74
2015-10-02,980,16.5,0,0,3.7,53.5,14.08
2015-10-03,5026,19.2,0,0,3.8,49.4,15.91
2015-10-04,2571,16.6,0,0,1.8,38.9,12.36
2015-10-05,2453,18,0,0,1.9,49.4,16.27
2015-10-06,1902,18.7,0,0,1.9,57.5,15.06
2015-10-07,2386,19.6,0,0,1.4,67.5,11.87
2015-10-08,1959,20.1,0,0,2.3,61.1,14.45
2015-10-09,1935,16.2,0,0,3.7,43.8,16.51
2015-10-10,1466,12.8,3.5,3.5,2.2,70.9,4.71
2015-10-11,560,10.8,3.5,7,2.4,72.6,5.97
2015-10-12,394,12.3,0,0,2.7,56.5,15.18
2015-10-13,898,15,0,0,2.5,66.4,13.78
2015-10-14,1524,17.1,0,0,1.6,64.6,14.07
2015-10-15,1599,17.9,0,0,1.8,62.1,13.21
2015-10-16,1745,17.5,0,0,1.8,71,9.97
2015-10-17,1821,18.7,0,0,1.7,64.8,13.82
2015-10-18,2028,17.9,0,0,1.3,65.1,11.68
2015-10-19,2131,18.1,0,0,2,67.4,10.67
2015-10-20,2489,18.8,0,0,1.6,69.5,10.77
2015-10-21,2338,17.9,0,0,1.6,72.5,9.93
2015-10-22,2604,17.5,0,0,2.2,64.8,9.2
2015-10-23,2422,17.5,0,0,2.4,69.1,7.24
2015-10-24,4177,16.9,10.5,10.5,2.5,64.4,10.46
2015-10-25,2153,16.3,0,0,2.1,51,12.95
2015-10-26,1785,15,2,2,2.4,66.8,7.11
2015-10-27,1212,12.1,26.5,28.5,3.2,69.3,9.17
2015-10-28,252,9.9,0,0,2.5,49,13.01
2015-10-29,326,8.4,0.5,0.5,2.4,50.4,10.86
2015-10-30,151,5.4,0,0,2.6,41.8,13.64
2015-10-31,27,5.7,0,0,2.1,42.5,13.52
2016-04-18,185,11.2,1.5,1.5,3.1,65.4,18.4
2016-04-19,258,12,0,0,2.2,55.1,22.1
2016-04-20,921,14.3,0.5,0.5,2.1,54,13.4
2016-04-21,1047,13.5,17,17.5,2.8,87.6,6.09
2016-04-22,1292,13.5,0,0,2.6,83.4,7.77
2016-04-23,740,13.5,0,0,2.1,52.1,16.76
2016-04-24,1161,15.5,0,0,1.9,39.6,22.59
2016-04-25,1324,17.2,0,0,1.7,34.8,21.21
2016-04-26,1633,21.1,0,0,2,34.8,19.74
2016-04-27,1843,17.2,0,0,3.6,32,8.39
2016-04-28,1529,17.2,0,0,2,34.4,18.95
2016-04-29,0,16.2,0.3,0.3,2.5,47.6,21.79
2016-04-30,0,15.9,0,0,2.8,45.3,8.93
2016-05-01,0,18.8,0,0,2.2,40.5,17.07
2016-05-02,0,21.1,16.5,16.5,2.2,64.5,15.89
2016-05-03,2123,12.9,27,43.5,4.9,86.1,1.63
2016-05-04,200,15.7,0,0,5.1,46.6,24.88
2016-05-05,1965,18.9,7.5,7.5,1.7,50.8,21.6
2016-05-06,2687,16.3,9.5,17,2,89.3,1.91
2016-05-07,1228,16.5,0,0,2.6,60.3,23.93
2016-05-08,2381,19.4,0,0,2.1,44.8,23.51
2016-05-09,2709,20.2,0,0,2,43,17.4
2016-05-10,2182,14.5,13.5,13.5,2.3,82.4,4.6
2016-05-11,1883,16.4,0,0,2,60.9,24.41
2016-05-12,2376,17.8,0,0,2.7,62.4,23.94
2016-05-13,1942,18.6,0.5,0.5,2.1,57,24.86
2016-05-14,2838,20.2,0,0,2.3,47.1,23.78
2016-05-15,3341,17.4,45,45,2.7,73.9,12.53
2016-05-16,3673,15.9,2.5,47.5,3.2,57,24.54
2016-05-17,3103,19.3,0,0,1.9,48.8,24.69
2016-05-18,7318,22.3,0,0,1.9,40.3,25.77
2016-05-19,3896,24.3,0,0,1.6,36.4,24.95
2016-05-20,4433,24,0,0,1.8,32,23.48
2016-05-21,5112,24.1,0,0,2,23.8,24.05
2016-05-22,9818,24.7,0,0,1.9,35,24.63
2016-05-23,6076,23.3,0,0,2.1,43,17.7
2016-05-24,5532,16.8,38.5,38.5,2.6,82.6,7.08
2016-05-25,6788,19.7,0,0,2.7,67.9,15.6
2016-05-26,5275,19.4,0,0,1.8,72,8.3
2016-05-27,5975,20.9,0,0,1.7,61.3,20.68
2016-05-28,6949,21.7,0,0,2.1,56.1,23.9
2016-05-29,6220,21.5,0,0,2.3,56.1,20.67
2016-05-30,5910,22.1,0,0,2.4,57.3,24.57
2016-05-31,5403,21.6,0,0,2.5,63.6,21.99
2016-06-01,6230,23.3,0,0,2.1,45.8,24.45
2016-06-02,6029,23.2,0,0,2.4,38.3,25.38
2016-06-03,9643,22.2,0,0,2.2,48.1,22.84
2016-06-04,7316,21.2,0,0,1.6,51.8,11.24
2016-06-05,8140,24.7,0,0,1.7,47.3,24.43
2016-06-06,26441,23.3,0,0,2.3,49.1,15.57
2016-06-07,15775,21.7,0.1,0.1,1.7,69.5,9.42
2016-06-08,6958,22.1,0,0,2.3,65.9,20.45
2016-06-09,7232,24.1,0,0,2,59.5,22.84
2016-06-10,6237,24.6,0,0,2.2,60.9,21.74
2016-06-11,5676,23.5,3,3,1.7,74.3,7.81
2016-06-12,5469,23.5,1.5,4.5,2.1,79.4,10.48
2016-06-13,6247,23.5,0,0,2.4,70.5,19.87
2016-06-14,5100,23.8,0,0,2.1,62.5,19.48
2016-06-15,4112,20.9,15.5,15.5,2.7,81.8,7.05
2016-06-16,3632,20.9,0,0,2.8,73.5,13.83
2016-06-17,5415,23.8,0,0,2.5,63.1,22.38
2016-06-18,5483,24.5,0,0,1.8,58,22.46
2016-06-19,7859,24.1,0,0,1.9,64.5,18.36
2016-06-20,6398,24.7,0,0,1.7,66,16.89
2016-06-21,6400,26,0,0,1.7,60.1,16.41
2016-06-22,6213,24.3,30.5,30.5,2,75.1,8.64
2016-06-23,7008,24.7,0.1,30.6,2.1,71,16.45
2016-06-24,7509,23.1,3.5,3.6,2,75.8,8.81
2016-06-25,7299,22.8,0,0,2.8,63.1,18.54
2016-06-26,7687,24.4,0,0,2.7,58.4,25.57
2016-06-27,8328,24.4,0,0,1.6,55.5,13.72
2016-06-28,7782,24.7,0,0,1.8,61.1,17.87
2016-06-29,7621,25.3,0,0,2.2,58,17.64
2016-06-30,7125,24.6,0.2,0.2,2.8,78.1,7.45
2016-07-01,8079,24,108.5,108.7,2.3,86.5,3.23
2016-07-02,6990,23.5,4,112.5,2.4,81.4,13.17
2016-07-03,10183,23.5,0,0,1.6,70.4,12.08
2016-07-04,5468,21.8,29.5,29.5,3,85.1,5.05
2016-07-05,4824,23.1,100.5,130,2.8,93.6,2.17
2016-07-06,3581,22.9,0,0,1.9,74,15.62
2016-07-07,4222,24,0,0,1.3,71.6,15.11
2016-07-08,4334,27.3,0,0,1.8,66.5,24.24
2016-07-09,5191,27.7,0,0,2,64.8,24.33
2016-07-10,4574,27.9,0,0,1.8,64.4,20.7
2016-07-11,5063,28.4,0,0,1.7,67.4,15.06
2016-07-12,5216,26.3,3,3,2.1,65.5,17.79
2016-07-13,4264,26.3,0,0,2.1,69,13.8
2016-07-14,4431,27.5,0.1,0.1,2.1,66.9,16.79
2016-07-15,5017,26.2,1.5,1.6,2.6,60,12.2
2016-07-16,4533,20.8,46.5,48,3.5,92.8,3.68
2016-07-17,6677,21.7,2.5,49,2.6,82.9,5
2016-07-18,3866,24.4,0.2,2.7,1.5,75.1,14.65
2016-07-19,5044,27.1,0,0,1.5,65.5,20.48
2016-07-20,6188,28.6,0,0,1.9,62.5,15.58
2016-07-21,6285,28.3,0,0,2.2,61.3,15.16
2016-07-22,6162,29.1,0,0,2.2,64,17.51
2016-07-23,13430,28.7,0.5,0.5,1.9,70.4,9.93
2016-07-24,5784,28,0.5,1,2,77.9,6.61
2016-07-25,6949,28.4,0,0,1.9,75.3,9.71
2016-07-26,8177,28.4,0,0,2.6,69,13.94
2016-07-27,8799,27.6,0.5,0.5,3.2,76.4,4.67
2016-07-28,12958,28,0.2,0.7,2.8,70.6,17.82
2016-07-29,7497,26.3,59.5,59.7,1.6,82.3,5.33
2016-07-30,6249,28.6,0.5,60,2.1,73.5,15.27
2016-07-31,5928,28.9,0.2,0.7,1.6,72.1,16.33
2016-08-01,5175,28.4,0,0,1.6,72,16.53
2016-08-02,7386,27.2,2,2,1.2,72.5,9.03
2016-08-03,3874,29.1,0,0,1.6,65.4,19.2
2016-08-04,4986,30.7,0,0,1.6,59.6,15.8
2016-08-05,4885,31.2,0,0,1.8,60.1,17.78
2016-08-06,5508,30.5,0,0,1.7,64.8,13.56
2016-08-07,3913,30.6,0,0,1.9,56,20.68
2016-08-08,7906,30.5,0,0,1.8,63.1,18.34
2016-08-09,7106,29.3,1,1,1.9,68.3,12.45
2016-08-10,13827,29.4,0,0,1.9,66.3,16.98
2016-08-11,10661,30.5,0,0,2,64.1,22.2
2016-08-12,19309,30.4,0,0,2,68.3,19.62
2016-08-13,7335,30.2,0,0,2.4,67.9,20.66
2016-08-14,8356,28.9,0.2,0.2,1.9,74,11.38
2016-08-15,9036,29.1,0,0,1.9,65.5,17.09
2016-08-16,8681,29.3,0.5,0.5,1.6,64.9,12.39
2016-08-17,6020,29.9,0,0,1.9,60.4,17.75
2016-08-18,4876,29.9,0,0,1.6,61.9,11.68
2016-08-19,4564,28.9,11.5,11.5,1.4,69.5,9.18
2016-08-20,4077,30.1,0,0,1.7,59,13.72
2016-08-21,4238,30.7,0,0,2.1,57.5,17.95
2016-08-22,3222,30.7,0.4,0.4,2.1,58,18.91
2016-08-23,2783,28.3,8,8.4,2.1,68.8,10.1
2016-08-24,2341,29.1,0,0,1.8,59.1,13.97
2016-08-25,3232,27.1,4.5,4.5,1.9,70.4,11.54
2016-08-26,2816,23,20,24.5,3.6,57,17.17
2016-08-27,5067,23.4,0,0,3.1,43.3,20.97
2016-08-28,5762,21,1.5,1.5,2.6,62.5,10.21
2016-08-29,1918,22.2,0,0,2,54.5,16.17
2016-08-30,2847,20.6,0,0,3.3,60.4,12.02
2016-08-31,1848,17.7,17.5,17.5,3.8,85.3,3.02
2016-09-01,1973,23.2,0,0,3.1,71.3,13.76
2016-09-02,3339,24.2,4.5,4.5,2.7,68.5,16.79
2016-09-03,3718,23.9,0.5,5,1.8,73.8,8.93
2016-09-04,4083,25.6,0,0,1.5,71.3,10.25
2016-09-05,4148,26.4,0,0,1.7,66.1,14.15
2016-09-06,4383,24.7,0,0,1.8,69,13.98
2016-09-07,3511,24.3,0,0,1.8,69.8,9.88
2016-09-08,5339,23,4.5,4.5,1.3,76.4,8.27
2016-09-09,6994,23.9,0,0,1.8,71.1,15.29
2016-09-10,4622,24.4,0,0,1.6,65.4,12.96
2016-09-11,8553,24.5,0,0,1.7,66.3,9.83
2016-09-12,6065,23.4,2.5,2.5,1.9,68.9,9.18
2016-09-13,7599,24.6,0,0,1.8,62.5,15.74
2016-09-14,6871,24.6,0,0,1.8,66.1,11.88
2016-09-15,5432,23.9,0,0,1.3,68.1,13.62
2016-09-16,5545,24.6,0,0,1.5,64.9,11.91
2016-09-17,0,23.1,7,7,2.9,64.8,13.53
2016-09-18,0,23.5,0,0,3.1,53.4,15.29
2016-09-19,0,21.9,0,0,3.5,53.3,16.12
2016-09-20,6457,20.6,0,0,3.1,41.1,19.23
2016-09-21,5300,20.2,0,0,2,43.4,15.52
2016-09-22,10302,21.9,0,0,1.8,46.3,15.24
2016-09-23,9935,21.4,0,0,1.6,57.9,14.3
2016-09-24,11616,22.3,0,0,1.6,60.6,14.56
2016-09-25,11464,23,0,0,1.2,57.6,12.66
2016-09-26,12566,23.6,0,0,1.8,59.1,11.48
2016-09-27,12727,21,13.5,13.5,1.3,82.5,2.77
2016-09-28,3531,19.9,0.5,14,1.3,84.6,3.59
2016-09-29,3384,20.4,0,0,3,64.4,12.55
2016-09-30,4333,20.5,0,0,1.6,66.9,7.66
2016-10-01,4316,21.1,0,0,1.2,69,10.06
2016-10-02,4033,19,18.5,18.5,2.7,84.1,2.6
2016-10-03,19458,22.7,6.5,25,2.7,73.3,14.52
2016-10-04,16871,22,0,0,2.4,58.9,16.86
2016-10-05,4161,21.1,0,0,3,61.9,11.59
2016-10-06,3996,18,0,0,2.6,59.3,15.52
2016-10-07,3289,19.7,2,2,2.6,67.8,9.25
2016-10-08,2976,16.8,6,8,2.9,66.4,12.09
2016-10-09,1066,11.3,0,0,2.9,46.3,16.46
2016-10-10,1076,14,0,0,1.6,43.3,15.29
2016-10-11,1582,15.4,0,0,1.8,62.4,11.48
2016-10-12,2632,15.5,0,0,2,57,13.98
2016-10-13,1967,15.2,0,0,1.4,44.1,13.22
2016-10-14,1628,16.7,0,0,1.3,61.8,11.82
2016-10-15,1922,19.1,0,0,1.3,60.6,12.6
2016-10-16,2728,17.2,1.5,1.5,1.5,74.1,3.06
2016-10-17,1999,17.5,0,0,1.4,76.1,9.51
2016-10-18,2381,17,0,0,1.4,70.9,12.24
2016-10-19,2586,18,0,0,1.5,67.6,11.84
2016-10-20,2257,18.6,0,0,1.8,61.3,12.55
2016-10-21,4279,17.9,0,0,3,58.6,8.17
2016-10-22,3909,18.3,0,0,1.8,59,8.59
2016-10-23,3590,13.3,2.5,2.5,4,66.3,2.33
2016-10-24,920,15.1,0,0,2.4,54.8,13.55
2016-10-25,2878,14.1,37,37,2.2,84,4.25
2016-10-26,1164,13.3,0,0,1.4,81,5.48
2016-10-27,1120,14.6,0,0,1.9,65.4,9.88
2016-10-28,2305,14.6,0.3,0.3,2.5,61.8,7.11
2016-10-29,947,7.8,0,0,3,40.3,6.54
2016-10-30,57,7.9,0,0,1.5,31.9,13.56
2016-10-31,190,5.7,0.5,0.5,2,59.9,2.14
2017-04-17,1102,14.7,5.5,6,2.2,66.5,4.44
2017-04-18,477,11.7,7.5,13,2.5,76.5,6.2
2017-04-19,212,12.6,0,0,2.9,43.1,23.08
2017-04-20,750,12.9,0.1,0.1,2.3,45.4,10.27
2017-04-21,585,13.1,0,0,2,56.5,18.12
2017-04-22,606,14.8,0,0,2.1,48.4,21.83
2017-04-23,889,14.9,0,0,2.4,40,23.55
2017-04-24,805,15.1,0,0,2.7,39.4,21.56
2017-04-25,1035,16,0,0,2.7,56.8,23.33666667
2017-04-26,945,15.1,0,0,3.3,36,25.55
2017-04-27,863,13.6,0,0,3.3,41.8,24.94
2017-04-28,747,14.4,0,0,3,57.3,22.59
2017-04-29,766,17.1,0,0,2.7,44.3,24.45
2017-04-30,1104,19.3,0,0,2.6,57.9,21.96
2017-05-01,1057,20.1,0,0,1.9,50.8,24.3
2017-05-02,1347,20.7,0,0,2.1,42,20.21
2017-05-03,1249,21.5,0,0,2,34.1,24.05
2017-05-04,1284,21,0,0,2,43.6,17.89
2017-05-05,1187,20.9,0,0,3.2,53.4,23.38
2017-05-06,1208,14.9,0,0,3.8,32,25.23
2017-05-07,969,16.6,0,0,3.2,42.6,25.9
2017-05-08,1115,17.9,0,0,2.1,43.6,16.92
2017-05-09,1415,17.1,2.5,2.5,1.6,62.6,8.34
2017-05-10,1287,16.4,2.5,5,2.5,73,15.29
2017-05-11,1304,19.3,0,0,1.8,65.3,16.69
2017-05-12,2064,19.1,0,0,2.1,71.6,5.57
2017-05-13,1876,16.4,6,6,3.1,77.8,8.35
2017-05-14,1330,15.7,0,0,3.7,58.3,27.71
2017-05-15,2047,16,0,0,2.8,61.4,17.5
2017-05-16,1974,17.1,0,0,2,60.5,16.79
2017-05-17,2031,18.6,0,0,2.1,51.5,26.53
2017-05-18,2228,20.4,0,0,2.3,41.9,24.44
2017-05-19,2025,21.1,0,0,2.6,42.6,26.72
2017-05-20,2086,20.9,0,0,2.4,44,24.18
2017-05-21,2116,21.5,0,0,2.3,48.1,26.62
2017-05-22,2064,21.8,0,0,2,53.6,22.27
2017-05-23,2099,20,5,5,1.9,68,11.66
2017-05-24,1882,21.8,0.1,5.1,2,60.4,24.99
2017-05-25,3017,19.2,0,0,3.4,45.6,24.3
2017-05-26,1921,17.7,0,0,2.9,41.5,25.32
2017-05-27,2161,19.5,0,0,2.2,46.1,26.95
2017-05-28,2142,21.2,0,0,2.7,50.6,23.57
2017-05-29,2293,22.9,0,0,2.3,61.8,22.29
2017-05-30,2520,23.6,0,0,2.4,43.5,21.3
2017-05-31,2131,23.3,0,0,1.9,49.1,20.09
2017-06-01,2081,23.3,0,0,3.1,51.8,21.83
2017-06-02,2317,20.5,0,0,2.8,37.4,25.66
2017-06-03,1948,20.5,0,0,3,44,27.88
2017-06-04,2043,21.7,0,0,2.6,36.9,27.49
2017-06-05,2206,24.2,0,0,1.9,33.3,26.62
2017-06-06,2360,19.4,15.5,15.5,2.5,60,7.4
2017-06-07,1292,17.6,12.5,28,2.4,91.4,3.47
2017-06-08,1722,20.1,0,0,2.8,67.3,25.61
2017-06-09,2427,21.2,0.1,0.1,3.3,69.8,16.67
2017-06-10,2442,21.5,4.5,4.6,2.3,46.8,24.26
2017-06-11,2613,22.8,0,0,2.2,33.8,28.53
2017-06-12,2792,22.1,0,0,2.8,45.5,24.22
2017-06-13,2697,21.5,0,0,2.4,63,21.29
2017-06-14,2558,21.8,0,0,2.8,63,25.27
2017-06-15,2986,23.1,0,0,2.5,62.4,24.81
2017-06-16,3272,25.5,0,0,2.2,55.8,24.11
2017-06-17,3714,24.2,0,0,2.4,52.3,24.5
2017-06-18,3480,24.3,0,0,2.3,52,26
2017-06-19,3947,24.8,0,0,1.8,50.9,21
2017-06-20,3931,26,0,0,2.1,43.4,18.81
2017-06-21,3969,25.4,0,0,2.9,52.6,23.53
2017-06-22,4069,25.3,0,0,2.5,57.3,23.53
2017-06-23,4666,26.7,0,0,2,53,22.75
2017-06-24,5131,24.5,3.5,3.5,1.2,60.4,7.22
2017-06-25,4714,23.8,1.5,5,1.5,75.4,12.96
2017-06-26,5298,23.1,29,30.5,2.2,76.9,14.3
2017-06-27,5862,25.2,0,0,2.2,67.5,18.34
2017-06-28,6250,26,0,0,2.1,63.5,16.7
2017-06-29,6136,26.2,0,0,2.2,64.8,21.06
2017-06-30,6007,25.9,0,0,2.2,65.9,19.45
2017-07-01,6183,25.3,0.5,0.5,2,73.6,13.89
2017-07-02,6681,24.3,92,92.5,2.5,90.5,5.5
2017-07-03,5803,24.7,67.5,159.5,3.5,87.6,9.19
2017-07-04,6094,26.7,0.5,68,2,74.5,19.73
2017-07-05,5489,27.4,0,0,1.5,66.9,18.39
2017-07-06,4774,27.6,34,34,1.7,72.3,19.12
2017-07-07,4894,26.4,16.5,50.5,2,80.8,6.32
2017-07-08,3999,26,4.5,21,2.6,83.3,4.66
2017-07-09,4588,26.3,32.5,37,1,88,9.27
2017-07-10,3794,24,144.5,177,2.3,96.5,2.01
2017-07-11,2140,26,1,145.5,2.1,81.4,13.94
2017-07-12,3291,27.1,0,0,2.3,75.9,17.01
2017-07-13,3067,27.6,0,0,1.5,71,19.23
2017-07-14,3928,28.7,0,0,2.1,68.4,16.04
2017-07-15,4552,25,42.5,42.5,2.2,89,5.65
2017-07-16,4428,26.2,22.5,65,1.4,83.4,10.5
2017-07-17,4362,26.8,7.5,30,2,77.3,11.18
2017-07-18,5447,26.5,2.5,10,1.6,80.6,11.5
2017-07-19,5155,28.3,0,0,1.8,71.4,20.43
2017-07-20,5492,29.9,0,0,2.2,66.1,20.59
2017-07-21,6136,29.8,0,0,2.5,73.1,10.81
2017-07-22,6299,29.3,0.5,0.5,2.3,75.8,10.01
2017-07-23,5717,27,133.5,134,2.1,89.5,2.72
2017-07-24,5957,26.2,3,136.5,1.2,82.3,5.17
2017-07-25,3849,29.4,0,0,1.9,64.1,21.74
2017-07-26,4511,28.7,0,0,2.7,55.6,22.61
2017-07-27,4474,27.1,3.5,3.5,1.9,62.5,10
2017-07-28,3590,25.5,8.5,12,1.5,92.1,3.38
2017-07-29,4027,27.2,0,0,2.3,72.3,11.78
2017-07-30,4723,27.9,0,0,1.9,64.4,18.56
2017-07-31,5016,25.7,3.5,3.5,1.4,82.3,4.34
2017-08-01,3964,28.6,2,5.5,1.7,73,18.08
2017-08-02,4989,30,0,0,1.3,71.9,11.98
2017-08-03,3903,30.2,0,0,2.2,60.6,21.79
2017-08-04,3999,30.3,0,0,2.1,60.1,22.18
2017-08-05,3717,31.4,0,0,1.9,63,16.84
2017-08-06,3718,29.8,5,5,1.9,71.9,11.98
2017-08-07,4362,29.2,0,0,2.4,68.1,22.74
2017-08-08,3885,28.2,0,0,1.9,67.1,13.47
2017-08-09,4233,27.6,2.5,2.5,2.3,66.4,14.17
2017-08-10,3702,24.8,5.5,8,2,89.9,6.21
2017-08-11,3911,27,0.5,6,2.3,72.5,15.55
2017-08-12,3936,27.8,0,0,2.1,60.3,18.42
2017-08-13,4018,26.3,0,0,2.8,62.1,11.22
2017-08-14,3627,24.6,1.5,1.5,3.6,67.5,7.26
2017-08-15,3615,21.9,93.5,95,3.6,93.8,3
2017-08-16,3351,23.3,2,95.5,3.7,80.5,10.41
2017-08-17,3658,24.8,0.5,2.5,2.1,77.1,9.67
2017-08-18,3363,26.3,0,0,1.3,75.6,12.1
2017-08-19,3944,26.1,0,0,2,75.8,9.79
2017-08-20,3978,23.2,124.5,124.5,2.9,95.6,3.48
2017-08-21,3829,25.8,5,129.5,2.4,81.5,10.72
2017-08-22,3847,27.3,0,0,1.9,70.6,16.45
2017-08-23,3702,27.2,31.5,31.5,2.6,84.1,8.22
2017-08-24,3662,26.5,14,45.5,4,85.3,3.62
2017-08-25,3156,25.3,0,0,1.7,61.9,20.24
2017-08-26,4089,24.2,0,0,2,54.5,24.43
2017-08-27,3381,22.7,0,0,1.4,62,10.32
2017-08-28,2979,21.5,9,9,1.5,73.1,6.82
2017-08-29,2347,19.5,0,0,3.2,51.4,21.08
2017-08-30,3011,19.8,0,0,1.5,55.8,9.64
2017-08-31,2853,22.2,0,0,1.6,62.4,19.21
2017-09-01,3435,23.3,0,0,2.2,56,22.7
2017-09-02,2928,23.8,0,0,1.8,59,19.67
2017-09-03,3160,23.7,0,0,1.6,64,15.85
2017-09-04,3549,24.6,0,0,1.6,53.8,17.94
2017-09-05,3307,21.9,0,0,1.7,62.4,5.38
2017-09-06,2985,20.6,2,2,1.2,75.5,6.06
2017-09-07,2874,22.4,0,0,1.4,73.3,14.01
2017-09-08,3519,24.3,0,0,1.7,67.5,19.77
2017-09-09,3789,23.8,0,0,1.4,70.1,16.69
2017-09-10,3774,23,0.5,0.5,1.4,74.3,7.34
2017-09-11,3365,21.2,24,24.5,1.7,79.8,8.17
2017-09-12,3546,22.1,0,0,1.9,58.6,19.09
2017-09-13,4284,21.4,0,0,1.9,49.3,21.6
2017-09-14,3709,22.4,0,0,1.7,48.8,20.59
2017-09-15,3811,22.6,0,0,3.6,48.4,19.03
2017-09-16,3255,22,0,0,3.6,50.9,20.23
2017-09-17,3308,23.1,0,0,2.7,51.3,19.04
2017-09-18,3478,21.9,0,0,2.1,62.8,18.98
2017-09-19,3572,22.6,8,8,3,79.1,7.26
2017-09-20,3330,19.5,0,0,2.4,48.9,20.74
2017-09-21,3217,20.3,0,0,1.6,57.3,19.35
2017-09-22,3379,20.6,0,0,2.1,60.8,16.7
2017-09-23,3556,21.8,0,0,1.6,69.8,13.3
2017-09-24,3899,22.4,0,0,2,71.5,11.77
2017-09-25,4201,23.4,0,0,1.4,58,16.62
2017-09-26,3692,25.1,0,0,1.9,57,15.66
2017-09-27,3511,22.7,0.5,0.5,1.7,66.4,0.02
2017-09-28,3975,19.2,0,0,2.8,49.1,11.81
2017-09-29,3302,17.4,0,0,2.2,39.3,13.75
2017-09-30,3436,20,0,0,1.5,64.9,6.11
2017-10-01,3161,18.2,4,4,2.3,74.8,3.06
2017-10-02,2342,22,1.5,5.5,2.3,62.3,11.2
2017-10-03,4307,17.6,0,0,2.3,49.8,7.19
2017-10-04,3281,16.7,0,0,1.8,48.5,9.93
2017-10-05,3553,18.7,0,0,2.1,56.4,7.21
2017-10-06,3638,18.9,0.5,0.5,2.3,66.4,5.32
2017-10-07,2741,21.9,0,0,1.2,67.6,9.17
2017-10-08,3672,23,0,0,1.4,66.9,9.32
2017-10-09,3771,22.5,0,0,1.5,66,7.24
2017-10-10,3500,21.4,0.4,0.4,1.3,76.9,3.75
2017-10-11,2718,15.5,20,20.4,2.9,77.1,3.87
2017-10-12,1610,11.4,0,0,2,71,2.23
2017-10-13,672,12.8,0,0,3.2,51,9.41
2017-10-14,1701,14.4,0,0,2.133333333,42.8,10.58
2017-10-15,2566,15.8,0,0,1.7,42.5,9.97
2017-10-16,2833,16.6,0,0,1.7,47.6,7.3
2017-10-17,2416,16.2,0,0,1.3,47.1,10.3
2017-10-18,2473,16.5,0.1,0.1,2.4,58.8,3.13
2017-10-19,1773,17,0,0,1.8,58.3,9.08
2017-10-20,2133,17,0,0,1.5,58.6,9.75
2017-10-21,1818,17.6,0,0,1.3,52.8,9.75
2017-10-22,2293,16.3,0,0,3.1,50.4,8.97
2017-10-23,1825,13.7,0,0,1.4,47,9.37
2017-10-24,1189,14.4,0,0,1.9,54.3,7.95
2017-10-25,1109,14.4,0,0,1.5,59,9.17
2017-10-26,1361,14.5,0,0,1.2,56.5,4.42
2017-10-27,1619,16.9,0,0,1.2,54.4,8.47
2017-10-28,1469,17.2,0,0,2,51.9,8.75
2017-10-29,1671,11.5,0,0,3.3,45.6,7.94
2017-10-30,149,7.7,0,0,2.4,27.4,9.16
2017-10-31,154,10.4,0,0,1.8,54.3,8.01
2018-04-30,1313,19.2,0,0,1.6,61.6,20.74
2018-05-01,1837,20.4,0,0,1.5,72.8,12.42
2018-05-02,1871,15.1,12,12,1.9,90.4,2.47
2018-05-03,468,11.2,1,13,2.7,62.4,12.18
2018-05-04,1052,14.1,0,0,2.7,45.5,27.26
2018-05-05,1717,18.3,0,0,2.6,46.8,22.26
2018-05-06,2246,16.6,22,22,1.1,86.4,9.31
2018-05-07,1361,19.2,0,0,1.2,60.3,17.7
2018-05-08,2931,17.5,0,0,1.7,50.9,23.25
2018-05-09,1988,15.7,0,0,1.7,50.4,26.77
2018-05-10,2906,15.4,0,0,2.3,67.4,26.53
2018-05-11,2422,16.1,0,0,1.8,59.8,18.7
2018-05-12,3117,14.2,32,32,0.9,89.3,1.32
2018-05-13,1533,15.8,0.5,32.5,1.9,82.5,16.37
2018-05-14,2376,18.2,0,0,1.4,71.4,19.19
2018-05-15,3076,23.2,0,0,1.1,56.4,21.18
2018-05-16,3529,22.3,45,45,1.9,93.8,1.6
2018-05-17,1964,20.9,83,128,1.4,97,3.96
2018-05-18,1634,16.3,6.5,89.5,1.3,86.8,5.64
2018-05-19,1849,17.6,0,0,1.5,47.5,29.13
2018-05-20,2837,17,0,0,1.4,32.1,14.42
2018-05-21,2680,17.8,0,0,1.4,43.9,24.59
2018-05-22,2708,18.1,12.5,12.5,1.1,75.5,10.87
2018-05-23,2119,17.3,6.5,19,2.5,57.1,29.2
2018-05-24,2663,18.3,0,0,2.2,47.4,27.02
2018-05-25,2636,19.7,0,0,1.8,47.4,25.48
2018-05-26,2778,21.8,0,0,1.4,50.1,26.86
2018-05-27,3160,20.3,0,0,1.7,47.4,17.12
2018-05-28,3154,22.3,0,0,1.6,49.8,26.49
2018-05-29,3480,21.4,1,1,1.8,69.3,13.34
2018-05-30,2838,20.2,0,0,1.9,69.8,21.67
2018-05-31,3229,20.9,0,0,1.9,58.9,26.94
2018-06-01,3178,23.8,0,0,1.9,50.4,27.94
2018-06-02,3270,23.4,0,0,2,44.5,28.49
2018-06-03,2828,24,0,0,1.6,39.4,27.18
2018-06-04,2977,22.6,0,0,1.9,50.1,21.13
2018-06-05,2760,23.7,0,0,1.7,52.5,24.35
2018-06-06,3119,23,0,0,2,62.9,26.6
2018-06-07,3491,22.2,0,0,2,69.3,24.04
2018-06-08,3122,21.9,0,0,2.1,68,18.52
2018-06-09,3198,23.7,0.5,0.5,1.4,60.6,20.24
2018-06-10,3581,21.3,0.5,1,1.4,59.9,12.82
2018-06-11,4152,20.2,5,5.5,1.4,67.3,11.27
2018-06-12,3417,21.3,0,0,1.7,65.5,23.45
2018-06-13,4163,22,0,0,1.5,64,15.75
2018-06-14,4640,21.6,29,29,1.1,74.9,10.34
2018-06-15,4516,21.7,16.5,45.5,1.4,60.8,23.64
2018-06-16,4746,22.5,0,0,1.4,56.4,28.06
2018-06-17,4943,22.8,0,0,1.3,66.9,14.78
2018-06-18,5323,24.8,0,0,1.5,54.9,26.17
2018-06-19,4605,22.4,0,0,1.8,61.3,17.65
2018-06-20,4442,22.7,0,0,2.3,68.1,24.52
2018-06-21,4545,23.7,0,0,2.2,60.1,28.21
2018-06-22,5080,25,0,0,1.8,45.1,27.4
2018-06-23,5010,24.5,0,0,2,50.6,22.19
2018-06-24,4673,25.2,0,0,1.9,62.8,25.7
2018-06-25,4830,27.1,0,0,1.2,57.1,20.44
2018-06-26,4664,22.3,71.5,71.5,2.4,88.3,1.29
2018-06-27,3285,22.3,1,72.5,2,81.9,13.56
2018-06-28,3709,23.3,26.5,27.5,1.1,85.1,9.31
2018-06-29,2937,24.7,6.5,33,1.5,78.5,18.79
2018-06-30,3318,24.4,14.5,21,0.9,83.8,8.76
2018-07-01,3076,21.9,83.5,98,0.8,94.6,2.09
2018-07-02,3106,22.6,59.5,143,0.7,95.4,4.73
2018-07-03,1791,27.4,0.1,59.6,0.8,74.4,22.88
2018-07-04,2434,27.3,0,0,1.7,69.6,22.43
2018-07-05,2684,25.3,0.5,0.5,1.2,72.8,10.88
2018-07-06,2583,23.9,0,0,1.8,57.8,15.83
2018-07-07,3000,23.7,0,0,1.6,51.4,27.32
2018-07-08,3167,23.3,0,0,1.5,51.5,23.98
2018-07-09,3600,20.8,14,14,1.1,82.3,4
2018-07-10,3235,23.7,16.5,30.5,0.7,87.8,5.92
2018-07-11,2524,26.8,3,19.5,1.3,82.9,8.74
2018-07-12,2861,26.6,1,4,1.5,82.4,9.92
2018-07-13,2771,27.3,0,0,1.8,74.8,15.6
2018-07-14,3597,27.9,0,0,1.9,69.6,21.51
2018-07-15,3489,28.3,0,0,1.6,69.6,22.91
2018-07-16,3870,28.7,0,0,1.7,64.3,26.67
2018-07-17,3679,28.1,0,0,1.7,66.5,25.57
2018-07-18,3381,28.2,0,0,1.6,64.8,25.14
2018-07-19,3835,28.7,0,0,1.6,64.1,27.8
2018-07-20,4147,29.5,0,0,1.5,62.6,25.73
2018-07-21,4232,30.6,0,0,1.5,53.6,26.62
2018-07-22,4105,31.8,0,0,1.4,49.6,25.51
2018-07-23,4077,31.7,0,0,1.8,53.8,18.94
2018-07-24,3972,31.4,0,0,1.6,59.5,18.42
2018-07-25,4223,30.1,0,0,2.4,66.3,14.36
2018-07-26,4230,30.1,0,0,1.5,68.8,12.21
2018-07-27,4382,30.9,0,0,1.9,69.3,19.29
2018-07-28,3828,29.5,7.5,7.5,1.2,77.1,9.59
2018-07-29,3579,31.3,0,0,1.2,52.4,22.33
2018-07-30,3975,31.7,0,0,1.2,50.9,19.68
2018-07-31,2685,32.6,0,0,1.5,50.5,24.5
2018-08-01,2834,33.6,0,0,1.7,55.5,25.69
2018-08-02,2589,33.7,0,0,1.6,54.4,18.58
2018-08-03,2337,33.1,0,0,1.9,55.3,21.09
2018-08-04,2732,31.1,0,0,2.4,60.6,20.45
2018-08-05,2888,30,2,2,2.6,71.8,20.62
2018-08-06,3455,30.5,6.5,8.5,1.6,71.6,17.86
2018-08-07,3021,30.5,0,0,1.5,63.4,15.62
2018-08-08,2696,31,0,0,2.1,64.8,20.59
2018-08-09,2383,28.8,2,2,1.5,76.3,11.11
2018-08-10,3102,30.7,0,0,1.4,60.9,21.85
2018-08-11,2453,31,0,0,1.5,55.8,21.37
2018-08-12,2041,30.6,5,5,1.5,61.3,18.23
2018-08-13,2527,30.5,1,6,1.4,68.6,12.29
2018-08-14,2650,31.7,0,0,1.3,58.3,18.37
2018-08-15,2175,31.7,1,1,1.2,59.5,18.41
2018-08-16,1746,29.9,0,0,1.7,51,24.88
2018-08-17,1318,27.2,0,0,1.8,39.8,26.23
2018-08-18,1551,26.7,0,0,1.4,44.6,23.27
2018-08-19,1176,28.2,0,0,1.2,50.6,19.79
2018-08-20,1326,29.1,0,0,2,55.6,15.07
2018-08-21,823,26.6,5,5,2.5,71.4,12.86
2018-08-22,1222,30.7,0,0,1.1,54.1,22.27
2018-08-23,1229,29.4,3,3,1.7,59.1,9.3
2018-08-24,1543,24.4,7.5,10.5,2.5,86.3,5.69
2018-08-25,1985,25.2,0,0,2.6,68,16.21
2018-08-26,2221,23.2,2,2,1.2,70,13.54
2018-08-27,1914,22.7,19.5,21.5,0.8,91,7.84
2018-08-28,1709,23.7,96.5,116,0.9,92.4,4.42
2018-08-29,2116,25.2,42,138.5,2.4,86,2.75
2018-08-30,1770,25.3,9.5,51.5,1.8,80.9,8.74
2018-08-31,1498,25.6,0.1,9.6,1.6,67.4,22.17
2018-09-01,1261,25.5,0,0,1.3,59.4,21.01
2018-09-02,1487,25.1,0,0,1.5,55.8,20.34
2018-09-03,1360,23.3,34.5,34.5,1,85.3,3.36
2018-09-04,1260,23.2,0,0,2.2,69.4,21.64
2018-09-05,1799,24,0,0,2.5,63.5,22.46
2018-09-06,1846,24.1,1,1,2,69.9,11.03
2018-09-07,1911,22,0.5,1.5,2.5,54.6,19.58
2018-09-08,1744,21.7,0,0,1.7,48.8,22.75
2018-09-09,1571,22.2,0,0,1.2,49,21.4
2018-09-10,1649,22.9,0,0,1.6,49.5,19.84
2018-09-11,1815,21.6,0,0,1.5,48.1,17.85
2018-09-12,1626,22.8,0,0,1.4,52,20.39
2018-09-13,1725,23.5,0,0,1.2,63.5,12.93
2018-09-14,1990,23.5,0.5,0.5,1.3,66.9,9.8
2018-09-15,2254,23.3,0.2,0.7,1,76,7.44
2018-09-16,2295,22.2,2,2.2,1.7,83.6,6.44
2018-09-17,3336,22.3,0.1,2.1,1.9,64.3,20.42
2018-09-18,3450,22,0,0,1.2,59.8,15.85
2018-09-19,3183,22.1,0.2,0.2,1,59.1,10.66
2018-09-20,3112,19,5,5.2,1.8,82.4,4.08
2018-09-21,3194,19.4,18,23,1.3,85.8,6.31
2018-09-22,2737,20.8,6.5,24.5,1.8,62.3,19.06
2018-09-23,3348,19.4,0,0,1.6,52.9,14.77
2018-09-24,3542,17.6,0,0,2.1,48.3,20.96
2018-09-25,2591,17.8,0,0,1.1,48,20.19
2018-09-26,2757,19.4,0,0,1.7,47.9,17.06
2018-09-27,2587,18.9,0,0,1.3,47.6,18.26
2018-09-28,2200,17.5,0,0,1.2,58.1,8.76
2018-09-29,1731,20.2,0,0,1,55.5,19.37
2018-09-30,2018,17.6,0,0,2.3,52.5,16.95
2018-10-01,2031,15.4,0,0,2.9,55.1,15.1
2018-10-02,1634,15.9,0,0,1.6,61.4,18.84
2018-10-03,1396,17.3,0,0,1.3,58,18.49
2018-10-04,1549,19.3,0,0,1.3,56.5,15.88
2018-10-05,2487,16.9,36.5,36.5,1.7,84.1,2.74
2018-10-06,1221,18,55.5,92,2.2,84,6.86
2018-10-07,1340,16.4,0,0,1.7,53.5,15.65
2018-10-08,1149,14.8,0,0,1.1,47,15.28
2018-10-09,752,15.3,0,0,1.1,52.5,8.89
2018-10-10,1464,12,7,7,2.5,61,10.3
2018-10-11,269,9.7,0,0,2.1,51,15.42
2018-10-12,296,10.9,0,0,1.3,54,17.67
2018-10-13,329,12.5,0,0,1,54,16.78
2018-10-14,351,13.2,0,0,1.5,60,16.08
2018-10-15,724,15.2,0,0,1.4,69.9,11.26
2018-10-16,894,14.5,0,0,1.3,55.9,13.15
2018-10-17,568,12.4,0,0,1.3,53.3,16.44
2018-10-18,435,12.7,0,0,1.1,59.5,13.37
2018-10-19,853,13.1,0,0,1.4,54.3,16.23
2018-10-20,809,13.4,0,0,1.2,53.9,15.97
2018-10-21,634,13.4,0,0,1.1,49.5,15.77
2018-10-22,486,14,0,0,1,50,12.13
2018-10-23,444,12.2,5,5,1.1,75.1,7.68
2018-10-24,370,12.5,0,0,1.3,66,13.64
2018-10-25,379,13.8,0,0,0.9,55.5,13.56
2018-10-26,765,12.2,11,11,1.6,74.1,3
2018-10-27,301,8.7,0,0,3.2,49.6,11.6
2018-10-28,95,8.3,5.5,5.5,1.5,77.1,6.66
2018-10-29,72,7.2,0,0,2,57.3,9.84
2018-10-30,24,6.1,0,0,1.6,51.3,14.55
2018-10-31,148,7.4,0,0,1.6,55.4,14.51
2019-04-15,0,11.6,0,0,1.8,30.9,24.07
2019-04-16,48,14.9,0,0,1.6,26.3,23.58
2019-04-17,218,15.3,0,0,1.9,37.5,24.94
2019-04-18,314,12.6,0,0,2,74.4,5.88
2019-04-19,242,13.8,0,0,1.6,57.5,15.84
2019-04-20,468,14.3,1.2,1.2,1.9,66.9,14.63
2019-04-21,506,14.8,0.3,1.5,1.9,77.8,13.42
2019-04-22,603,19.3,0,0,1.4,50.6,23.42
2019-04-23,814,20.4,0,0,1.3,52,13.14
2019-04-24,771,19.5,4.1,4.1,1.6,70.4,18.91
2019-04-25,1107,13.2,11.3,15.4,2,75.9,3.48
2019-04-26,104,8.4,4.9,16.2,1.5,82.1,3.51
2019-04-27,101,11.6,0,0,1.7,52.6,23.24
2019-04-28,894,12.9,0,0,1.6,48.8,12.09
2019-04-29,782,13,0,0,0.9,52.9,9.81
2019-04-30,705,15.5,0,0,1.6,52.8,21.75
2019-05-01,1345,16.4,0,0,2.3,48.9,24.41
2019-05-02,1507,17.1,0,0,2.3,28.5,27.27
2019-05-03,1258,17.9,0,0,1.6,37.5,25.59
2019-05-04,1137,19.5,0,0,1.7,40.4,22.12
2019-05-05,1315,19.2,0,0,2.2,35.8,25.14
2019-05-06,1108,14.5,0,0,3.1,27.1,28.25
2019-05-07,1172,15,0,0,2.3,33.4,27.02
2019-05-08,1031,15.6,0,0,2.3,48.3,23.39
2019-05-09,1169,16.6,0,0,2.2,43.3,25.46
2019-05-10,1300,17.8,0,0,1.9,48,25.19
2019-05-11,1636,20.3,0,0,1.8,39,25.19
2019-05-12,1633,21.6,0,0,1.5,36,21.82
2019-05-13,1543,18.7,0,0,1.6,43.4,8.51
2019-05-14,1364,19.6,0,0,1.6,44.5,25.35
2019-05-15,1395,20.7,0,0,1.7,48.1,21.24
2019-05-16,1421,23.5,0,0,1.5,43.8,25.19
2019-05-17,1629,23.6,0,0,1.2,44.9,14.72
2019-05-18,1531,22.8,0,0,2.1,46.8,16.28
2019-05-19,1697,19.4,22,22,1.2,93,5.22
2019-05-20,1698,16.4,8.7,30.7,3.4,63.6,24.95
2019-05-21,1533,17.2,0,0,2.9,52,28.89
2019-05-22,1973,19.5,0,0,2.4,46,27.5
2019-05-23,1856,22.1,0,0,1.7,45,27.36
2019-05-24,1715,24.2,0,0,1.7,46.4,26.13
2019-05-25,1543,23.4,0,0,1.6,45.6,18.83
2019-05-26,1523,24.5,0,0,1.8,39,25.81
2019-05-27,1724,17.8,7.1,7.1,2.4,80.9,2.33
2019-05-28,1310,18.1,0,0,2.6,45.9,28.01
2019-05-29,1975,20.3,0,0,2,48.4,28.48
2019-05-30,2127,19.6,0,0,2.4,48,18.28
2019-05-31,1596,19.1,0,0,2.8,49.6,27.46
2019-06-01,1859,18.9,0,0,1.9,60.5,21.1
2019-06-02,1824,21.1,0,0,1.7,42.1,26.48
2019-06-03,1858,23.1,0,0,1.8,42.9,25.57
2019-06-04,1933,22.6,0,0,2.2,56.4,26.21
2019-06-05,1927,23,0,0,1.8,63.8,24.14
2019-06-06,1805,21.2,7.5,7.5,1.2,75.9,5.33
2019-06-07,1867,20,35.3,42.8,1.9,77.3,13.41
2019-06-08,1902,21.9,0,0,1.4,57.5,21.14
2019-06-09,2399,21.6,2.5,2.5,1.8,66.1,16.87
2019-06-10,2214,18.4,9.5,12,1.6,70.3,11.01
2019-06-11,1867,20.5,0,0,1.4,51.1,21.58
2019-06-12,2216,21.5,0,0,1.8,57.1,25.26
2019-06-13,2247,23,0,0,1.7,51.9,27.4
2019-06-14,2313,23,0,0,1.8,54.8,19.46
2019-06-15,2047,21.9,2.1,2.1,2.4,61.5,25.94
2019-06-16,2201,22,0,0,1.6,55.4,22.45
2019-06-17,2827,21.7,0,0,2.3,59.1,25.36
2019-06-18,2864,20.8,13.8,13.8,1.5,78.6,11.26
2019-06-19,3026,21.4,0.2,14,1.9,77.8,11.24
2019-06-20,3427,22.7,0,0,1.9,70.6,20.91
2019-06-21,3624,22.1,0.2,0.2,1.7,72.9,12.51
2019-06-22,3909,24.2,0,0,1.5,42.3,27.01
2019-06-23,3499,25,0,0,1.8,40.4,26.05
2019-06-24,3676,25.2,0,0,2,46.9,27.57
2019-06-25,3651,25.6,0,0,1.6,49.1,27.13
2019-06-26,4436,25.5,0,0,1.3,52.6,12.11
2019-06-27,3666,25.5,1.4,1.4,1.4,70.5,14.79
2019-06-28,5309,24.7,0,0,1.7,67.3,10.92
2019-06-29,4744,23.1,1.5,1.5,1.2,72,12.49
2019-06-30,5113,23.9,0,0,2.3,73.5,16.32
2019-07-01,5525,23.9,0,0,2.3,64.4,20.33
2019-07-02,5547,24.4,0,0,2.3,63.5,21.13
2019-07-03,5555,24.1,0,0,1.7,64.6,12.62
2019-07-04,5538,25.4,0,0,1.9,59.6,27.41
2019-07-05,5994,27.6,0,0,1.5,42.1,24.78
2019-07-06,5791,29.7,0,0,1.7,40.9,25.87
2019-07-07,5374,26.7,0,0,2.2,43.3,22.4
2019-07-08,4811,25.1,0,0,2,46.6,20.54
2019-07-09,4802,25,0,0,1.8,46.4,18.2
2019-07-10,4600,22.7,8.5,8.5,2,64.1,13.4
2019-07-11,4951,21.9,2.9,11.4,1.3,76.9,8.59
2019-07-12,4828,23.6,0,0,2,65.5,18.43
2019-07-13,5670,24.9,0,0,1.7,67.3,15
2019-07-14,5523,25.9,0,0,1.6,64.6,20.36
2019-07-15,6137,23.8,7.7,7.7,1.1,80,7.32
2019-07-16,4599,24.7,6.3,14,1.3,79,13.41
2019-07-17,5116,25.6,0.7,7,1.2,73.9,11.19
2019-07-18,5144,26.9,0,0,1.2,65,12.78
2019-07-19,5566,28.6,0,0,1.5,61.3,21.8
2019-07-20,4361,28,1.1,1.1,2.1,66.9,10.92
2019-07-21,3667,25.1,6.2,7.3,2.2,87.1,6.18
2019-07-22,4437,26.7,0.1,6.3,2.2,74.6,13.12
2019-07-23,4675,28.1,0,0,1.7,70.8,13.34
2019-07-24,4418,26.5,1,1,1.6,82.3,3.17
2019-07-25,3046,26.3,9.7,10.7,1.2,90.1,3.47
2019-07-26,4017,25.1,60,69.7,1.7,95.3,2.35
2019-07-27,3552,28.4,0.6,60.6,1.3,76.6,15.31
2019-07-28,4158,26.1,25.6,26.2,2.2,88.3,2.87
2019-07-29,3500,27.5,0.5,26.1,2.6,74.5,9.43
2019-07-30,3068,28.1,1.2,1.7,3.4,75.3,8.26
2019-07-31,3431,25.8,62.3,63.5,2.2,91.1,3.01
2019-08-01,2904,26.3,26.9,89.2,1.7,86.4,13.55
2019-08-02,2534,28.4,0,0,1.2,74.6,15.74
2019-08-03,2482,29.4,3,3,1.3,69,21.04
2019-08-04,2281,28.3,8.6,11.6,1.2,75.9,17.53
2019-08-05,2378,30.5,0,0,1.1,65.5,20.66
2019-08-06,2290,31.6,0,0,1.5,51.4,22.91
2019-08-07,2028,26.9,8,8,1.2,78.1,6.91
2019-08-08,1958,28.9,0,0,1.6,71.4,15.87
2019-08-09,2024,29.8,0,0,1.3,69,19.37
2019-08-10,2283,31.5,0,0,1.5,57.9,22.69
2019-08-11,2350,30.4,6.7,6.7,2.5,53.6,21.52
2019-08-12,2115,26.6,56.2,62.9,1.3,91.8,4.8
2019-08-13,2012,29.2,6.4,62.6,1.5,76.9,16.91
2019-08-14,2646,30.4,0,0,1.5,63.9,20.99
2019-08-15,2073,25.9,16.2,16.2,1.3,82,5.51
2019-08-16,1596,25.9,0.1,16.3,2.2,74.5,14.1
2019-08-17,2183,25.9,0,0,2.5,69.5,13.25
2019-08-18,1935,25.6,0,0,1.7,66.5,18.61
2019-08-19,2134,26.3,0,0,1.1,60.6,18.16
2019-08-20,2505,28.2,0,0,1.5,56.3,21.06
2019-08-21,2565,27,1.3,1.3,1.2,67.3,11.43
2019-08-22,2679,26.9,0,0,1.7,66.5,23.16
2019-08-23,3312,26.2,0,0,2.1,58.4,23.84
2019-08-24,3226,24.1,0,0,1.5,60.9,8.25
2019-08-25,2481,25,0,0,1.5,66.6,17.85
2019-08-26,2651,26.4,0,0,1.2,63.8,18.4
2019-08-27,2835,25.7,20,20,1,71.1,13.22
2019-08-28,2604,26.1,0,0,1.9,66.2,17.676
2019-08-29,2911,23.4,36.9,36.9,2.2,77.1,17.14
2019-08-30,2591,22.6,0.2,37.1,2.4,66.3,17.84
2019-08-31,2559,23.5,0,0,1.9,65,21.07
2019-09-01,2352,23.7,0,0,1.4,64,15.17
2019-09-02,2506,24.4,0,0,1.6,56.6,16.85
2019-09-03,2742,24.1,0,0,2.3,67.6,11.6
2019-09-04,2564,22.8,22.7,22.7,2.5,89,5.68
2019-09-05,2900,23,36.4,59.1,2,91.4,6.07
2019-09-06,2914,25.3,2.4,38.8,2.1,79.8,9.29
2019-09-07,3141,25.7,2.8,5.2,6,72.9,2.95
2019-09-08,3008,24.7,0,0,1.9,76.9,9.31
2019-09-09,3361,25.1,0,0,1.7,74.3,10.04
2019-09-10,3310,23.8,63.2,63.2,2.4,93.4,5.74
2019-09-11,2797,24.3,7.6,70.8,3.1,71.4,16.56
2019-09-12,2580,21,3.9,11.5,2.6,72.3,4.09
2019-09-13,2518,23.3,0.1,4,1.7,60.4,21.35
2019-09-14,3337,22.4,0.3,0.4,1.2,80,3.34
2019-09-15,2530,24.2,0,0,1.7,70.4,18.19
2019-09-16,3592,24.5,0,0,2.1,53,19.91
2019-09-17,3865,23.5,0,0,2.1,41.6,20.01
2019-09-18,3058,21,0,0,3.1,46,21.9
2019-09-19,2935,19.5,0,0,1.9,46.5,19.83
2019-09-20,2534,19.6,0,0,2.1,52.8,8.64
2019-09-21,2677,19.6,0,0,2,60.3,4.44
2019-09-22,2193,18.6,0.4,0.4,3.8,63.4,3.2
2019-09-23,2704,20,0,0,2.2,51.1,16.92
2019-09-24,2283,19.8,0,0,1.8,61.3,20.17
2019-09-25,2344,20.9,0,0,1.4,64.4,16.44
2019-09-26,2392,22.9,0,0,1.9,59.3,15.5
2019-09-27,2521,22.9,0,0,1.9,57.5,10.42
2019-09-28,2393,23.7,0,0,1.7,58.9,15.97
2019-09-29,2592,22.6,0,0,1.7,60.6,18.83
2019-09-30,2631,22.4,0,0,1.6,61,18.37
2019-10-01,2569,23.1,0,0,1.8,67.1,13.05
2019-10-02,2493,21.6,23.1,23.1,3,88,3.4
2019-10-03,2445,22.4,4.6,27.7,2.8,73.4,10.14
2019-10-04,2503,22.4,0,0,2.1,71.5,16.23
2019-10-05,3150,18.7,0.6,0.6,2.9,72.6,8.24
2019-10-06,2136,18.1,0,0,2.9,53.4,16.17
2019-10-07,2471,14.8,25.4,25.4,1.8,92,1.49
2019-10-08,731,14.7,0,0,2.6,58.8,16.78
2019-10-09,847,13.6,0,0,1.7,48.3,17.42
2019-10-10,861,15.2,0,0,1.3,60.9,8.06
2019-10-11,1111,18.8,0,0,1.9,60,16.44
2019-10-12,1872,17.9,0,0,3.5,49.3,17.37
2019-10-13,1573,17.2,0,0,1.9,52.6,16.52
2019-10-14,1135,14.4,0,0,2.5,56.9,14.54
2019-10-15,609,14.5,0,0,1.6,55.6,14.07
2019-10-16,624,14.6,0,0,1.6,58.3,15.6
2019-10-17,874,15.4,0,0,1.7,56,12.02
2019-10-18,707,17,0,0,2.4,58.3,12.08
2019-10-19,1244,17,0,0,1.8,63.8,15.17
2019-10-20,896,16.5,0,0,1.3,70.3,14.67
2019-10-21,901,17.1,0,0,1,61,14.4
2019-10-22,936,18.1,0,0,1.6,56.1,13.66
2019-10-23,1004,17,0,0,2.4,57.3,8.08
2019-10-24,1125,18.3,0,0,2.7,47.6,11.56
2019-10-25,1276,16.7,0,0,2.4,58,12.29
2019-10-26,725,10,0,0,2.5,60,13.08
2019-10-27,181,11,0,0,1.6,59,14.45
2019-10-28,266,12.9,1.7,1.7,2.5,65.9,11.62
2019-10-29,439,12.5,0.1,1.8,2.3,61,12.41
2019-10-30,206,11.2,0,0,1.6,60.3,14.08
2019-10-31,185,14.8,0,0,2.3,73.8,10.34
2020-05-01,842,20.2,0,0,2.7,73.6,18.96
2020-05-02,861,20.3,0,0,2.3,79.6,9.43
2020-05-03,896,21.8,0,0,2,68.8,19.41
2020-05-04,1304,20.2,0,0,2.7,63.9,25.42
2020-05-05,1090,16,0,0,1.9,67.9,9.41
2020-05-06,902,19.4,0,0,2.1,50,28.51
2020-05-07,1367,20.7,0,0,2.5,32.5,23.93
2020-05-08,1552,19.9,2.3,2.3,2.4,32.8,23.26
2020-05-09,831,14.2,24.4,26.7,3.6,94.4,3
2020-05-10,785,14.4,1.3,25.7,2.5,88.6,6.77
2020-05-11,1176,16.5,3.4,4.7,3,61,22.98
2020-05-12,1625,14.3,0.7,4.1,2.9,69.4,13.6
2020-05-13,1328,16.1,0,0,2.8,47.3,29.7
2020-05-14,1656,19.3,0,0,2,35.4,20.64
2020-05-15,1813,16.1,12,12,3,81.4,3.43
2020-05-16,979,16.7,2.5,14.5,1.6,90.3,7.6
2020-05-17,1434,19.1,0,0,1.7,80.1,15.26
2020-05-18,1952,19.1,29.8,29.8,2.4,79.4,14.07
2020-05-19,1338,13,19,48.8,3.2,73.6,15.29
2020-05-20,1010,14.4,0,0,1.9,60.4,20.91
2020-05-21,1540,17.4,0,0,2.1,56.1,24.35
2020-05-22,1890,18.5,0,0,1.9,68.5,13.07
2020-05-23,1976,20.1,0,0,2.2,66.1,23.24
2020-05-24,2141,17.1,14.5,14.5,2.9,84.8,10.59
2020-05-25,1874,16.6,0,0,2.1,81,16.88
2020-05-26,2200,16.2,1.5,1.5,2.1,81.9,18.49
2020-05-27,2126,17.4,0,0,2.6,68.5,30.06
2020-05-28,2571,18.7,0,0,1.9,62.8,22.83
2020-05-29,3024,20.7,0,0,2,65.6,28.09
2020-05-30,3183,22.6,0,0,1.9,57.3,26.5
2020-05-31,3038,21.2,1,1,2.3,63,19.15
2020-06-01,3288,19.7,0.4,1.4,3.4,64.3,30.35
2020-06-02,3610,17.9,2,2.4,2.2,71,5.89
2020-06-03,3106,22,0,0,2.4,73.3,24.64
2020-06-04,3568,21.9,0.2,0.2,2.7,81.1,19.77
2020-06-05,3771,23,0,0,1.8,69.4,23.36
2020-06-06,3982,24.6,0,0,2,63.6,23.38
2020-06-07,3564,22.7,0,0,2.3,69.4,26.04
2020-06-08,3621,25,0,0,2.1,63.6,26.13
2020-06-09,3263,26.7,0,0,2.3,51.6,28.36
2020-06-10,3266,25.8,6.2,6.2,2,63.8,18.85
2020-06-11,3087,26.1,0,0,2.2,68.3,26.03
2020-06-12,3646,24.7,0,0,1.7,68.6,11.51
2020-06-13,3297,26.9,0,0,1.9,52.8,28.11
2020-06-14,2824,24,1.1,1.1,2.9,70.6,22.52
2020-06-15,3102,23,0,0,2.8,62.3,26.53
2020-06-16,3148,24.4,0,0,2.2,63,24.74
2020-06-17,2997,24.3,0,0,2,58.6,21.25
2020-06-18,3417,23.4,0,0,1.6,61.4,11
2020-06-19,3220,24.7,0.1,0.1,2.1,61.4,19.6
2020-06-20,3476,24.9,0,0,2.1,62.6,24.75
2020-06-21,3059,26.1,0,0,2,59.5,27.82
2020-06-22,2865,28.6,0,0,2,50.5,28.95
2020-06-23,2393,27.3,0,0,1.9,53.5,16.97
2020-06-24,2355,22.3,37.6,37.6,2.7,83.5,2.91
2020-06-25,1888,21.6,13.3,50.9,2.2,91,6.11
2020-06-26,2035,21.8,2.1,15.4,3.2,82.1,13.03
2020-06-27,2917,24.1,0,0,2,70.4,22.18
2020-06-28,2800,25.2,0,0,2.4,70.5,28.6
2020-06-29,2822,23.8,11.9,11.9,2.4,77,8.4
2020-06-30,2181,20.1,64.7,76.6,4,83,6.2
2020-07-01,2341,21.1,0,0,1.9,79.3,9.47
2020-07-02,2898,24.2,0,0,1.9,74.5,19.15
2020-07-03,2971,25.5,0.1,0.1,2.6,63.5,27.47
2020-07-04,3331,24.2,1.6,1.7,2.1,63.9,26.88
2020-07-05,3267,23.8,0,0,1.9,68.6,20.85
2020-07-06,3183,25.6,0,0,2.1,66.6,19.28
2020-07-07,3303,24.1,0,0,2.5,75.5,15.15
2020-07-08,3235,25.5,0,0,2,71.9,25.81
2020-07-09,3689,27.5,0,0,1.7,64.6,23.1
2020-07-10,3893,24.5,2.2,2.2,2.8,75,12.3
2020-07-11,3578,25.8,0,0,2.6,62.6,21.82
2020-07-12,3824,23.5,2.9,2.9,2.4,71.9,7.67
2020-07-13,3036,18.7,47.6,50.5,4,94.8,4.58
2020-07-14,2574,20.3,11.5,59.1,2.8,79.4,12.46
2020-07-15,3240,23.4,0,0,2,63.1,26.6
2020-07-16,3795,25,0,0,1.8,70.9,25.76
2020-07-17,3847,26,0,0,1.9,72,22.28
2020-07-18,3225,26.1,0,0,1.6,71.6,15.49
2020-07-19,3634,24,29.1,29.1,2.7,81.6,4.92
2020-07-20,3589,23.8,3.6,32.7,3.7,86.3,5.15
2020-07-21,3851,25,0,0,1.6,77,17.83
2020-07-22,3628,23.7,11.5,11.5,1.6,89.3,4.5
2020-07-23,3540,21.1,103.1,114.6,3.6,95.5,2.72
2020-07-24,2089,22.5,2.9,106,4.6,74.3,10.46
2020-07-25,3035,24.3,0,0,3.1,69.3,15.59
2020-07-26,2663,25.4,0,0,2,69.3,18.14
2020-07-27,3221,24.3,2.2,2.2,2.2,86.4,7.72
2020-07-28,2646,24.4,0.4,2.6,2,84.8,8.38
2020-07-29,2884,23.7,50.1,50.5,2,95.8,3.18
2020-07-30,2143,25.3,0.1,50.2,2.1,85.5,15.34
2020-07-31,3043,26.2,1.5,1.6,2,81.9,14.5
2020-08-01,3187,25.3,39.1,40.6,1.7,90.9,5.31
2020-08-02,3183,24.9,31.4,70.5,2.3,96.3,2.55
2020-08-03,2401,25,102.6,134,3,96.3,3.09
2020-08-04,1902,27,3.9,106.5,3.5,89.3,8.06
2020-08-05,2302,26.5,18.5,22.4,1.9,92.1,5.02
2020-08-06,2378,24.1,75.7,94.2,3.3,92.8,6.74
2020-08-07,2101,24.3,0,0,1.8,85.3,6.7
2020-08-08,2233,24.2,19.1,19.1,2.3,89.5,6.96
2020-08-09,2236,24.9,50.3,69.4,2.6,95.4,1.43
2020-08-10,2122,26.5,44.6,94.9,2,91.6,7.77
2020-08-11,1907,24.6,97,141.6,2.2,92.5,7.44
2020-08-12,2052,27.2,0,0,1.9,83.9,13.62
2020-08-13,2533,28,0,0,2.5,82.4,7.96
2020-08-14,2293,27.1,0.4,0.4,3.5,86.1,4.14
2020-08-15,2721,26.1,69,69.4,1.9,96,3.25
2020-08-16,2389,27.4,0,0,3,82.6,14.3
2020-08-17,3488,28.2,0,0,2.3,77.9,18.44
2020-08-18,3211,27.5,0,0,1.6,76.3,19.81
2020-08-19,3011,27.1,0,0,2,76.8,22.54
2020-08-20,3247,27.7,0,0,1.7,76,15.16
2020-08-21,3098,26.6,2.5,2.5,1.6,83.1,8.74
2020-08-22,2843,24.3,42.6,45.1,2.1,87.4,7.56
2020-08-23,2198,25.3,0,0,1.9,78.4,18.72
2020-08-24,3287,27.8,0,0,2.2,71.6,20.25
2020-08-25,3361,29.9,0,0,2.1,69.5,21.21
2020-08-26,3138,30.2,0.6,0.6,3.4,68.3,19.68
2020-08-27,2250,27.1,8.7,9.3,3.6,84.6,5.5
2020-08-28,2781,27.3,13.6,22.3,1.6,89.1,10.18
2020-08-29,2869,26.8,13.6,27.2,1.3,90.1,8.7
2020-08-30,2784,26.8,42.5,56.1,2.1,88.8,12.89
2020-08-31,2930,26.4,0,0,2.8,77.9,12.25
2020-09-01,3036,26.6,0,0,1.9,72.4,11.35
2020-09-02,3515,24.3,33.3,33.3,2.3,91.3,3.34
2020-09-03,2903,22.7,29.8,63.1,4.8,82,13.51
2020-09-04,3628,23.3,0,0,2.7,63.9,21.21
2020-09-05,3703,23.3,0,0,2,66.6,14.49
2020-09-06,3600,21.7,6.4,6.4,2.7,80,7.13
2020-09-07,2471,19.2,61,67.4,4.2,93.5,3.37
2020-09-08,2678,23.4,0,0,4.2,71.5,21.87
2020-09-09,3532,21.1,1.3,1.3,2.1,83.4,12.29
2020-09-10,2160,22.8,3.9,5.2,2,75.8,19.17
2020-09-11,2864,22.4,1.2,5.1,2.8,72.6,12.87
2020-09-12,3002,20.2,5.7,6.9,2,83.8,7.34
2020-09-13,2611,21.5,0,0,1.9,70.4,20.53
2020-09-14,3176,21.3,0,0,1.8,79.3,13.86
2020-09-15,3269,23,0,0,1.6,76.4,16.56
2020-09-16,3946,22.5,0.3,0.3,1.9,79.9,6.21
2020-09-17,3544,21.3,0,0,2.1,70.3,9.35
2020-09-18,4127,21.5,0,0,2.8,62,21.24
2020-09-19,3715,21.2,0.3,0.3,2.2,59.3,21.25
2020-09-20,3815,19.7,0,0,2,57.6,22.19
2020-09-21,2983,19.1,0,0,1.7,56.1,19.54
2020-09-22,2507,20.2,0,0,2.8,55.3,21.71
2020-09-23,3142,19.2,0,0,3.3,59.9,16.99
2020-09-24,3189,20.6,0,0,3.7,59.6,18.54
2020-09-25,3366,20.1,0,0,2.5,64.1,13.39
2020-09-26,3048,19.3,0,0,2.4,62.5,15.92
2020-09-27,3088,20.4,0,0,2,63.3,18.7
2020-09-28,2884,20.7,0,0,2,66,19.29
2020-09-29,2921,19.6,0,0,1.9,67.6,14.84
2020-09-30,2747,19.6,38.3,38.3,1.7,78,14
2020-10-01,2381,18.8,0,0,2.1,74.9,10.89
2020-10-02,2972,19.2,0,0,2.3,79.6,6.34
2020-10-03,2479,19.9,0,0,1.6,72.5,9.79
2020-10-04,3240,16.6,0,0,2.8,65.1,12.36
2020-10-05,2031,13.3,0,0,2.5,57.3,19.44
2020-10-06,1507,14.2,0,0,2,55.9,19.81
2020-10-07,1668,16,0,0,1.9,48.9,16.99
2020-10-08,1766,17.2,0,0,3.1,53,19.27
2020-10-09,2326,17.2,0,0,3,53.4,18.55
2020-10-10,2573,16.9,0,0,2,60.1,15.28
2020-10-11,2291,16.9,0,0,1.8,68.5,11.45
2020-10-12,1526,16.2,0,0,2.2,68.6,13.59
2020-10-13,1834,13.6,0,0,2.2,52.3,14.16
2020-10-14,1043,12.8,0,0,2.4,47,12.19
2020-10-15,722,11.7,0,0,1.5,41.8,14.48
2020-10-16,729,11.8,0,0,1.5,64.3,5.28
2020-10-17,651,13.1,0,0,1.8,64.3,17.65
2020-10-18,723,13.6,0,0,2,65.5,15.96
2020-10-19,990,15.1,0,0,1.7,74.4,15.27
2020-10-20,949,15.2,0,0,1.6,67.1,15.67
2020-10-21,1089,14.1,0,0,1.9,69.4,4.72
2020-10-22,982,13.5,0,0,2.8,66,11.01
2020-10-23,519,8.6,0,0,3,51.5,17.01
2020-10-24,270,8.7,0,0,2.5,47.6,16.65
2020-10-25,358,11.8,0,0,1.7,62.5,13.83
2020-10-26,536,12.9,0,0,1.6,71.6,13.69
2020-10-27,535,14,0,0,1.8,74.1,12.23
2020-10-28,884,13.8,0,0,2.5,52.1,15.27
2020-10-29,695,10.8,0,0,2,40.3,13.77
2020-10-30,543,11.9,0,0,1.5,42.9,14.62
2020-10-31,454,13.6,0,0,2.6,60.3,11.03
