date,mosquito,temp,rain_per_day,accum_rain,wind,humidity,sunshine
2015-04-06,199,12.21428571,5.285714286,0,3.371428571,68.75714286,8.88
2015-04-07,146,11.57142857,4.928571429,0,3.428571429,65.74285714,9.891428571
2015-04-08,90,10.91428571,4.571428571,0,3.257142857,63.54285714,9.927142857
2015-04-09,172,10.17142857,0.571428571,0,2.871428571,59.61428571,10.88428571
2015-04-10,249,10.31428571,0.071428571,0,2.871428571,53.48571429,12.77714286
2015-04-11,410,10.31428571,0.071428571,0,2.614285714,52.24285714,13.81285714
2015-04-12,459,10.94285714,0,0,2.671428571,45.88571429,15.2
2015-04-13,468,11.18571429,0.928571429,7,3.128571429,45.61428571,15.87
2015-04-14,132,10.97142857,2.428571429,17,3.142857143,49.95714286,15.17857143
2015-04-15,31,11.37142857,2.571428571,12,3.142857143,52.74285714,15.43857143
2015-04-16,573,11.41428571,3.571428571,8,3.328571429,56.52857143,13.35857143
2015-04-17,83,11.25714286,3.571428571,0,3.457142857,57.22857143,13.61285714
2015-04-18,416,11.5,3.571428571,0,3.371428571,56.17142857,13.59428571
2015-04-19,982,11.44285714,5.285714286,12,3.485714286,62.48571429,12.53
2015-04-20,282,11.47142857,5.142857143,18,3.1,65.54285714,11.64285714
2015-04-21,408,12.48571429,3.642857143,0,3.128571429,59.27142857,14.15714286
2015-04-22,933,12.92857143,3.5,0,3.142857143,55.7,14.55857143
2015-04-23,656,13.58571429,2.5,0,3.128571429,51.64285714,17.04285714
2015-04-24,764,14.32857143,2.5,0,3.057142857,50.62857143,17.05428571
2015-04-25,757,14.42857143,2.5,0,3.171428571,50.54285714,17.50428571
2015-04-26,862,14.82857143,0.785714286,0,3.114285714,45.22857143,19.75714286
2015-04-27,1033,15.72857143,0,0,3.057142857,40.08571429,21.66428571
2015-04-28,0,16.62857143,0,0,2.942857143,39.02857143,21.11285714
2015-04-29,1629,17.02857143,0.5,4,2.928571429,43.31428571,19.19
2015-04-30,1532,17.98571429,0.5,0,2.742857143,45.52857143,19.27142857
2015-05-01,2783,18.74285714,0.5,0,2.642857143,48.45714286,19.21428571
2015-05-02,2729,19.42857143,0.571428571,1,2.557142857,53.18571429,18.12142857
2015-05-03,2998,19.57142857,1.071428571,4,2.385714286,60.72857143,15.88428571
2015-05-04,3392,19.22857143,1.071428571,0,2.585714286,61.67142857,16.19142857
2015-05-05,3137,18.35714286,1.071428571,0,2.771428571,61.57142857,17.04571429
2015-05-06,2849,18.12857143,0.571428571,0,2.7,55.75714286,18.51714286
2015-05-07,2819,17.45714286,0.571428571,0,2.757142857,52.75714286,18.13142857
2015-05-08,2926,16.84285714,0.571428571,0,2.757142857,53.54285714,17.04571429
2015-05-09,0,16.4,0.5,0,2.885714286,52.2,17.95571429
2015-05-10,0,16.51428571,0,0,2.914285714,44.94285714,20.55142857
2015-05-11,0,16.84285714,2,14,2.742857143,47.25714286,19.00285714
2015-05-12,1713,16.71428571,3.357142857,24,3.171428571,52.68571429,17.24857143
2015-05-13,2323,17,3.357142857,0,3.585714286,55.62857143,18.27714286
2015-05-14,5430,17.55714286,3.357142857,0,3.685714286,59.65714286,18.31285714
2015-05-15,8425,17.9,3.357142857,0,3.714285714,60.61428571,17.75285714
2015-05-16,3935,17.95714286,3.357142857,0,3.714285714,58.65714286,18.32571429
2015-05-17,6276,17.88571429,3.357142857,0,3.7,58.77142857,18.01285714
2015-05-18,7851,17.78571429,1.357142857,0,3.728571429,57.6,18.04571429
2015-05-19,10366,18,0.142857143,1,3.328571429,59.45714286,16.69428571
2015-05-20,2926,17.84285714,0.142857143,0,3.014285714,59.9,16.91
2015-05-21,16089,17.6,0.142857143,0,3.071428571,57.94285714,17.68857143
2015-05-22,3450,17.72857143,0.142857143,0,3.1,54.27142857,19.67285714
2015-05-23,3479,18.1,0.142857143,0,3.028571429,53.87142857,19.39428571
2015-05-24,10082,18.44285714,0.142857143,0,3.057142857,53.42857143,20.02285714
2015-05-25,10540,18.88571429,0.142857143,0,2.985714286,53.31428571,21.56857143
2015-05-26,5488,19.84285714,0,0,2.857142857,47.6,24.73285714
2015-05-27,4262,20.82857143,0,0,2.7,43.72857143,24.86
2015-05-28,4636,21.62857143,0,0,2.485714286,40.44285714,24.67428571
2015-05-29,16214,22.17142857,0,0,2.428571429,39.22857143,23.80857143
2015-05-30,5448,22.05714286,0.057142857,0,2.485714286,43.87142857,21.74142857
2015-05-31,5350,22.21428571,0.057142857,0,2.457142857,46.08571429,21.45857143
2015-06-01,10706,22.34285714,0.057142857,0,2.442857143,44.87142857,20.83285714
2015-06-02,4828,22.57142857,0.057142857,0,2.442857143,44.58571429,20.32
2015-06-03,4857,22.58571429,0.057142857,0,2.7,44.64285714,20.43714286
2015-06-04,3269,22.57142857,0.057142857,0,2.757142857,44.9,19.96
2015-06-05,3304,21.9,0.2,1,2.642857143,48.04285714,17.87666667
2015-06-06,3455,22.27142857,0.142857143,0,2.557142857,45.1,20.19166667
2015-06-07,3721,22.45714286,0.142857143,0,2.571428571,44.24285714,19.65666667
2015-06-08,3440,22.55714286,0.142857143,0,2.528571429,45.71428571,18.77833333
2015-06-09,3466,22.42857143,0.142857143,0,2.557142857,48.48571429,18.41833333
2015-06-10,3161,22.71428571,0.142857143,0,2.328571429,51.48571429,17.9
2015-06-11,3713,22.77142857,1.214285714,8,2.357142857,55.87142857,16.99
2015-06-12,3399,23.41428571,1.142857143,8,2.657142857,56.48571429,19.35571429
2015-06-13,4172,23.74285714,1.214285714,1,2.785714286,58.12857143,18.45571429
2015-06-14,5474,23.65714286,3.428571429,16,2.842857143,61.48571429,18.32285714
2015-06-15,4680,23.91428571,3.428571429,0,2.828571429,63.01428571,18.87714286
2015-06-16,4599,24.31428571,3.428571429,0,2.757142857,62.95714286,19.07285714
2015-06-17,4662,24.04285714,4.785714286,10,2.814285714,65.6,17.91142857
2015-06-18,4421,24.07142857,4.142857143,13,2.8,65.57142857,19.15142857
2015-06-19,3577,24.2,4.071428571,0,2.671428571,64.81428571,18.63285714
2015-06-20,4412,23.47142857,10.35714286,45,2.471428571,68.97142857,16.69857143
2015-06-21,3039,23.41428571,8.142857143,0,2.371428571,68.8,17.22571429
2015-06-22,4497,23.38571429,8.142857143,0,2.4,68.05714286,17.69142857
2015-06-23,6747,23.34285714,8.142857143,0,2.385714286,67.8,17.64571429
2015-06-24,4712,23.67142857,6.785714286,0,2.371428571,65.72857143,18.02857143
2015-06-25,4104,23.67142857,6.642857143,2,2.285714286,66.54285714,16.84571429
2015-06-26,5243,23.17142857,8.428571429,15,2.342857143,69.11428571,15.63142857
2015-06-27,4730,23.97142857,2.071428571,0,2.4,64.01428571,18.90571429
2015-06-28,5286,24.4,2.071428571,0,2.485714286,62.97142857,18.92142857
2015-06-29,7108,24.64285714,2.071428571,0,2.542857143,63.17142857,19.01
2015-06-30,7146,24.6,2.428571429,3,2.457142857,64.01428571,17.25714286
2015-07-01,8700,24.31428571,2.5,3,2.642857143,65.15714286,17.97285714
2015-07-02,9520,24.15714286,2.214285714,0,2.914285714,65.07142857,19.21571429
2015-07-03,11659,24.48571429,0.428571429,0,2.871428571,63.18571429,20.94571429
2015-07-04,8229,24.32857143,0.428571429,0,2.871428571,63.25714286,20.18714286
2015-07-05,7150,24.15714286,0.428571429,0,2.828571429,62.62857143,19.46
2015-07-06,8613,24.1,0.428571429,0,2.742857143,61.55714286,19.16571429
2015-07-07,8141,24.27142857,0.071428571,0,2.785714286,59,20.06714286
2015-07-08,6335,24.22857143,0.071428571,1,2.814285714,59.5,18.55
2015-07-09,7024,24.62857143,0.071428571,0,2.657142857,59.04285714,17.61714286
2015-07-10,7240,25.47142857,0.071428571,0,2.5,58.8,16.97
2015-07-11,6338,26.37142857,0.071428571,0,2.485714286,59.44285714,16.56
2015-07-12,5818,26.45714286,4.214285714,29,2.728571429,64.68571429,14.64714286
2015-07-13,6278,26.14285714,5.642857143,39,3.157142857,69.9,12.23
2015-07-14,6505,26.21428571,5.642857143,0,3.371428571,72.8,13.03714286
2015-07-15,6136,26.85714286,5.571428571,0,3.214285714,71.22857143,14.05428571
2015-07-16,4380,26.6,5.571428571,0,3.514285714,69.8,15.03857143
2015-07-17,4200,25.8,5.571428571,0,3.757142857,68.21428571,15.13857143
2015-07-18,5005,24.92857143,5.642857143,1,3.771428571,68.67142857,13.84428571
2015-07-19,5225,24.97142857,2.214285714,6,3.457142857,66.28571429,14.96571429
2015-07-20,0,25.6,0.785714286,0,3.057142857,63.51428571,15.96
2015-07-21,5753,25.72857143,2.357142857,11,2.785714286,64.82857143,14.11428571
2015-07-22,5426,25.7,2.5,12,2.628571429,67.41428571,12.55714286
2015-07-23,4390,26.01428571,4.785714286,17,2.214285714,71.65714286,10.78
2015-07-24,6509,26.17142857,8.571428571,43,1.985714286,78.38571429,8.657142857
2015-07-25,5340,26.27142857,19.92857143,107,2.128571429,82.9,7.657142857
2015-07-26,5065,26.4,25,121,2.242857143,84.05714286,7.86
2015-07-27,3947,26.21428571,25.21428571,42,2.228571429,86.14285714,7.71
2015-07-28,5054,26.31428571,23.64285714,0,2.385714286,85.11428571,8.912857143
2015-07-29,4615,26.17142857,24.07142857,4,2.5,85.97142857,8.464285714
2015-07-30,5203,26.41428571,21.78571429,0,2.7,85.31428571,9.402857143
2015-07-31,5598,26.87142857,18,0,2.8,82.08571429,10.99428571
2015-08-01,11746,27.32857143,6.571428571,0,2.785714286,78.9,12.35142857
2015-08-02,7186,27.4,3.142857143,17,2.8,78.72857143,11.43428571
2015-08-03,8809,27.64285714,2.928571429,0,3.014285714,76.65714286,11.90714286
2015-08-04,6972,27.61428571,2.928571429,0,3.271428571,76.5,11.02428571
2015-08-05,4902,27.88571429,2.371428571,0,3.428571429,74.22857143,12.49428571
2015-08-06,4832,27.98571429,2.371428571,0,3.214285714,72.52857143,13.40285714
2015-08-07,5335,28.12857143,3.942857143,11,3.028571429,72.1,13.42857143
2015-08-08,5799,27.9,5.014285714,19,2.885714286,73,13.46571429
2015-08-09,4441,27.92857143,2.657142857,0,2.8,71.58571429,14.76
2015-08-10,5086,27.8,2.657142857,0,2.585714286,71.67142857,15.63
2015-08-11,5275,27.7,2.657142857,0,2.242857143,71.71428571,15.83428571
2015-08-12,6053,27.51428571,2.642857143,0,2,71.78571429,16.41857143
2015-08-13,7524,27.11428571,2.642857143,0,1.985714286,72.37142857,15.43
2015-08-14,8846,26.82857143,1.071428571,0,2.128571429,71.67142857,15.92
2015-08-15,8844,26.9,0.014285714,0,2.1,70.42857143,16.11285714
2015-08-16,7406,26.77142857,4.157142857,29,2.085714286,70.5,15.06142857
2015-08-17,6111,26.71428571,4.157142857,0,2.071428571,68.98571429,15.25428571
2015-08-18,6120,26.87142857,4.157142857,0,2.128571429,67.02857143,15.98857143
2015-08-19,5487,26.8,4.157142857,0,2.1,67.42857143,14.44
2015-08-20,4602,26.64285714,4.214285714,0,2.071428571,68.41428571,13.27714286
2015-08-21,4799,26.4,4.571428571,3,2.014285714,70.11428571,12.10714286
2015-08-22,5413,26.17142857,4.557142857,0,2.1,70.02857143,12.26
2015-08-23,7639,26.24285714,0.414285714,0,2.057142857,68.68571429,13.45714286
2015-08-24,7337,26.2,0.414285714,0,2.285714286,68.55714286,12.39
2015-08-25,4678,25.31428571,1.2,6,2.385714286,70.91428571,10.65428571
2015-08-26,9949,24.61428571,1.2,0,2.542857143,70.64285714,10.99857143
2015-08-27,9093,24.51428571,1.142857143,0,2.742857143,68.58571429,13.18857143
2015-08-28,8316,24.22857143,0.828571429,0,2.7,67.31428571,13.51571429
2015-08-29,6635,24.07142857,0.828571429,0,2.585714286,66.74285714,13.97
2015-08-30,7532,23.87142857,0.828571429,0,2.571428571,66.8,14.01571429
2015-08-31,7674,23.81428571,0.828571429,0,2.3,67.12857143,14.50714286
2015-09-01,5831,24.41428571,0.042857143,0,2.328571429,64.7,16.31571429
2015-09-02,4541,24.7,0.114285714,1,2.214285714,65.32857143,15.91857143
2015-09-03,4794,24.58571429,2.685714286,19,2.1,67.32857143,15.11142857
2015-09-04,5408,24.81428571,2.642857143,0,2.171428571,67.2,15.46714286
2015-09-05,7523,24.45714286,3.357142857,5,2.228571429,69.2,13.73
2015-09-06,4481,24.07142857,3.357142857,0,2.528571429,68.41428571,13.20285714
2015-09-07,4242,23.6,3.357142857,0,2.6,66.98571429,13.81
2015-09-08,4475,23.14285714,3.357142857,0,2.571428571,64.72857143,14.46142857
2015-09-09,3880,22.92857143,3.285714286,0,2.685714286,60.45714286,16.15428571
2015-09-10,3629,22.71428571,0.714285714,0,2.7,58.62857143,16.66857143
2015-09-11,3675,22.17142857,1.071428571,3,2.685714286,59.75714286,15.56285714
2015-09-12,4924,21.78571429,0.357142857,0,2.657142857,56.98571429,16.51857143
2015-09-13,4670,21.5,0.357142857,0,2.5,56.08571429,17.33
2015-09-14,0,21.42857143,0.357142857,0,2.385714286,57.25714286,16.46714286
2015-09-15,0,21.44285714,0.357142857,0,2.242857143,57.95714286,16.12571429
2015-09-16,3822,21.32857143,0.357142857,0,2.185714286,58.32857143,15.99857143
2015-09-17,2987,21.18571429,0.357142857,0,2.285714286,56.05714286,15.99857143
2015-09-18,3089,21.31428571,0,0,2.328571429,52.58571429,17.51714286
2015-09-19,3493,21.75714286,0,0,2.4,52.28571429,18.32142857
2015-09-20,3452,22.02857143,0,0,2.314285714,54.41428571,17.39285714
2015-09-21,3704,22.1,0,0,2.3,54.55714286,17.36142857
2015-09-22,3825,22.25714286,0,0,2.242857143,54.54285714,17.09
2015-09-23,4074,22.31428571,0,0,2.128571429,56.31428571,15.32142857
2015-09-24,3084,22.6,0,0,1.957142857,57.74285714,14.81571429
2015-09-25,3192,22.81428571,0,0,1.971428571,58.37142857,14.35142857
2015-09-26,3533,22.82857143,0,0,1.885714286,57.82857143,13.92571429
2015-09-27,3155,22.8,0,0,1.871428571,53.6,14.48
2015-09-28,3593,22.62857143,0,0,1.885714286,50.38571429,14.06428571
2015-09-29,3842,22.37142857,0,0,1.957142857,48.7,14.05714286
2015-09-30,4161,22.27142857,0,0,2.085714286,46.9,14.41428571
2015-10-01,3169,21.25714286,5,35,2.328571429,49.91428571,12.35428571
2015-10-02,980,20.27142857,5,0,2.5,49.48571429,12.25571429
2015-10-03,5026,19.81428571,5,0,2.785714286,48.75714286,12.46142857
2015-10-04,2571,19.05714286,5,0,2.771428571,48.68571429,11.73285714
2015-10-05,2453,18.57142857,5,0,2.814285714,50.08571429,12.45285714
2015-10-06,1902,18.08571429,5,0,2.757142857,53.07142857,12.16571429
2015-10-07,2386,17.84285714,5,0,2.585714286,56.24285714,12.47
2015-10-08,1959,18.38571429,0,0,2.4,53.9,14.28571429
2015-10-09,1935,18.34285714,0,0,2.4,52.51428571,14.63285714
2015-10-10,1466,17.42857143,0.5,4,2.171428571,55.58571429,13.03285714
2015-10-11,560,16.6,1,7,2.257142857,60.4,12.12
2015-10-12,394,15.78571429,1,0,2.371428571,61.41428571,11.96428571
2015-10-13,898,15.25714286,1,0,2.457142857,62.68571429,11.78142857
2015-10-14,1524,14.9,1,0,2.485714286,62.27142857,12.09571429
2015-10-15,1599,14.58571429,1,0,2.414285714,62.41428571,11.91857143
2015-10-16,1745,14.77142857,1,0,2.142857143,66.3,10.98428571
2015-10-17,1821,15.61428571,0.5,0,2.071428571,65.42857143,12.28571429
2015-10-18,2028,16.62857143,0,0,1.914285714,64.35714286,13.10142857
2015-10-19,2131,17.45714286,0,0,1.814285714,65.91428571,12.45714286
2015-10-20,2489,18,0,0,1.685714286,66.35714286,12.02714286
2015-10-21,2338,18.11428571,0,0,1.685714286,67.48571429,11.43571429
2015-10-22,2604,18.05714286,0,0,1.742857143,67.87142857,10.86285714
2015-10-23,2422,18.05714286,0,0,1.828571429,67.6,10.47285714
2015-10-24,4177,17.8,1.5,11,1.942857143,67.54285714,9.992857143
2015-10-25,2153,17.57142857,1.5,0,2.057142857,65.52857143,10.17428571
2015-10-26,1785,17.12857143,1.785714286,2,2.114285714,65.44285714,9.665714286
2015-10-27,1212,16.17142857,5.571428571,29,2.342857143,65.41428571,9.437142857
2015-10-28,252,15.02857143,5.571428571,0,2.471428571,62.05714286,9.877142857
2015-10-29,326,13.72857143,5.642857143,1,2.5,60,10.11428571
2015-10-30,151,12,5.642857143,0,2.528571429,56.1,11.02857143
2015-10-31,27,10.4,4.142857143,0,2.471428571,52.97142857,11.46571429
2016-04-18,185,13.42857143,6.642857143,22,2.842857143,60.5,14.80714286
2016-04-19,258,13.12857143,6.642857143,0,2.828571429,62.28571429,15.77
2016-04-20,921,12.94285714,6.571428571,1,2.885714286,60.35714286,15.70428571
2016-04-21,1047,13.1,9,18,2.914285714,62.02857143,14.56571429
2016-04-22,1292,12.88571429,9,0,2.914285714,67.31428571,12.68428571
2016-04-23,740,12.68571429,5.642857143,0,2.8,66.34285714,14.04571429
2016-04-24,1161,13.35714286,2.714285714,0,2.4,62.45714286,15.30142857
2016-04-25,1324,14.21428571,2.5,0,2.2,58.08571429,15.70285714
2016-04-26,1633,15.51428571,2.5,0,2.171428571,55.18571429,15.36571429
2016-04-27,1843,15.92857143,2.428571429,0,2.385714286,52.04285714,14.65
2016-04-28,1529,16.45714286,0,0,2.271428571,44.44285714,16.48714286
2016-04-29,0,16.84285714,0.042857143,0,2.257142857,39.32857143,18.49
2016-04-30,0,17.18571429,0.042857143,0,2.357142857,38.35714286,17.37142857
2016-05-01,0,17.65714286,0.042857143,0,2.4,38.48571429,16.58285714
2016-05-02,0,18.21428571,2.4,17,2.471428571,42.72857143,15.82285714
2016-05-03,2123,17.04285714,6.257142857,44,2.885714286,50.05714286,13.23571429
2016-05-04,200,16.82857143,6.257142857,0,3.1,52.14285714,15.59142857
2016-05-05,1965,17.07142857,7.328571429,8,3.057142857,54.48571429,15.97
2016-05-06,2687,17.08571429,8.642857143,17,2.985714286,60.44285714,13.13
2016-05-07,1228,17.17142857,8.642857143,0,2.957142857,62.58571429,15.27285714
2016-05-08,2381,17.25714286,8.642857143,0,2.942857143,63.2,16.19285714
2016-05-09,2709,17.12857143,6.285714286,0,2.914285714,60.12857143,16.40857143
2016-05-10,2182,17.35714286,4.357142857,14,2.542857143,59.6,16.83285714
2016-05-11,1883,17.45714286,4.357142857,0,2.1,61.64285714,16.76571429
2016-05-12,2376,17.3,3.285714286,0,2.242857143,63.3,17.1
2016-05-13,1942,17.62857143,2,1,2.257142857,58.68571429,20.37857143
2016-05-14,2838,18.15714286,2,0,2.214285714,56.8,20.35714286
2016-05-15,3341,17.87142857,8.428571429,45,2.3,60.95714286,18.78857143
2016-05-16,3673,17.25714286,8.785714286,48,2.471428571,62.95714286,19.80857143
2016-05-17,3103,17.94285714,6.857142857,0,2.414285714,58.15714286,22.67857143
2016-05-18,7318,18.78571429,6.857142857,0,2.4,55.21428571,22.87285714
2016-05-19,3896,19.71428571,6.857142857,0,2.242857143,51.5,23.01714286
2016-05-20,4433,20.48571429,6.785714286,0,2.2,47.92857143,22.82
2016-05-21,5112,21.04285714,6.785714286,0,2.157142857,44.6,22.85857143
2016-05-22,9818,22.08571429,0.357142857,0,2.042857143,39.04285714,24.58714286
2016-05-23,6076,23.14285714,0,0,1.885714286,37.04285714,23.61
2016-05-24,5532,22.78571429,5.5,39,1.985714286,41.87142857,21.09428571
2016-05-25,6788,22.41428571,5.5,0,2.1,45.81428571,19.64142857
2016-05-26,5275,21.71428571,5.5,0,2.128571429,50.9,17.26285714
2016-05-27,5975,21.27142857,5.5,0,2.114285714,55.08571429,16.86285714
2016-05-28,6949,20.92857143,5.5,0,2.128571429,59.7,16.84142857
2016-05-29,6220,20.47142857,5.5,0,2.185714286,62.71428571,16.27571429
2016-05-30,5910,20.3,5.5,0,2.228571429,64.75714286,17.25714286
2016-05-31,5403,20.98571429,0,0,2.214285714,62.04285714,19.38714286
2016-06-01,6230,21.5,0,0,2.128571429,58.88571429,20.65142857
2016-06-02,6029,22.04285714,0,0,2.214285714,54.07142857,23.09142857
2016-06-03,9643,22.22857143,0,0,2.285714286,52.18571429,23.4
2016-06-04,7316,22.15714286,0,0,2.214285714,51.57142857,21.59142857
2016-06-05,8140,22.61428571,0,0,2.128571429,50.31428571,22.12857143
2016-06-06,26441,22.78571429,0,0,2.114285714,49.14285714,20.84285714
2016-06-07,15775,22.8,0.014285714,0,2,49.98571429,19.04714286
2016-06-08,6958,22.62857143,0.014285714,0,2.028571429,52.85714286,18.47571429
2016-06-09,7232,22.75714286,0.014285714,0,1.971428571,55.88571429,18.11285714
2016-06-10,6237,23.1,0.014285714,0,1.971428571,57.71428571,17.95571429
2016-06-11,5676,23.42857143,0.442857143,3,1.985714286,60.92857143,17.46571429
2016-06-12,5469,23.25714286,0.657142857,5,2.042857143,65.51428571,15.47285714
2016-06-13,6247,23.28571429,0.657142857,0,2.057142857,68.57142857,16.08714286
2016-06-14,5100,23.58571429,0.642857143,0,2.114285714,67.57142857,17.52428571
2016-06-15,4112,23.41428571,2.857142857,16,2.171428571,69.84285714,15.61
2016-06-16,3632,22.95714286,2.857142857,0,2.285714286,71.84285714,14.32285714
2016-06-17,5415,22.84285714,2.857142857,0,2.328571429,72.15714286,14.41428571
2016-06-18,5483,22.98571429,2.428571429,0,2.342857143,69.82857143,16.50714286
2016-06-19,7859,23.07142857,2.214285714,0,2.314285714,67.7,17.63285714
2016-06-20,6398,23.24285714,2.214285714,0,2.214285714,67.05714286,17.20714286
2016-06-21,6400,23.55714286,2.214285714,0,2.157142857,66.71428571,16.76857143
2016-06-22,6213,24.04285714,4.357142857,31,2.057142857,65.75714286,16.99571429
2016-06-23,7008,24.58571429,4.371428571,31,1.957142857,65.4,17.37
2016-06-24,7509,24.48571429,4.871428571,4,1.885714286,67.21428571,15.43142857
2016-06-25,7299,24.24285714,4.871428571,0,2.028571429,67.94285714,14.87142857
2016-06-26,7687,24.28571429,4.871428571,0,2.142857143,67.07142857,15.90142857
2016-06-27,8328,24.24285714,4.871428571,0,2.128571429,65.57142857,15.44857143
2016-06-28,7782,24.05714286,4.871428571,0,2.142857143,65.71428571,15.65714286
2016-06-29,7621,24.2,0.514285714,0,2.171428571,63.27142857,16.94285714
2016-06-30,7125,24.18571429,0.528571429,0,2.271428571,64.28571429,15.65714286
2016-07-01,8079,24.31428571,15.52857143,109,2.314285714,65.81428571,14.86
2016-07-02,6990,24.41428571,16.1,113,2.257142857,68.42857143,14.09285714
2016-07-03,10183,24.28571429,16.1,0,2.1,70.14285714,12.16571429
2016-07-04,5468,23.91428571,20.31428571,30,2.3,74.37142857,10.92714286
2016-07-05,4824,23.68571429,34.67142857,130,2.442857143,79.01428571,8.684285714
2016-07-06,3581,23.34285714,34.67142857,0,2.4,81.3,8.395714286
2016-07-07,4222,23.25714286,34.64285714,0,2.185714286,80.37142857,9.49
2016-07-08,4334,23.72857143,19.14285714,0,2.114285714,77.51428571,12.49142857
2016-07-09,5191,24.32857143,18.57142857,0,2.057142857,75.14285714,14.08571429
2016-07-10,4574,24.95714286,18.57142857,0,2.085714286,74.28571429,15.31714286
2016-07-11,5063,25.9,14.35714286,0,1.9,71.75714286,16.74714286
2016-07-12,5216,26.35714286,0.428571429,3,1.8,67.74285714,18.97857143
2016-07-13,4264,26.84285714,0.428571429,0,1.828571429,67.02857143,18.71857143
2016-07-14,4431,27.34285714,0.442857143,0,1.942857143,66.35714286,18.95857143
2016-07-15,5017,27.18571429,0.657142857,2,2.057142857,65.42857143,17.23857143
2016-07-16,4533,26.2,7.3,48,2.271428571,69.42857143,14.28857143
2016-07-17,6677,25.31428571,7.657142857,49,2.385714286,72.07142857,12.04571429
2016-07-18,3866,24.74285714,7.685714286,3,2.357142857,73.17142857,11.98714286
2016-07-19,5044,24.85714286,7.257142857,0,2.271428571,73.17142857,12.37142857
2016-07-20,6188,25.18571429,7.257142857,0,2.242857143,72.24285714,12.62571429
2016-07-21,6285,25.3,7.242857143,0,2.257142857,71.44285714,12.39285714
2016-07-22,6162,25.71428571,7.028571429,0,2.2,72.01428571,13.15142857
2016-07-23,13430,26.84285714,0.457142857,1,1.971428571,68.81428571,14.04428571
2016-07-24,5784,27.74285714,0.171428571,1,1.885714286,68.1,14.27428571
2016-07-25,6949,28.31428571,0.142857143,0,1.942857143,68.12857143,13.56857143
2016-07-26,8177,28.5,0.142857143,0,2.1,68.62857143,12.63428571
2016-07-27,8799,28.35714286,0.214285714,1,2.285714286,70.61428571,11.07571429
2016-07-28,12958,28.31428571,0.242857143,1,2.371428571,71.94285714,11.45571429
2016-07-29,7497,27.91428571,8.742857143,60,2.285714286,74.55714286,9.715714286
2016-07-30,6249,27.9,8.742857143,60,2.314285714,75,10.47857143
2016-07-31,5928,28.02857143,8.7,1,2.257142857,74.17142857,11.86714286
2016-08-01,5175,28.02857143,8.7,0,2.214285714,73.7,12.84142857
2016-08-02,7386,27.85714286,8.985714286,2,2.014285714,74.2,12.14
2016-08-03,3874,28.07142857,8.914285714,0,1.785714286,72.62857143,14.21571429
2016-08-04,4986,28.45714286,8.885714286,0,1.614285714,71.05714286,13.92714286
2016-08-05,4885,29.15714286,0.385714286,0,1.642857143,67.88571429,15.70571429
2016-08-06,5508,29.42857143,0.314285714,0,1.585714286,66.64285714,15.46142857
2016-08-07,3913,29.67142857,0.285714286,0,1.628571429,64.34285714,16.08285714
2016-08-08,7906,29.97142857,0.285714286,0,1.657142857,63.07142857,16.34142857
2016-08-09,7106,30.27142857,0.142857143,1,1.757142857,62.47142857,16.83
2016-08-10,13827,30.31428571,0.142857143,0,1.8,62.6,16.51285714
2016-08-11,10661,30.28571429,0.142857143,0,1.857142857,63.24285714,17.42714286
2016-08-12,19309,30.17142857,0.142857143,0,1.885714286,64.41428571,17.69
2016-08-13,7335,30.12857143,0.142857143,0,1.985714286,64.85714286,18.70428571
2016-08-14,8356,29.88571429,0.171428571,0,1.985714286,67.42857143,17.37571429
2016-08-15,9036,29.68571429,0.171428571,0,2,67.77142857,17.19714286
2016-08-16,8681,29.68571429,0.1,1,1.957142857,67.28571429,17.18857143
2016-08-17,6020,29.75714286,0.1,0,1.957142857,66.44285714,17.29857143
2016-08-18,4876,29.67142857,0.1,0,1.9,66.12857143,15.79571429
2016-08-19,4564,29.45714286,1.742857143,12,1.814285714,66.3,14.30428571
2016-08-20,4077,29.44285714,1.742857143,0,1.714285714,65.02857143,13.31285714
2016-08-21,4238,29.7,1.714285714,0,1.742857143,62.67142857,14.25142857
2016-08-22,3222,29.92857143,1.771428571,0,1.771428571,61.6,14.51142857
2016-08-23,2783,29.78571429,2.842857143,8,1.842857143,62.15714286,14.18428571
2016-08-24,2341,29.67142857,2.842857143,0,1.828571429,61.97142857,13.64428571
2016-08-25,3232,29.27142857,3.485714286,5,1.871428571,63.18571429,13.62428571
2016-08-26,2816,28.42857143,4.7,25,2.185714286,61.4,14.76571429
2016-08-27,5067,27.47142857,4.7,0,2.385714286,59.15714286,15.80142857
2016-08-28,5762,26.08571429,4.914285714,2,2.457142857,59.87142857,14.69571429
2016-08-29,1918,24.87142857,4.857142857,0,2.442857143,59.37142857,14.30428571
2016-08-30,2847,23.77142857,3.714285714,0,2.614285714,58.17142857,14.57857143
2016-08-31,1848,22.14285714,6.214285714,18,2.9,61.91428571,13.01428571
2016-09-01,1973,21.58571429,5.571428571,0,3.071428571,62.04285714,13.33142857
2016-09-02,3339,21.75714286,3.357142857,5,2.942857143,63.68571429,13.27714286
2016-09-03,3718,21.82857143,3.428571429,5,2.757142857,68.04285714,11.55714286
2016-09-04,4083,22.48571429,3.214285714,0,2.6,69.3,11.56285714
2016-09-05,4148,23.08571429,3.214285714,0,2.557142857,70.95714286,11.27428571
2016-09-06,4383,23.67142857,3.214285714,0,2.342857143,72.18571429,11.55428571
2016-09-07,3511,24.61428571,0.714285714,0,2.057142857,69.97142857,12.53428571
2016-09-08,5339,24.58571429,1.357142857,5,1.8,70.7,11.75
2016-09-09,6994,24.54285714,0.714285714,0,1.671428571,71.07142857,11.53571429
2016-09-10,4622,24.61428571,0.642857143,0,1.642857143,69.87142857,12.11142857
2016-09-11,8553,24.45714286,0.642857143,0,1.671428571,69.15714286,12.05142857
2016-09-12,6065,24.02857143,1,3,1.7,69.55714286,11.34142857
2016-09-13,7599,24.01428571,1,0,1.7,68.62857143,11.59285714
2016-09-14,6871,24.05714286,1,0,1.7,68.1,11.87857143
2016-09-15,5432,24.18571429,0.357142857,0,1.7,66.91428571,12.64285714
2016-09-16,5545,24.28571429,0.357142857,0,1.657142857,66.02857143,12.16
2016-09-17,0,24.1,1.357142857,7,1.842857143,65.94285714,12.24142857
2016-09-18,0,23.95714286,1.357142857,0,2.042857143,64.1,13.02142857
2016-09-19,0,23.74285714,1,0,2.271428571,61.87142857,14.01285714
2016-09-20,6457,23.17142857,1,0,2.457142857,58.81428571,14.51142857
2016-09-21,5300,22.54285714,1,0,2.485714286,55.57142857,15.03142857
2016-09-22,10302,22.25714286,1,0,2.557142857,52.45714286,15.26285714
2016-09-23,9935,21.8,1,0,2.571428571,51.45714286,15.60428571
2016-09-24,11616,21.68571429,0,0,2.385714286,50.85714286,15.75142857
2016-09-25,11464,21.61428571,0,0,2.114285714,51.45714286,15.37571429
2016-09-26,12566,21.85714286,0,0,1.871428571,52.28571429,14.71285714
2016-09-27,12727,21.91428571,1.928571429,14,1.614285714,58.2,12.36142857
2016-09-28,3531,21.87142857,2,14,1.514285714,64.08571429,10.65714286
2016-09-29,3384,21.65714286,2,0,1.685714286,66.67142857,10.27285714
2016-09-30,4333,21.52857143,2,0,1.685714286,67.95714286,9.324285714
2016-10-01,4316,21.35714286,2,0,1.628571429,69.15714286,8.681428571
2016-10-02,4033,20.78571429,4.642857143,19,1.842857143,72.94285714,7.244285714
2016-10-03,19458,20.65714286,5.571428571,25,1.971428571,74.97142857,7.678571429
2016-10-04,16871,20.8,3.642857143,0,2.128571429,71.6,9.691428571
2016-10-05,4161,20.97142857,3.571428571,0,2.371428571,68.35714286,10.83428571
2016-10-06,3996,20.62857143,3.571428571,0,2.314285714,67.62857143,11.25857143
2016-10-07,3289,20.51428571,3.857142857,2,2.457142857,67.75714286,11.48571429
2016-10-08,2976,19.9,4.714285714,8,2.7,67.38571429,11.77571429
2016-10-09,1066,18.8,2.071428571,0,2.728571429,61.98571429,13.75571429
2016-10-10,1076,17.55714286,1.142857143,0,2.571428571,57.7,13.86571429
2016-10-11,1582,16.61428571,1.142857143,0,2.485714286,58.2,13.09714286
2016-10-12,2632,15.81428571,1.142857143,0,2.342857143,57.5,13.43857143
2016-10-13,1967,15.41428571,1.142857143,0,2.171428571,55.32857143,13.11
2016-10-14,1628,14.98571429,0.857142857,0,1.985714286,54.47142857,13.47714286
2016-10-15,1922,15.31428571,0,0,1.757142857,53.64285714,13.55
2016-10-16,2728,16.15714286,0.214285714,2,1.557142857,57.61428571,11.63571429
2016-10-17,1999,16.65714286,0.214285714,0,1.528571429,62.3,10.81
2016-10-18,2381,16.88571429,0.214285714,0,1.471428571,63.51428571,10.91857143
2016-10-19,2586,17.24285714,0.214285714,0,1.4,65.02857143,10.61285714
2016-10-20,2257,17.72857143,0.214285714,0,1.457142857,67.48571429,10.51714286
2016-10-21,4279,17.9,0.214285714,0,1.7,67.02857143,9.995714286
2016-10-22,3909,17.78571429,0.214285714,0,1.771428571,66.8,9.422857143
2016-10-23,3590,17.22857143,0.357142857,3,2.128571429,65.68571429,9.318571429
2016-10-24,920,16.88571429,0.357142857,0,2.271428571,62.64285714,9.895714286
2016-10-25,2878,16.47142857,5.642857143,37,2.385714286,64.51428571,8.754285714
2016-10-26,1164,15.8,5.642857143,0,2.371428571,66.42857143,7.845714286
2016-10-27,1120,15.22857143,5.642857143,0,2.385714286,67.01428571,7.464285714
2016-10-28,2305,14.75714286,5.685714286,0,2.314285714,67.47142857,7.312857143
2016-10-29,947,13.25714286,5.685714286,0,2.485714286,64.8,7.02
2016-10-30,57,12.48571429,5.328571429,0,2.128571429,59.88571429,8.624285714
2016-10-31,190,11.14285714,5.4,1,2.071428571,60.61428571,6.994285714
2017-04-17,1102,14.67142857,1.642857143,6,2.671428571,49.9,14.895
2017-04-18,477,14.15714286,2.714285714,13,2.571428571,55.57142857,12.85833333
2017-04-19,212,14.31428571,2.714285714,0,2.457142857,58.61428571,13.10166667
2017-04-20,750,14.34285714,2.728571429,0,2.428571429,57.38571429,12.04333333
2017-04-21,585,14.35714286,1.871428571,0,2.214285714,57.18571429,13.68666667
2017-04-22,606,14.07142857,1.871428571,0,2.2,55.61428571,13.99
2017-04-23,889,13.52857143,1.871428571,0,2.342857143,53.77142857,15.35571429
2017-04-24,805,13.58571429,1.085714286,0,2.414285714,49.9,17.80142857
2017-04-25,1035,14.2,0.014285714,0,2.442857143,47.08571429,19.735
2017-04-26,945,14.55714286,0.014285714,0,2.5,46.07142857,20.14666667
2017-04-27,863,14.65714286,0,0,2.642857143,45.55714286,22.59166667
2017-04-28,747,14.84285714,0,0,2.785714286,45.67142857,23.33666667
2017-04-29,766,15.17142857,0,0,2.871428571,45.08571429,23.77333333
2017-04-30,1104,15.8,0,0,2.9,47.64285714,23.50833333
2017-05-01,1057,16.51428571,0,0,2.785714286,49.27142857,23.965
2017-05-02,1347,17.18571429,0,0,2.7,47.15714286,23.42857143
2017-05-03,1249,18.1,0,0,2.514285714,46.88571429,23.21428571
2017-05-04,1284,19.15714286,0,0,2.328571429,47.14285714,22.20714286
2017-05-05,1187,20.08571429,0,0,2.357142857,46.58571429,22.32
2017-05-06,1208,19.77142857,0,0,2.514285714,44.82857143,22.43142857
2017-05-07,969,19.38571429,0,0,2.6,42.64285714,22.99428571
2017-05-08,1115,19.07142857,0,0,2.628571429,41.61428571,21.94
2017-05-09,1415,18.55714286,0.357142857,3,2.557142857,44.55714286,20.24428571
2017-05-10,1287,17.82857143,0.714285714,5,2.628571429,50.11428571,18.99285714
2017-05-11,1304,17.58571429,0.714285714,0,2.6,53.21428571,18.82142857
2017-05-12,2064,17.32857143,0.714285714,0,2.442857143,55.81428571,16.27714286
2017-05-13,1876,17.54285714,1.571428571,6,2.342857143,62.35714286,13.86571429
2017-05-14,1330,17.41428571,1.571428571,0,2.414285714,64.6,14.12428571
2017-05-15,2047,17.14285714,1.571428571,0,2.514285714,67.14285714,14.20714286
2017-05-16,1974,17.14285714,1.214285714,0,2.571428571,66.84285714,15.41428571
2017-05-17,2031,17.45714286,0.857142857,0,2.514285714,63.77142857,17.02
2017-05-18,2228,17.61428571,0.857142857,0,2.585714286,60.42857143,18.12714286
2017-05-19,2025,17.9,0.857142857,0,2.657142857,56.28571429,21.14857143
2017-05-20,2086,18.54285714,0,0,2.557142857,51.45714286,23.41
2017-05-21,2116,19.37142857,0,0,2.357142857,50,23.25428571
2017-05-22,2064,20.2,0,0,2.242857143,48.88571429,23.93571429
2017-05-23,2099,20.61428571,0.714285714,5,2.228571429,49.95714286,23.20285714
2017-05-24,1882,21.07142857,0.728571429,5,2.214285714,51.22857143,22.98285714
2017-05-25,3017,20.9,0.728571429,0,2.371428571,51.75714286,22.96285714
2017-05-26,1921,20.41428571,0.728571429,0,2.414285714,51.6,22.76285714
2017-05-27,2161,20.21428571,0.728571429,0,2.385714286,51.9,23.15857143
2017-05-28,2142,20.17142857,0.728571429,0,2.442857143,52.25714286,22.72285714
2017-05-29,2293,20.32857143,0.728571429,0,2.485714286,53.42857143,22.72571429
2017-05-30,2520,20.84285714,0.014285714,0,2.557142857,49.92857143,24.10285714
2017-05-31,2131,21.05714286,0,0,2.542857143,48.31428571,23.40285714
2017-06-01,2081,21.64285714,0,0,2.5,49.2,23.05
2017-06-02,2317,22.04285714,0,0,2.485714286,48.61428571,23.09857143
2017-06-03,1948,22.18571429,0,0,2.6,48.31428571,23.23142857
2017-06-04,2043,22.25714286,0,0,2.585714286,46.35714286,23.79142857
2017-06-05,2206,22.44285714,0,0,2.528571429,42.28571429,24.41
2017-06-06,2360,21.84285714,2.214285714,16,2.542857143,44.64285714,22.42428571
2017-06-07,1292,21.02857143,4,28,2.614285714,50.68571429,20.05
2017-06-08,1722,20.57142857,4,0,2.571428571,52.9,20.59
2017-06-09,2427,20.67142857,4.014285714,0,2.642857143,57.52857143,19.30571429
2017-06-10,2442,20.81428571,4.657142857,5,2.542857143,57.92857143,18.78857143
2017-06-11,2613,20.97142857,4.657142857,0,2.485714286,57.48571429,18.93714286
2017-06-12,2792,20.67142857,4.657142857,0,2.614285714,59.22857143,18.59428571
2017-06-13,2697,20.97142857,2.442857143,0,2.6,59.65714286,20.57857143
2017-06-14,2558,21.57142857,0.657142857,0,2.657142857,55.6,23.69285714
2017-06-15,2986,22,0.657142857,0,2.614285714,54.9,23.57857143
2017-06-16,3272,22.61428571,0.642857143,0,2.457142857,52.9,24.64142857
2017-06-17,3714,23,0,0,2.471428571,53.68571429,24.67571429
2017-06-18,3480,23.21428571,0,0,2.485714286,56.28571429,24.31428571
2017-06-19,3947,23.6,0,0,2.342857143,57.05714286,23.85428571
2017-06-20,3931,24.24285714,0,0,2.3,54.25714286,23.5
2017-06-21,3969,24.75714286,0,0,2.314285714,52.77142857,23.25142857
2017-06-22,4069,25.07142857,0,0,2.314285714,52.04285714,23.06857143
2017-06-23,4666,25.24285714,0,0,2.285714286,51.64285714,22.87428571
2017-06-24,5131,25.28571429,0.5,4,2.114285714,52.8,20.40571429
2017-06-25,4714,25.21428571,0.714285714,5,2,56.14285714,18.54285714
2017-06-26,5298,24.97142857,4.857142857,31,2.057142857,59.85714286,17.58571429
2017-06-27,5862,24.85714286,4.857142857,0,2.071428571,63.3,17.51857143
2017-06-28,6250,24.94285714,4.857142857,0,1.957142857,64.85714286,16.54285714
2017-06-29,6136,25.07142857,4.857142857,0,1.914285714,65.92857143,16.19
2017-06-30,6007,24.95714286,4.857142857,0,1.942857143,67.77142857,15.71857143
2017-07-01,6183,25.07142857,4.428571429,1,2.057142857,69.65714286,16.67142857
2017-07-02,6681,25.14285714,17.35714286,93,2.2,71.81428571,15.60571429
2017-07-03,5803,25.37142857,22.85714286,160,2.385714286,73.34285714,14.87571429
2017-07-04,6094,25.58571429,22.92857143,68,2.357142857,74.34285714,15.07428571
2017-07-05,5489,25.78571429,22.92857143,0,2.271428571,74.82857143,15.31571429
2017-07-06,4774,25.98571429,27.78571429,34,2.2,75.9,15.03857143
2017-07-07,4894,26.05714286,30.14285714,51,2.171428571,78.02857143,13.16285714
2017-07-08,3999,26.15714286,30.71428571,21,2.257142857,79.41428571,11.84428571
2017-07-09,4588,26.44285714,22.21428571,37,2.042857143,79.05714286,12.38285714
2017-07-10,3794,26.34285714,33.21428571,177,1.871428571,80.32857143,11.35714286
2017-07-11,2140,26.24285714,33.28571429,146,1.885714286,81.31428571,10.53
2017-07-12,3291,26.2,33.28571429,0,2,82.6,10.33285714
2017-07-13,3067,26.2,28.42857143,0,1.971428571,82.41428571,10.34857143
2017-07-14,3928,26.52857143,26.07142857,0,1.985714286,80.64285714,11.73714286
2017-07-15,4552,26.38571429,31.5,43,1.928571429,81.45714286,11.87857143
2017-07-16,4428,26.37142857,30.07142857,65,1.985714286,80.8,12.05428571
2017-07-17,4362,26.77142857,10.5,30,1.942857143,78.05714286,13.36428571
2017-07-18,5447,26.84285714,10.71428571,10,1.871428571,77.94285714,13.01571429
2017-07-19,5155,27.01428571,10.71428571,0,1.8,77.3,13.50428571
2017-07-20,5492,27.34285714,10.71428571,0,1.9,76.6,13.69857143
2017-07-21,6136,27.5,10.71428571,0,1.957142857,77.27142857,12.95142857
2017-07-22,6299,28.11428571,4.714285714,1,1.971428571,75.38571429,13.57428571
2017-07-23,5717,28.22857143,20.57142857,134,2.071428571,76.25714286,12.46285714
2017-07-24,5957,28.14285714,19.92857143,137,1.957142857,76.97142857,11.60428571
2017-07-25,3849,28.55714286,19.57142857,0,2,74.61428571,13.06714286
2017-07-26,4511,28.61428571,19.57142857,0,2.128571429,72.35714286,13.37857143
2017-07-27,4474,28.21428571,20.07142857,4,2.085714286,71.84285714,11.86571429
2017-07-28,3590,27.6,21.28571429,12,1.942857143,74.55714286,10.80428571
2017-07-29,4027,27.3,21.21428571,0,1.942857143,74.05714286,11.05714286
2017-07-30,4723,27.42857143,2.142857143,0,1.914285714,70.47142857,13.32
2017-07-31,5016,27.35714286,2.214285714,4,1.942857143,70.47142857,13.20142857
2017-08-01,3964,27.24285714,2.5,6,1.914285714,71.74285714,12.67857143
2017-08-02,4989,27.42857143,2.5,0,1.714285714,74.07142857,11.16
2017-08-03,3903,27.87142857,2,0,1.757142857,73.8,12.84428571
2017-08-04,3999,28.55714286,0.785714286,0,1.842857143,69.22857143,15.53
2017-08-05,3717,29.15714286,0.785714286,0,1.785714286,67.9,16.25285714
2017-08-06,3718,29.42857143,1.5,5,1.785714286,68.97142857,15.31285714
2017-08-07,4362,29.92857143,1,0,1.928571429,66.94285714,17.94142857
2017-08-08,3885,29.87142857,0.714285714,0,1.957142857,66.1,17.28285714
2017-08-09,4233,29.52857143,1.071428571,3,2.1,65.31428571,17.59571429
2017-08-10,3702,28.75714286,1.857142857,8,2.071428571,69.5,15.37
2017-08-11,3911,28.28571429,1.928571429,6,2.1,71.27142857,14.42285714
2017-08-12,3936,27.77142857,1.928571429,0,2.128571429,70.88571429,14.64857143
2017-08-13,4018,27.27142857,1.214285714,0,2.257142857,69.48571429,14.54
2017-08-14,3627,26.61428571,1.428571429,2,2.428571429,69.4,12.32857143
2017-08-15,3615,25.71428571,14.78571429,95,2.671428571,73.21428571,10.83285714
2017-08-16,3351,25.1,14.71428571,96,2.871428571,75.22857143,10.29571429
2017-08-17,3658,25.1,14,3,2.885714286,73.4,10.79
2017-08-18,3363,25,13.92857143,0,2.742857143,73.84285714,10.29714286
2017-08-19,3944,24.75714286,13.92857143,0,2.728571429,76.05714286,9.064285714
2017-08-20,3978,24.31428571,31.71428571,125,2.742857143,80.84285714,7.958571429
2017-08-21,3829,24.48571429,32.21428571,130,2.571428571,82.84285714,8.452857143
2017-08-22,3847,25.25714286,18.85714286,0,2.328571429,79.52857143,10.37428571
2017-08-23,3702,25.81428571,23.07142857,32,2.171428571,80.04285714,10.06142857
2017-08-24,3662,26.05714286,25,46,2.442857143,81.21428571,9.197142857
2017-08-25,3156,25.91428571,25,0,2.5,79.25714286,10.36
2017-08-26,4089,25.64285714,25,0,2.5,76.21428571,12.45142857
2017-08-27,3381,25.57142857,7.214285714,0,2.285714286,71.41428571,13.42857143
2017-08-28,2979,24.95714286,7.785714286,9,2.157142857,70.21428571,12.87142857
2017-08-29,2347,23.84285714,7.785714286,0,2.342857143,67.47142857,13.53285714
2017-08-30,3011,22.78571429,3.285714286,0,2.185714286,63.42857143,13.73571429
2017-08-31,2853,22.17142857,1.285714286,0,1.842857143,60.15714286,15.96285714
2017-09-01,3435,21.88571429,1.285714286,0,1.914285714,59.31428571,16.31428571
2017-09-02,2928,21.82857143,1.285714286,0,1.885714286,59.95714286,15.63428571
2017-09-03,3160,21.97142857,1.285714286,0,1.914285714,60.24285714,16.42428571
2017-09-04,3549,22.41428571,0,0,1.928571429,57.48571429,18.01285714
2017-09-05,3307,22.75714286,0,0,1.714285714,59.05714286,15.77
2017-09-06,2985,22.87142857,0.285714286,2,1.671428571,61.87142857,15.25857143
2017-09-07,2874,22.9,0.285714286,0,1.642857143,63.42857143,14.51571429
2017-09-08,3519,23.04285714,0.285714286,0,1.571428571,65.07142857,14.09714286
2017-09-09,3789,23.04285714,0.285714286,0,1.514285714,66.65714286,13.67142857
2017-09-10,3774,22.94285714,0.357142857,1,1.485714286,68.12857143,12.45571429
2017-09-11,3365,22.45714286,3.785714286,25,1.5,71.84285714,11.06
2017-09-12,3546,22.48571429,3.785714286,0,1.528571429,71.3,13.01857143
2017-09-13,4284,22.6,3.5,0,1.628571429,67.55714286,15.23857143
2017-09-14,3709,22.6,3.5,0,1.671428571,64.05714286,16.17857143
2017-09-15,3811,22.35714286,3.5,0,1.942857143,61.32857143,16.07285714
2017-09-16,3255,22.1,3.5,0,2.257142857,58.58571429,16.57857143
2017-09-17,3308,22.11428571,3.428571429,0,2.442857143,55.3,18.25
2017-09-18,3478,22.21428571,0,0,2.5,52.87142857,19.79428571
2017-09-19,3572,22.28571429,1.142857143,8,2.657142857,55.8,18.10428571
2017-09-20,3330,22.01428571,1.142857143,0,2.728571429,55.74285714,17.98142857
2017-09-21,3217,21.71428571,1.142857143,0,2.714285714,56.95714286,17.80428571
2017-09-22,3379,21.42857143,1.142857143,0,2.5,58.72857143,17.47142857
2017-09-23,3556,21.4,1.142857143,0,2.214285714,61.42857143,16.48142857
2017-09-24,3899,21.3,1.142857143,0,2.114285714,64.31428571,15.44285714
2017-09-25,4201,21.51428571,1.142857143,0,2.014285714,63.62857143,15.10571429
2017-09-26,3692,21.87142857,0,0,1.857142857,60.47142857,16.30571429
2017-09-27,3511,22.32857143,0.071428571,1,1.757142857,62.97142857,13.34571429
2017-09-28,3975,22.17142857,0.071428571,0,1.928571429,61.8,12.26857143
2017-09-29,3302,21.71428571,0.071428571,0,1.942857143,58.72857143,11.84714286
2017-09-30,3436,21.45714286,0.071428571,0,1.928571429,58.02857143,10.82
2017-10-01,3161,20.85714286,0.642857143,4,1.971428571,58.5,9.575714286
2017-10-02,2342,20.65714286,0.857142857,6,2.1,59.11428571,8.801428571
2017-10-03,4307,19.58571429,0.857142857,0,2.157142857,58.08571429,7.591428571
2017-10-04,3281,18.72857143,0.785714286,0,2.171428571,55.52857143,9.007142857
2017-10-05,3553,18.65714286,0.785714286,0,2.071428571,56.57142857,8.35
2017-10-06,3638,18.87142857,0.857142857,1,2.085714286,60.44285714,7.145714286
2017-10-07,2741,19.14285714,0.857142857,0,2.042857143,60.82857143,7.582857143
2017-10-08,3672,19.82857143,0.285714286,0,1.914285714,59.7,8.477142857
2017-10-09,3771,19.9,0.071428571,0,1.8,60.22857143,7.911428571
2017-10-10,3500,20.44285714,0.128571429,0,1.657142857,64.1,7.42
2017-10-11,2718,20.27142857,2.985714286,20,1.814285714,68.18571429,6.554285714
2017-10-12,1610,19.22857143,2.985714286,0,1.8,70.27142857,5.842857143
2017-10-13,672,18.35714286,2.914285714,0,1.928571429,68.07142857,6.427142857
2017-10-14,1701,17.28571429,2.914285714,0,2.05,64.52857143,6.628571429
2017-10-15,2566,16.25714286,2.914285714,0,2.1,61.04285714,6.721428571
2017-10-16,2833,15.41428571,2.914285714,0,2.133333333,58.41428571,6.73
2017-10-17,2416,14.67142857,2.857142857,0,2.133333333,54.15714286,7.665714286
2017-10-18,2473,14.81428571,0.014285714,0,2.05,51.54285714,7.56
2017-10-19,1773,15.61428571,0.014285714,0,2.016666667,49.72857143,8.538571429
2017-10-20,2133,16.21428571,0.014285714,0,1.733333333,50.81428571,8.587142857
2017-10-21,1818,16.67142857,0.014285714,0,1.671428571,52.24285714,8.468571429
2017-10-22,2293,16.74285714,0.014285714,0,1.871428571,53.37142857,8.325714286
2017-10-23,1825,16.32857143,0.014285714,0,1.828571429,53.28571429,8.621428571
2017-10-24,1189,16.07142857,0.014285714,0,1.914285714,54.31428571,8.285714286
2017-10-25,1109,15.77142857,0,0,1.785714286,54.34285714,9.148571429
2017-10-26,1361,15.41428571,0,0,1.7,54.08571429,8.482857143
2017-10-27,1619,15.4,0,0,1.657142857,53.48571429,8.3
2017-10-28,1469,15.34285714,0,0,1.757142857,53.35714286,8.157142857
2017-10-29,1671,14.65714286,0,0,1.785714286,52.67142857,8.01
2017-10-30,149,13.8,0,0,1.928571429,49.87142857,7.98
2017-10-31,154,13.22857143,0,0,1.914285714,49.87142857,7.988571429
2018-04-30,1313,15.44285714,0.428571429,0,1.742857143,51.37142857,21.59428571
2018-05-01,1837,16.62857143,0,0,1.757142857,52.72857143,21.92
2018-05-02,1871,16.7,1.714285714,12,1.814285714,60.24285714,18.70571429
2018-05-03,468,16.17142857,1.857142857,13,1.9,61.74285714,17.32142857
2018-05-04,1052,15.94285714,1.857142857,0,2.042857143,60.68571429,17.94428571
2018-05-05,1717,16.35714286,1.857142857,0,2.128571429,60.37142857,17.40428571
2018-05-06,2246,16.41428571,5,22,2.014285714,66.55714286,15.23428571
2018-05-07,1361,16.41428571,5,0,1.957142857,66.37142857,14.8
2018-05-08,2931,16,5,0,1.985714286,63.24285714,16.34714286
2018-05-09,1988,16.08571429,3.285714286,0,1.957142857,57.52857143,19.81857143
2018-05-10,2906,16.68571429,3.142857143,0,1.9,58.24285714,21.86857143
2018-05-11,2422,16.97142857,3.142857143,0,1.771428571,60.28571429,20.64571429
2018-05-12,3117,16.38571429,7.714285714,32,1.528571429,66.35714286,17.65428571
2018-05-13,1533,16.27142857,4.642857143,33,1.642857143,65.8,18.66285714
2018-05-14,2376,16.12857143,4.642857143,0,1.671428571,67.38571429,18.87571429
2018-05-15,3076,16.94285714,4.642857143,0,1.585714286,68.17142857,18.58
2018-05-16,3529,17.88571429,11.07142857,45,1.614285714,74.37142857,14.98428571
2018-05-17,1964,18.67142857,22.92857143,128,1.485714286,78.6,11.76
2018-05-18,1634,18.7,23.85714286,90,1.414285714,82.45714286,9.894285714
2018-05-19,1849,19.18571429,19.28571429,0,1.5,76.48571429,13.86714286
2018-05-20,2837,19.35714286,19.21428571,0,1.428571429,69.28571429,13.58857143
2018-05-21,2680,19.3,19.21428571,0,1.428571429,65.35714286,14.36
2018-05-22,2708,18.57142857,21,13,1.428571429,68.08571429,12.88714286
2018-05-23,2119,17.85714286,15.5,19,1.514285714,62.84285714,16.83
2018-05-24,2663,17.48571429,3.642857143,0,1.628571429,55.75714286,20.12428571
2018-05-25,2636,17.97142857,2.714285714,0,1.7,50.12857143,22.95857143
2018-05-26,2778,18.57142857,2.714285714,0,1.685714286,50.5,22.63428571
2018-05-27,3160,19.04285714,2.714285714,0,1.728571429,52.68571429,23.02
2018-05-28,3154,19.68571429,2.714285714,0,1.757142857,53.52857143,23.29142857
2018-05-29,3480,20.15714286,1.071428571,1,1.857142857,52.64285714,23.64428571
2018-05-30,2838,20.57142857,0.142857143,0,1.771428571,54.45714286,22.56857143
2018-05-31,3229,20.94285714,0.142857143,0,1.728571429,56.1,22.55714286
2018-06-01,3178,21.52857143,0.142857143,0,1.742857143,56.52857143,22.90857143
2018-06-02,3270,21.75714286,0.142857143,0,1.828571429,55.72857143,23.14142857
2018-06-03,2828,22.28571429,0.142857143,0,1.814285714,54.58571429,24.57857143
2018-06-04,2977,22.32857143,0.142857143,0,1.857142857,54.62857143,23.81285714
2018-06-05,2760,22.65714286,0,0,1.842857143,52.22857143,25.38571429
2018-06-06,3119,23.05714286,0,0,1.857142857,51.24285714,26.09
2018-06-07,3491,23.24285714,0,0,1.871428571,52.72857143,25.67571429
2018-06-08,3122,22.97142857,0,0,1.9,55.24285714,24.33
2018-06-09,3198,23.01428571,0.071428571,1,1.814285714,57.54285714,23.15142857
2018-06-10,3581,22.62857143,0.142857143,1,1.785714286,60.47142857,21.1
2018-06-11,4152,22.28571429,0.857142857,6,1.714285714,62.92857143,19.69142857
2018-06-12,3417,21.94285714,0.857142857,0,1.714285714,64.78571429,19.56285714
2018-06-13,4163,21.8,0.857142857,0,1.642857143,64.94285714,18.01285714
2018-06-14,4640,21.71428571,5,29,1.514285714,65.74285714,16.05571429
2018-06-15,4516,21.68571429,7.357142857,46,1.414285714,64.71428571,16.78714286
2018-06-16,4746,21.51428571,7.285714286,0,1.414285714,64.11428571,17.90428571
2018-06-17,4943,21.72857143,7.214285714,0,1.4,65.11428571,18.18428571
2018-06-18,5323,22.38571429,6.5,0,1.414285714,63.34285714,20.31285714
2018-06-19,4605,22.54285714,6.5,0,1.428571429,62.74285714,19.48428571
2018-06-20,4442,22.64285714,6.5,0,1.542857143,63.32857143,20.73714286
2018-06-21,4545,22.94285714,2.357142857,0,1.7,61.21428571,23.29
2018-06-22,5080,23.41428571,0,0,1.757142857,58.97142857,23.82714286
2018-06-23,5010,23.7,0,0,1.842857143,58.14285714,22.98857143
2018-06-24,4673,24.04285714,0,0,1.928571429,57.55714286,24.54857143
2018-06-25,4830,24.37142857,0,0,1.885714286,57.87142857,23.73
2018-06-26,4664,24.35714286,10.21428571,72,1.971428571,61.72857143,21.39285714
2018-06-27,3285,24.3,10.35714286,73,1.928571429,63.7,19.82714286
2018-06-28,3709,24.24285714,14.14285714,28,1.771428571,67.27142857,17.12714286
2018-06-29,2937,24.2,15.07142857,33,1.728571429,72.04285714,15.89714286
2018-06-30,3318,24.18571429,17.14285714,21,1.571428571,76.78571429,13.97857143
2018-07-01,3076,23.71428571,29.07142857,98,1.414285714,81.32857143,10.60571429
2018-07-02,3106,23.07142857,37.57142857,143,1.342857143,86.8,8.361428571
2018-07-03,1791,23.8,27.37142857,60,1.114285714,84.81428571,11.44571429
2018-07-04,2434,24.51428571,27.22857143,0,1.071428571,83.05714286,12.71285714
2018-07-05,2684,24.8,23.51428571,1,1.085714286,81.3,12.93714286
2018-07-06,2583,24.68571429,22.58571429,0,1.128571429,78.34285714,12.51428571
2018-07-07,3000,24.58571429,20.51428571,0,1.228571429,73.71428571,15.16571429
2018-07-08,3167,24.78571429,8.585714286,0,1.328571429,67.55714286,18.29285714
2018-07-09,3600,24.52857143,2.085714286,14,1.385714286,65.68571429,18.18857143
2018-07-10,3235,24,4.428571429,31,1.371428571,67.6,15.76571429
2018-07-11,2524,23.92857143,4.857142857,20,1.314285714,69.5,13.81
2018-07-12,2861,24.11428571,4.928571429,4,1.357142857,70.87142857,13.67285714
2018-07-13,2771,24.6,4.928571429,0,1.357142857,73.3,13.64
2018-07-14,3597,25.2,4.928571429,0,1.4,75.9,12.81
2018-07-15,3489,25.91428571,4.928571429,0,1.414285714,78.48571429,12.65714286
2018-07-16,3870,27.04285714,2.928571429,0,1.5,75.91428571,15.89571429
2018-07-17,3679,27.67142857,0.571428571,0,1.642857143,72.87142857,18.70285714
2018-07-18,3381,27.87142857,0.142857143,0,1.685714286,70.28571429,21.04571429
2018-07-19,3835,28.17142857,0,0,1.7,67.67142857,23.6
2018-07-20,4147,28.48571429,0,0,1.657142857,65.92857143,25.04714286
2018-07-21,4232,28.87142857,0,0,1.6,63.64285714,25.77714286
2018-07-22,4105,29.37142857,0,0,1.571428571,60.78571429,26.14857143
2018-07-23,4077,29.8,0,0,1.585714286,59.28571429,25.04428571
2018-07-24,3972,30.27142857,0,0,1.571428571,58.28571429,24.02285714
2018-07-25,4223,30.54285714,0,0,1.685714286,58.5,22.48285714
2018-07-26,4230,30.74285714,0,0,1.671428571,59.17142857,20.25571429
2018-07-27,4382,30.94285714,0,0,1.728571429,60.12857143,19.33571429
2018-07-28,3828,30.78571429,1.071428571,8,1.685714286,63.48571429,16.90285714
2018-07-29,3579,30.71428571,1.071428571,0,1.657142857,63.88571429,16.44857143
2018-07-30,3975,30.71428571,1.071428571,0,1.571428571,63.47142857,16.55428571
2018-07-31,2685,30.88571429,1.071428571,0,1.557142857,62.18571429,17.42285714
2018-08-01,2834,31.38571429,1.071428571,0,1.457142857,60.64285714,19.04142857
2018-08-02,2589,31.9,1.071428571,0,1.471428571,58.58571429,19.95142857
2018-08-03,2337,32.21428571,1.071428571,0,1.471428571,56.58571429,20.20857143
2018-08-04,2732,32.44285714,0,0,1.642857143,54.22857143,21.76
2018-08-05,2888,32.25714286,0.285714286,2,1.842857143,57,21.51571429
2018-08-06,3455,32.08571429,1.214285714,9,1.9,59.95714286,21.25571429
2018-08-07,3021,31.78571429,1.214285714,0,1.9,61.8,19.98714286
2018-08-08,2696,31.41428571,1.214285714,0,1.957142857,63.12857143,19.25857143
2018-08-09,2383,30.71428571,1.5,2,1.942857143,66.25714286,18.19142857
2018-08-10,3102,30.37142857,1.5,0,1.871428571,67.05714286,18.3
2018-08-11,2453,30.35714286,1.5,0,1.742857143,66.37142857,18.43142857
2018-08-12,2041,30.44285714,1.928571429,5,1.585714286,64.87142857,18.09
2018-08-13,2527,30.44285714,1.142857143,6,1.557142857,64.44285714,17.29428571
2018-08-14,2650,30.61428571,1.142857143,0,1.528571429,63.71428571,17.68714286
2018-08-15,2175,30.71428571,1.285714286,1,1.4,62.95714286,17.37571429
2018-08-16,1746,30.87142857,1,0,1.428571429,59.34285714,19.34285714
2018-08-17,1318,30.37142857,1,0,1.485714286,56.32857143,19.96857143
2018-08-18,1551,29.75714286,1,0,1.471428571,54.72857143,20.24
2018-08-19,1176,29.41428571,0.285714286,0,1.428571429,53.2,20.46285714
2018-08-20,1326,29.21428571,0.142857143,0,1.514285714,51.34285714,20.86
2018-08-21,823,28.48571429,0.857142857,5,1.685714286,53.21428571,20.07285714
2018-08-22,1222,28.34285714,0.714285714,0,1.671428571,52.44285714,20.62428571
2018-08-23,1229,28.27142857,1.142857143,3,1.671428571,53.6,18.39857143
2018-08-24,1543,27.87142857,2.214285714,11,1.771428571,60.24285714,15.46428571
2018-08-25,1985,27.65714286,2.214285714,0,1.942857143,63.58571429,14.45571429
2018-08-26,2221,26.94285714,2.5,2,1.942857143,66.35714286,13.56285714
2018-08-27,1914,26.02857143,5.285714286,22,1.771428571,71.41428571,12.53
2018-08-28,1709,25.61428571,18.35714286,116,1.542857143,74.41428571,11.32428571
2018-08-29,2116,24.82857143,24.35714286,139,1.728571429,78.97142857,8.535714286
2018-08-30,1770,24.24285714,25.28571429,52,1.742857143,82.08571429,8.455714286
2018-08-31,1498,24.41428571,24.22857143,10,1.614285714,79.38571429,10.81
2018-09-01,1261,24.45714286,24.22857143,0,1.428571429,78.15714286,11.49571429
2018-09-02,1487,24.72857143,23.94285714,0,1.471428571,76.12857143,12.46714286
2018-09-03,1360,24.81428571,26.08571429,35,1.5,75.31428571,11.82714286
2018-09-04,1260,24.74285714,12.3,0,1.685714286,72.02857143,14.28714286
2018-09-05,1799,24.57142857,6.3,0,1.7,68.81428571,17.10285714
2018-09-06,1846,24.4,5.085714286,1,1.728571429,67.24285714,17.43
2018-09-07,1911,23.88571429,5.142857143,2,1.857142857,65.41428571,17.06
2018-09-08,1744,23.34285714,5.142857143,0,1.914285714,63.9,17.30857143
2018-09-09,1571,22.92857143,5.142857143,0,1.871428571,62.92857143,17.46
2018-09-10,1649,22.87142857,0.214285714,0,1.957142857,57.81428571,19.81428571
2018-09-11,1815,22.64285714,0.214285714,0,1.857142857,54.77142857,19.27285714
2018-09-12,1626,22.47142857,0.214285714,0,1.7,53.12857143,18.97714286
2018-09-13,1725,22.38571429,0.071428571,0,1.585714286,52.21428571,19.24857143
2018-09-14,1990,22.6,0.071428571,1,1.414285714,53.97142857,17.85142857
2018-09-15,2254,22.82857143,0.1,1,1.314285714,57.85714286,15.66428571
2018-09-16,2295,22.82857143,0.385714286,2,1.385714286,62.8,13.52714286
2018-09-17,3336,22.74285714,0.4,2,1.428571429,64.91428571,13.61
2018-09-18,3450,22.8,0.4,0,1.385714286,66.58571429,13.32428571
2018-09-19,3183,22.7,0.428571429,0,1.328571429,67.6,11.93428571
2018-09-20,3112,22.05714286,1.142857143,5,1.414285714,70.3,10.67
2018-09-21,3194,21.47142857,3.642857143,23,1.414285714,73,10.17142857
2018-09-22,2737,21.11428571,4.542857143,25,1.528571429,71.04285714,11.83142857
2018-09-23,3348,20.71428571,4.257142857,0,1.514285714,66.65714286,13.02142857
2018-09-24,3542,20.04285714,4.242857143,0,1.542857143,64.37142857,13.09857143
2018-09-25,2591,19.44285714,4.242857143,0,1.528571429,62.68571429,13.71857143
2018-09-26,2757,19.05714286,4.214285714,0,1.628571429,61.08571429,14.63285714
2018-09-27,2587,19.04285714,3.5,0,1.557142857,56.11428571,16.65857143
2018-09-28,2200,18.77142857,0.928571429,0,1.542857143,52.15714286,17.00857143
2018-09-29,1731,18.68571429,0,0,1.428571429,51.18571429,17.05285714
2018-09-30,2018,18.42857143,0,0,1.528571429,51.12857143,17.36428571
2018-10-01,2031,18.11428571,0,0,1.642857143,52.1,16.52714286
2018-10-02,1634,17.84285714,0,0,1.714285714,54.01428571,16.33428571
2018-10-03,1396,17.54285714,0,0,1.657142857,55.45714286,16.53857143
2018-10-04,1549,17.6,0,0,1.657142857,56.72857143,16.19857143
2018-10-05,2487,17.51428571,5.214285714,37,1.728571429,60.44285714,15.33857143
2018-10-06,1221,17.2,13.14285714,92,1.9,64.51428571,13.55142857
2018-10-07,1340,17.02857143,13.14285714,0,1.814285714,64.65714286,13.36571429
2018-10-08,1149,16.94285714,13.14285714,0,1.557142857,63.5,13.39142857
2018-10-09,752,16.85714286,13.14285714,0,1.485714286,62.22857143,11.97
2018-10-10,1464,16.1,14.14285714,7,1.657142857,62.65714286,10.8
2018-10-11,269,14.72857143,14.14285714,0,1.771428571,61.87142857,10.73428571
2018-10-12,296,13.87142857,8.928571429,0,1.714285714,57.57142857,12.86714286
2018-10-13,329,13.08571429,1,0,1.542857143,53.28571429,14.28428571
2018-10-14,351,12.62857143,1,0,1.514285714,54.21428571,14.34571429
2018-10-15,724,12.68571429,1,0,1.557142857,57.48571429,13.77142857
2018-10-16,894,12.57142857,1,0,1.585714286,57.97142857,14.38
2018-10-17,568,12.62857143,0,0,1.414285714,56.87142857,15.25714286
2018-10-18,435,13.05714286,0,0,1.271428571,58.08571429,14.96428571
2018-10-19,853,13.37142857,0,0,1.285714286,58.12857143,14.75857143
2018-10-20,809,13.5,0,0,1.314285714,58.11428571,14.64285714
2018-10-21,634,13.52857143,0,0,1.257142857,56.61428571,14.59857143
2018-10-22,486,13.35714286,0,0,1.2,53.77142857,14.72285714
2018-10-23,444,13.02857143,0.714285714,5,1.171428571,56.51428571,13.94142857
2018-10-24,370,13.04285714,0.714285714,0,1.171428571,58.32857143,13.54142857
2018-10-25,379,13.2,0.714285714,0,1.142857143,57.75714286,13.56857143
2018-10-26,765,13.07142857,2.285714286,11,1.171428571,60.58571429,11.67857143
2018-10-27,301,12.4,2.285714286,0,1.457142857,59.97142857,11.05428571
2018-10-28,95,11.67142857,3.071428571,6,1.514285714,63.91428571,9.752857143
2018-10-29,72,10.7,3.071428571,0,1.657142857,64.95714286,9.425714286
2018-10-30,24,9.828571429,2.357142857,0,1.728571429,61.55714286,10.40714286
2018-10-31,148,9.1,2.357142857,0,1.771428571,60.04285714,10.53142857
2019-04-15,0,10.02857143,3.528571429,0,2.014285714,49.2,16.09571429
2019-04-16,48,10.84285714,1.042857143,0,1.9,45.94285714,18.65857143
2019-04-17,218,12.01428571,0.242857143,0,1.914285714,40.1,21.22428571
2019-04-18,314,12.45714286,0.242857143,0,1.928571429,42.44285714,19.07285714
2019-04-19,242,12.8,0.242857143,0,1.842857143,43.72857143,17.94571429
2019-04-20,468,13.15714286,0.414285714,1,1.857142857,48.42857143,16.75571429
2019-04-21,506,13.9,0.214285714,2,1.814285714,53.04285714,17.48
2019-04-22,603,15,0.214285714,0,1.757142857,55.85714286,17.38714286
2019-04-23,814,15.78571429,0.214285714,0,1.714285714,59.52857143,15.89571429
2019-04-24,771,16.38571429,0.8,4,1.671428571,64.22857143,15.03428571
2019-04-25,1107,16.47142857,2.414285714,15,1.671428571,64.44285714,14.69142857
2019-04-26,104,15.7,3.114285714,16,1.657142857,67.95714286,12.93
2019-04-27,101,15.31428571,2.942857143,0,1.628571429,65.91428571,14.16
2019-04-28,894,15.04285714,2.9,0,1.585714286,61.77142857,13.97
2019-04-29,782,14.14285714,2.9,0,1.514285714,62.1,12.02571429
2019-04-30,705,13.44285714,2.9,0,1.557142857,62.21428571,13.25571429
2019-05-01,1345,13,2.314285714,0,1.657142857,59.14285714,14.04142857
2019-05-02,1507,13.55714286,0.7,0,1.7,52.37142857,17.44
2019-05-03,1258,14.91428571,0,0,1.714285714,46,20.59428571
2019-05-04,1137,16.04285714,0,0,1.714285714,44.25714286,20.43428571
2019-05-05,1315,16.94285714,0,0,1.8,42.4,22.29857143
2019-05-06,1108,17.15714286,0,0,2.114285714,38.71428571,24.93285714
2019-05-07,1172,17.08571429,0,0,2.214285714,35.94285714,25.68571429
2019-05-08,1031,16.97142857,0,0,2.214285714,35.85714286,25.54
2019-05-09,1169,16.9,0,0,2.2,37.97142857,25.28142857
2019-05-10,1300,16.88571429,0,0,2.242857143,39.47142857,25.22428571
2019-05-11,1636,17,0,0,2.257142857,39.27142857,25.66285714
2019-05-12,1633,17.34285714,0,0,2.157142857,39.3,25.18857143
2019-05-13,1543,17.94285714,0,0,1.942857143,41.62857143,22.36857143
2019-05-14,1364,18.6,0,0,1.842857143,43.21428571,22.13
2019-05-15,1395,19.32857143,0,0,1.757142857,43.18571429,21.82285714
2019-05-16,1421,20.31428571,0,0,1.657142857,43.25714286,21.78428571
2019-05-17,1629,21.14285714,0,0,1.557142857,42.81428571,20.28857143
2019-05-18,1531,21.5,0,0,1.6,43.92857143,19.01571429
2019-05-19,1697,21.18571429,3.142857143,22,1.557142857,52.07142857,16.64428571
2019-05-20,1698,20.85714286,4.385714286,31,1.814285714,54.95714286,18.99285714
2019-05-21,1533,20.51428571,4.385714286,0,2,56.02857143,19.49857143
2019-05-22,1973,20.34285714,4.385714286,0,2.1,55.72857143,20.39285714
2019-05-23,1856,20.14285714,4.385714286,0,2.128571429,55.9,20.70285714
2019-05-24,1715,20.22857143,4.385714286,0,2.2,56.11428571,22.33285714
2019-05-25,1543,20.31428571,4.385714286,0,2.128571429,55.94285714,22.69714286
2019-05-26,1523,21.04285714,1.242857143,0,2.214285714,48.22857143,25.63857143
2019-05-27,1724,21.24285714,1.014285714,7,2.071428571,50.7,22.40714286
2019-05-28,1310,21.37142857,1.014285714,0,2.028571429,49.82857143,22.28142857
2019-05-29,1975,21.48571429,1.014285714,0,1.971428571,50.17142857,22.42142857
2019-05-30,2127,21.12857143,1.014285714,0,2.071428571,50.6,21.12428571
2019-05-31,1596,20.4,1.014285714,0,2.228571429,51.05714286,21.31428571
2019-06-01,1859,19.75714286,1.014285714,0,2.271428571,53.18571429,21.63857143
2019-06-02,1824,19.27142857,1.014285714,0,2.257142857,53.62857143,21.73428571
2019-06-03,1858,20.02857143,0,0,2.171428571,48.2,25.05428571
2019-06-04,1933,20.67142857,0,0,2.114285714,49.7,24.79714286
2019-06-05,1927,21.05714286,0,0,2.085714286,51.9,24.17714286
2019-06-06,1805,21.28571429,1.071428571,8,1.914285714,55.88571429,22.32714286
2019-06-07,1867,21.41428571,6.114285714,43,1.785714286,59.84285714,20.32
2019-06-08,1902,21.84285714,6.114285714,0,1.714285714,59.41428571,20.32571429
2019-06-09,2399,21.91428571,6.471428571,3,1.728571429,62.84285714,18.95285714
2019-06-10,2214,21.24285714,7.828571429,12,1.7,66.75714286,16.87285714
2019-06-11,1867,20.94285714,7.828571429,0,1.585714286,66,16.21142857
2019-06-12,2216,20.72857143,7.828571429,0,1.585714286,65.04285714,16.37142857
2019-06-13,2247,20.98571429,6.757142857,0,1.657142857,61.61428571,19.52428571
2019-06-14,2313,21.41428571,1.714285714,0,1.642857143,58.4,20.38857143
2019-06-15,2047,21.41428571,2.014285714,2,1.785714286,58.97142857,21.07428571
2019-06-16,2201,21.47142857,1.657142857,0,1.757142857,57.44285714,21.87142857
2019-06-17,2827,21.94285714,0.3,0,1.857142857,55.84285714,23.92142857
2019-06-18,2864,21.98571429,2.271428571,14,1.871428571,59.77142857,22.44714286
2019-06-19,3026,21.97142857,2.3,14,1.885714286,62.72857143,20.44428571
2019-06-20,3427,21.92857143,2.3,0,1.914285714,65.4,19.51714286
2019-06-21,3624,21.8,2.328571429,0,1.9,67.98571429,18.52428571
2019-06-22,3909,22.12857143,2.028571429,0,1.771428571,65.24285714,18.67714286
2019-06-23,3499,22.55714286,2.028571429,0,1.8,63.1,19.19142857
2019-06-24,3676,23.05714286,2.028571429,0,1.757142857,61.35714286,19.50714286
2019-06-25,3651,23.74285714,0.057142857,0,1.771428571,57.14285714,21.77428571
2019-06-26,4436,24.32857143,0.028571429,0,1.685714286,53.54285714,21.89857143
2019-06-27,3666,24.72857143,0.228571429,1,1.614285714,53.52857143,21.02428571
2019-06-28,5309,25.1,0.2,0,1.614285714,52.72857143,20.79714286
2019-06-29,4744,24.94285714,0.414285714,2,1.571428571,56.97142857,18.72285714
2019-06-30,5113,24.78571429,0.414285714,0,1.642857143,61.7,17.33285714
2019-07-01,5525,24.6,0.414285714,0,1.685714286,64.2,16.29857143
2019-07-02,5547,24.42857143,0.414285714,0,1.785714286,66.25714286,15.44142857
2019-07-03,5555,24.22857143,0.414285714,0,1.842857143,67.97142857,15.51428571
2019-07-04,5538,24.21428571,0.214285714,0,1.914285714,66.41428571,17.31714286
2019-07-05,5994,24.62857143,0.214285714,0,1.885714286,62.81428571,19.29714286
2019-07-06,5791,25.57142857,0,0,1.957142857,58.37142857,21.20857143
2019-07-07,5374,25.97142857,0,0,1.942857143,54.05714286,22.07714286
2019-07-08,4811,26.14285714,0,0,1.9,51.51428571,22.10714286
2019-07-09,4802,26.22857143,0,0,1.828571429,49.07142857,21.68857143
2019-07-10,4600,26.02857143,1.214285714,9,1.871428571,49,21.8
2019-07-11,4951,25.52857143,1.628571429,11,1.785714286,51.47142857,19.11142857
2019-07-12,4828,24.95714286,1.628571429,0,1.857142857,54.81428571,18.20428571
2019-07-13,5670,24.27142857,1.628571429,0,1.857142857,58.58571429,16.65142857
2019-07-14,5523,24.15714286,1.628571429,0,1.771428571,61.62857143,16.36
2019-07-15,6137,23.97142857,2.728571429,8,1.642857143,66.4,14.47142857
2019-07-16,4599,23.92857143,3.628571429,14,1.571428571,71.05714286,13.78714286
2019-07-17,5116,24.34285714,2.514285714,7,1.457142857,72.45714286,13.47142857
2019-07-18,5144,25.05714286,2.1,0,1.442857143,70.75714286,14.07
2019-07-19,5566,25.77142857,2.1,0,1.371428571,70.15714286,14.55142857
2019-07-20,4361,26.21428571,2.257142857,1,1.428571429,70.1,13.96857143
2019-07-21,3667,26.1,3.142857143,7,1.514285714,73.31428571,11.94285714
2019-07-22,4437,26.51428571,2.057142857,6,1.671428571,72.54285714,12.77142857
2019-07-23,4675,27,1.157142857,0,1.728571429,71.37142857,12.76142857
2019-07-24,4418,27.12857143,1.2,1,1.785714286,72.57142857,11.61571429
2019-07-25,3046,27.04285714,2.585714286,11,1.785714286,76.15714286,10.28571429
2019-07-26,4017,26.54285714,11.15714286,70,1.814285714,81.01428571,7.507142857
2019-07-27,3552,26.6,11.08571429,61,1.7,82.4,8.134285714
2019-07-28,4158,26.74285714,13.85714286,26,1.7,82.57142857,7.661428571
2019-07-29,3500,26.85714286,13.91428571,26,1.757142857,82.55714286,7.134285714
2019-07-30,3068,26.85714286,14.08571429,2,2,83.2,6.408571429
2019-07-31,3431,26.75714286,22.84285714,64,2.085714286,84.45714286,6.385714286
2019-08-01,2904,26.75714286,25.3,89,2.157142857,83.92857143,7.825714286
2019-08-02,2534,27.22857143,16.72857143,0,2.085714286,80.97142857,9.738571429
2019-08-03,2482,27.37142857,17.07142857,3,2.085714286,79.88571429,10.55714286
2019-08-04,2281,27.68571429,14.64285714,12,1.942857143,78.11428571,12.65142857
2019-08-05,2378,28.11428571,14.57142857,0,1.728571429,76.82857143,14.25571429
2019-08-06,2290,28.61428571,14.4,0,1.457142857,73.41428571,16.34857143
2019-08-07,2028,28.77142857,6.642857143,8,1.314285714,71.55714286,16.90571429
2019-08-08,1958,29.14285714,2.8,0,1.3,69.41428571,17.23714286
2019-08-09,2024,29.34285714,2.8,0,1.314285714,68.61428571,17.75571429
2019-08-10,2283,29.64285714,2.371428571,0,1.342857143,67.02857143,17.99142857
2019-08-11,2350,29.94285714,2.1,7,1.528571429,63.84285714,18.56142857
2019-08-12,2115,29.38571429,10.12857143,63,1.557142857,67.6,16.29571429
2019-08-13,2012,29.04285714,11.04285714,63,1.557142857,71.24285714,15.43857143
2019-08-14,2646,29.54285714,9.9,0,1.6,69.21428571,17.45
2019-08-15,2073,29.11428571,12.21428571,16,1.557142857,70.72857143,15.97
2019-08-16,1596,28.55714286,12.22857143,16,1.685714286,71.51428571,15.21714286
2019-08-17,2183,27.75714286,12.22857143,0,1.828571429,73.17142857,13.86857143
2019-08-18,1935,27.07142857,11.27142857,0,1.714285714,75.01428571,13.45285714
2019-08-19,2134,27.02857143,3.242857143,0,1.685714286,70.55714286,15.36142857
2019-08-20,2505,26.88571429,2.328571429,0,1.685714286,67.61428571,15.95428571
2019-08-21,2565,26.4,2.514285714,1,1.642857143,68.1,14.58857143
2019-08-22,2679,26.54285714,0.2,0,1.7,65.88571429,17.11
2019-08-23,3312,26.58571429,0.185714286,0,1.685714286,63.58571429,18.50142857
2019-08-24,3226,26.32857143,0.185714286,0,1.542857143,62.35714286,17.78714286
2019-08-25,2481,26.24285714,0.185714286,0,1.514285714,62.37142857,17.67857143
2019-08-26,2651,26.25714286,0.185714286,0,1.528571429,62.82857143,17.71285714
2019-08-27,2835,25.9,3.042857143,20,1.457142857,64.94285714,16.59285714
2019-08-28,2604,25.77142857,2.857142857,0,1.557142857,64.78571429,17.45333333
2019-08-29,2911,25.27142857,8.128571429,37,1.628571429,66.3,16.312
2019-08-30,2591,24.75714286,8.157142857,37,1.671428571,67.42857143,15.112
2019-08-31,2559,24.67142857,8.157142857,0,1.728571429,68.01428571,17.676
2019-09-01,2352,24.48571429,8.157142857,0,1.714285714,67.64285714,17.14
2019-09-02,2506,24.2,8.157142857,0,1.771428571,66.61428571,16.83
2019-09-03,2742,23.97142857,5.3,0,1.957142857,66.11428571,16.506
2019-09-04,2564,23.5,8.542857143,23,2.042857143,69.37142857,14.70166667
2019-09-05,2900,23.44285714,8.471428571,59,2.014285714,71.41428571,13.46857143
2019-09-06,2914,23.82857143,8.785714286,39,1.971428571,73.34285714,12.24714286
2019-09-07,3141,24.14285714,9.185714286,5,2.557142857,74.47142857,9.658571429
2019-09-08,3008,24.28571429,9.185714286,0,2.628571429,76.31428571,8.821428571
2019-09-09,3361,24.38571429,9.185714286,0,2.642857143,78.84285714,7.848571429
2019-09-10,3310,24.34285714,18.21428571,63,2.657142857,82.52857143,7.011428571
2019-09-11,2797,24.55714286,16.05714286,71,2.742857143,80.01428571,8.565714286
2019-09-12,2580,24.27142857,11.41428571,12,2.828571429,77.28571429,8.282857143
2019-09-13,2518,23.98571429,11.08571429,4,2.771428571,74.51428571,10.00571429
2019-09-14,3337,23.51428571,10.72857143,0,2.085714286,75.52857143,10.06142857
2019-09-15,2530,23.44285714,10.72857143,0,2.057142857,74.6,11.33
2019-09-16,3592,23.35714286,10.72857143,0,2.114285714,71.55714286,12.74
2019-09-17,3865,23.31428571,1.7,0,2.071428571,64.15714286,14.77857143
2019-09-18,3058,22.84285714,0.614285714,0,2.071428571,60.52857143,15.54142857
2019-09-19,2935,22.62857143,0.057142857,0,1.971428571,56.84285714,17.79
2019-09-20,2534,22.1,0.042857143,0,2.028571429,55.75714286,15.97428571
2019-09-21,2677,21.7,0,0,2.142857143,52.94285714,16.13142857
2019-09-22,2193,20.9,0.057142857,0,2.442857143,51.94285714,13.99
2019-09-23,2704,20.25714286,0.057142857,0,2.457142857,51.67142857,13.56285714
2019-09-24,2283,19.72857143,0.057142857,0,2.414285714,54.48571429,13.58571429
2019-09-25,2344,19.71428571,0.057142857,0,2.171428571,57.11428571,12.80571429
2019-09-26,2392,20.2,0.057142857,0,2.171428571,58.94285714,12.18714286
2019-09-27,2521,20.67142857,0.057142857,0,2.142857143,59.61428571,12.44142857
2019-09-28,2393,21.25714286,0.057142857,0,2.1,59.41428571,14.08857143
2019-09-29,2592,21.82857143,0,0,1.8,59.01428571,16.32142857
2019-09-30,2631,22.17142857,0,0,1.714285714,60.42857143,16.52857143
2019-10-01,2569,22.64285714,0,0,1.714285714,61.25714286,15.51142857
2019-10-02,2493,22.74285714,3.3,23,1.942857143,64.62857143,13.64857143
2019-10-03,2445,22.67142857,3.957142857,28,2.071428571,66.64285714,12.88285714
2019-10-04,2503,22.6,3.957142857,0,2.1,68.64285714,13.71285714
2019-10-05,3150,21.88571429,4.042857143,1,2.271428571,70.6,12.60857143
2019-10-06,2136,21.24285714,4.042857143,0,2.442857143,69.57142857,12.22857143
2019-10-07,2471,20.15714286,7.671428571,25,2.471428571,74,9.817142857
2019-10-08,731,18.95714286,7.671428571,0,2.585714286,72.81428571,10.35
2019-10-09,847,17.81428571,4.371428571,0,2.4,67.14285714,12.35285714
2019-10-10,861,16.78571429,3.714285714,0,2.185714286,65.35714286,12.05571429
2019-10-11,1111,16.27142857,3.714285714,0,2.157142857,63.71428571,12.08571429
2019-10-12,1872,16.15714286,3.628571429,0,2.242857143,60.38571429,13.39
2019-10-13,1573,16.02857143,3.628571429,0,2.1,60.27142857,13.44
2019-10-14,1135,15.97142857,0,0,2.2,55.25714286,15.30428571
2019-10-15,609,15.94285714,0,0,2.057142857,54.8,14.91714286
2019-10-16,624,16.08571429,0,0,2.042857143,56.22857143,14.65714286
2019-10-17,874,16.11428571,0,0,2.1,55.52857143,15.22285714
2019-10-18,707,15.85714286,0,0,2.171428571,55.28571429,14.6
2019-10-19,1244,15.72857143,0,0,1.928571429,57.35714286,14.28571429
2019-10-20,896,15.62857143,0,0,1.842857143,59.88571429,14.02142857
2019-10-21,901,16.01428571,0,0,1.628571429,60.47142857,14.00142857
2019-10-22,936,16.52857143,0,0,1.628571429,60.54285714,13.94285714
2019-10-23,1004,16.87142857,0,0,1.742857143,60.4,12.86857143
2019-10-24,1125,17.28571429,0,0,1.885714286,59.2,12.80285714
2019-10-25,1276,17.24285714,0,0,1.885714286,59.15714286,12.83285714
2019-10-26,725,16.24285714,0,0,1.985714286,58.61428571,12.53428571
2019-10-27,181,15.45714286,0,0,2.028571429,57,12.50285714
2019-10-28,266,14.85714286,0.242857143,2,2.242857143,57.7,12.10571429
2019-10-29,439,14.05714286,0.257142857,2,2.342857143,58.4,11.92714286
2019-10-30,206,13.22857143,0.257142857,0,2.228571429,58.82857143,12.78428571
2019-10-31,185,12.72857143,0.257142857,0,2.171428571,62.57142857,12.61
2020-05-01,842,14.91428571,0,0,2.985714286,53.8,23.75714286
2020-05-02,861,15.94285714,0,0,2.757142857,57.4,22.40428571
2020-05-03,896,17.3,0,0,2.585714286,61.07142857,21.12571429
2020-05-04,1304,18.34285714,0,0,2.571428571,63.08571429,21.47428571
2020-05-05,1090,18.64285714,0,0,2.414285714,65.64285714,18.96571429
2020-05-06,902,19.28571429,0,0,2.342857143,65.84285714,19.31
2020-05-07,1367,19.8,0,0,2.314285714,62.32857143,19.29571429
2020-05-08,1552,19.75714286,0.328571429,2,2.271428571,56.5,19.91
2020-05-09,831,18.88571429,3.814285714,27,2.457142857,58.61428571,18.99142857
2020-05-10,785,17.82857143,4,26,2.528571429,61.44285714,17.18571429
2020-05-11,1176,17.3,4.485714286,5,2.571428571,61.02857143,16.83714286
2020-05-12,1625,17.05714286,4.585714286,4,2.714285714,61.24285714,17.43571429
2020-05-13,1328,16.58571429,4.585714286,0,2.814285714,60.85714286,17.60571429
2020-05-14,1656,16.38571429,4.585714286,0,2.742857143,61.27142857,17.13571429
2020-05-15,1813,15.84285714,5.971428571,12,2.828571429,68.21428571,14.30285714
2020-05-16,979,16.2,2.842857143,15,2.542857143,67.62857143,14.96
2020-05-17,1434,16.87142857,2.657142857,0,2.428571429,66.41428571,16.17285714
2020-05-18,1952,17.24285714,6.428571429,30,2.342857143,69.04285714,14.9
2020-05-19,1338,17.05714286,9.042857143,49,2.385714286,69.64285714,15.14142857
2020-05-20,1010,16.81428571,9.042857143,0,2.257142857,71.51428571,13.88571429
2020-05-21,1540,16.54285714,9.042857143,0,2.271428571,74.47142857,14.41571429
2020-05-22,1890,16.88571429,7.328571429,0,2.114285714,72.62857143,15.79285714
2020-05-23,1976,17.37142857,6.971428571,0,2.2,69.17142857,18.02714286
2020-05-24,2141,17.08571429,9.042857143,15,2.371428571,69.84285714,17.36
2020-05-25,1874,16.72857143,4.785714286,0,2.328571429,70.07142857,17.76142857
2020-05-26,2200,17.18571429,2.285714286,2,2.171428571,71.25714286,18.21857143
2020-05-27,2126,17.61428571,2.285714286,0,2.271428571,72.41428571,19.52571429
2020-05-28,2571,17.8,2.285714286,0,2.242857143,73.37142857,19.30857143
2020-05-29,3024,18.11428571,2.285714286,0,2.257142857,72.95714286,21.45428571
2020-05-30,3183,18.47142857,2.285714286,0,2.214285714,71.7,21.92
2020-05-31,3038,19.05714286,0.357142857,1,2.128571429,68.58571429,23.14285714
2020-06-01,3288,19.5,0.414285714,1,2.314285714,66.2,25.06714286
2020-06-02,3610,19.74285714,0.485714286,2,2.328571429,64.64285714,23.26714286
2020-06-03,3106,20.4,0.485714286,0,2.3,65.32857143,22.49285714
2020-06-04,3568,20.85714286,0.514285714,0,2.414285714,67.94285714,22.05571429
2020-06-05,3771,21.18571429,0.514285714,0,2.385714286,68.48571429,21.38
2020-06-06,3982,21.47142857,0.514285714,0,2.4,69.38571429,20.93428571
2020-06-07,3564,21.68571429,0.371428571,0,2.4,70.3,21.91857143
2020-06-08,3621,22.44285714,0.314285714,0,2.214285714,70.2,21.31571429
2020-06-09,3263,23.7,0.028571429,0,2.228571429,67.42857143,24.52571429
2020-06-10,3266,24.24285714,0.914285714,6,2.171428571,66.07142857,23.69857143
2020-06-11,3087,24.84285714,0.885714286,0,2.1,64.24285714,24.59285714
2020-06-12,3646,25.08571429,0.885714286,0,2.085714286,64.12857143,22.9
2020-06-13,3297,25.41428571,0.885714286,0,2.071428571,62.58571429,23.57571429
2020-06-14,2824,25.6,1.042857143,1,2.157142857,62.75714286,23.07285714
2020-06-15,3102,25.31428571,1.042857143,0,2.257142857,62.57142857,23.13
2020-06-16,3148,24.98571429,1.042857143,0,2.242857143,64.2,22.61285714
2020-06-17,2997,24.77142857,0.157142857,0,2.242857143,63.45714286,22.95571429
2020-06-18,3417,24.38571429,0.157142857,0,2.157142857,62.47142857,20.80857143
2020-06-19,3220,24.38571429,0.171428571,0,2.214285714,61.44285714,21.96428571
2020-06-20,3476,24.1,0.171428571,0,2.242857143,62.84285714,21.48428571
2020-06-21,3059,24.4,0.014285714,0,2.114285714,61.25714286,22.24142857
2020-06-22,2865,25.2,0.014285714,0,2,59.57142857,22.58714286
2020-06-23,2393,25.61428571,0.014285714,0,1.957142857,58.21428571,21.47714286
2020-06-24,2355,25.32857143,5.385714286,38,2.057142857,61.77142857,18.85714286
2020-06-25,1888,25.07142857,7.285714286,51,2.142857143,66,18.15857143
2020-06-26,2035,24.65714286,7.571428571,15,2.3,68.95714286,17.22
2020-06-27,2917,24.54285714,7.571428571,0,2.285714286,70.07142857,16.85285714
2020-06-28,2800,24.41428571,7.571428571,0,2.342857143,71.64285714,16.96428571
2020-06-29,2822,23.72857143,9.271428571,12,2.4,75.42857143,14.02857143
2020-06-30,2181,22.7,18.51428571,77,2.7,79.64285714,12.49
2020-07-01,2341,22.52857143,13.14285714,0,2.585714286,79.04285714,13.42714286
2020-07-02,2898,22.9,11.24285714,0,2.542857143,76.68571429,15.29
2020-07-03,2971,23.42857143,10.95714286,0,2.457142857,74.02857143,17.35285714
2020-07-04,3331,23.44285714,11.18571429,2,2.471428571,73.1,18.02428571
2020-07-05,3267,23.24285714,11.18571429,0,2.4,72.82857143,16.91714286
2020-07-06,3183,23.5,9.485714286,0,2.357142857,71.34285714,18.47142857
2020-07-07,3303,24.07142857,0.242857143,0,2.142857143,70.27142857,19.75
2020-07-08,3235,24.7,0.242857143,0,2.157142857,69.21428571,22.08428571
2020-07-09,3689,25.17142857,0.242857143,0,2.128571429,67.8,22.64857143
2020-07-10,3893,25.02857143,0.542857143,2,2.157142857,69.44285714,20.48142857
2020-07-11,3578,25.25714286,0.314285714,0,2.228571429,69.25714286,19.75857143
2020-07-12,3824,25.21428571,0.728571429,3,2.3,69.72857143,17.87571429
2020-07-13,3036,24.22857143,7.528571429,51,2.571428571,73.75714286,15.77571429
2020-07-14,2574,23.68571429,9.171428571,59,2.614285714,74.31428571,15.39142857
2020-07-15,3240,23.38571429,9.171428571,0,2.614285714,73.05714286,15.50428571
2020-07-16,3795,23.02857143,9.171428571,0,2.628571429,73.95714286,15.88428571
2020-07-17,3847,23.24285714,8.857142857,0,2.5,73.52857143,17.31
2020-07-18,3225,23.28571429,8.857142857,0,2.357142857,74.81428571,16.40571429
2020-07-19,3634,23.35714286,12.6,29,2.4,76.2,16.01285714
2020-07-20,3589,24.08571429,6.314285714,33,2.357142857,74.98571429,16.09428571
2020-07-21,3851,24.75714286,4.671428571,0,2.185714286,74.64285714,16.86142857
2020-07-22,3628,24.8,6.314285714,12,2.128571429,78.38571429,13.70428571
2020-07-23,3540,24.24285714,21.04285714,115,2.385714286,81.9,10.41285714
2020-07-24,2089,23.74285714,21.45714286,106,2.771428571,82.22857143,8.724285714
2020-07-25,3035,23.48571429,21.45714286,0,2.985714286,81.9,8.738571429
2020-07-26,2663,23.68571429,17.3,0,2.885714286,80.14285714,10.62714286
2020-07-27,3221,23.75714286,17.1,2,2.671428571,80.15714286,10.99428571
2020-07-28,2646,23.67142857,17.15714286,3,2.728571429,81.27142857,9.644285714
2020-07-29,2884,23.67142857,22.67142857,51,2.785714286,82.2,9.455714286
2020-07-30,2143,24.27142857,7.957142857,50,2.571428571,80.77142857,11.25857143
2020-07-31,3043,24.8,7.757142857,2,2.2,81.85714286,11.83571429
2020-08-01,3187,24.94285714,13.34285714,41,2,84.94285714,10.36714286
2020-08-02,3183,24.87142857,17.82857143,71,2.042857143,88.8,8.14
2020-08-03,2401,24.97142857,32.17142857,134,2.157142857,90.21428571,7.478571429
2020-08-04,1902,25.34285714,32.67142857,107,2.371428571,90.85714286,7.432857143
2020-08-05,2302,25.74285714,28.15714286,22,2.357142857,90.32857143,7.695714286
2020-08-06,2378,25.57142857,38.95714286,94,2.528571429,91.37142857,6.467142857
2020-08-07,2101,25.3,38.74285714,0,2.5,91.85714286,5.352857143
2020-08-08,2233,25.14285714,35.88571429,19,2.585714286,91.65714286,5.588571429
2020-08-09,2236,25.14285714,38.58571429,69,2.628571429,91.52857143,5.428571429
2020-08-10,2122,25.35714286,30.3,95,2.485714286,90.85714286,6.097142857
2020-08-11,1907,25.01428571,43.6,142,2.3,91.31428571,6.008571429
2020-08-12,2052,25.11428571,40.95714286,0,2.3,90.14285714,7.237142857
2020-08-13,2533,25.67142857,30.14285714,0,2.185714286,88.65714286,7.411428571
2020-08-14,2293,26.07142857,30.2,0,2.428571429,88.77142857,7.045714286
2020-08-15,2721,26.34285714,37.32857143,69,2.371428571,89.7,6.515714286
2020-08-16,2389,26.7,30.14285714,0,2.428571429,87.87142857,8.354285714
2020-08-17,3488,26.94285714,23.77142857,0,2.471428571,85.91428571,9.878571429
2020-08-18,3211,27.35714286,9.914285714,0,2.385714286,83.6,11.64571429
2020-08-19,3011,27.34285714,9.914285714,0,2.4,82.58571429,12.92
2020-08-20,3247,27.3,9.914285714,0,2.285714286,81.67142857,13.94857143
2020-08-21,3098,27.22857143,10.21428571,3,2.014285714,81.24285714,14.60571429
2020-08-22,2843,26.97142857,6.442857143,45,2.042857143,80.01428571,15.22142857
2020-08-23,2198,26.67142857,6.442857143,0,1.885714286,79.41428571,15.85285714
2020-08-24,3287,26.61428571,6.442857143,0,1.871428571,78.51428571,16.11142857
2020-08-25,3361,26.95714286,6.442857143,0,1.942857143,77.54285714,16.31142857
2020-08-26,3138,27.4,6.528571429,1,2.142857143,76.32857143,15.90285714
2020-08-27,2250,27.31428571,7.771428571,9,2.414285714,77.55714286,14.52285714
2020-08-28,2781,27.41428571,9.357142857,22,2.414285714,78.41428571,14.72857143
2020-08-29,2869,27.77142857,5.214285714,27,2.3,78.8,14.89142857
2020-08-30,2784,27.98571429,11.28571429,56,2.328571429,80.28571429,14.05857143
2020-08-31,2930,27.78571429,11.28571429,0,2.414285714,81.18571429,12.91571429
2020-09-01,3036,27.31428571,11.28571429,0,2.385714286,81.6,11.50714286
2020-09-02,3515,26.47142857,15.95714286,33,2.228571429,84.88571429,9.172857143
2020-09-03,2903,25.84285714,18.97142857,63,2.4,84.51428571,10.31714286
2020-09-04,3628,25.27142857,17.02857143,0,2.557142857,80.91428571,11.89285714
2020-09-05,3703,24.77142857,15.08571429,0,2.657142857,77.55714286,12.72
2020-09-06,3600,24.04285714,9.928571429,6,2.742857143,76.3,11.89714286
2020-09-07,2471,23.01428571,18.64285714,67,2.942857143,78.52857143,10.62857143
2020-09-08,2678,22.55714286,18.64285714,0,3.271428571,78.4,12.13142857
2020-09-09,3532,22.1,14.07142857,1,3.242857143,77.27142857,13.41
2020-09-10,2160,22.11428571,10.37142857,5,2.842857143,76.38571429,14.21857143
2020-09-11,2864,21.98571429,10.54285714,5,2.857142857,77.62857143,13.02714286
2020-09-12,3002,21.54285714,11.35714286,7,2.857142857,80.08571429,12.00571429
2020-09-13,2611,21.51428571,10.44285714,0,2.742857143,78.71428571,13.92
2020-09-14,3176,21.81428571,1.728571429,0,2.4,76.68571429,15.41857143
2020-09-15,3269,21.75714286,1.728571429,0,2.028571429,77.38571429,14.66
2020-09-16,3946,21.95714286,1.585714286,0,2,76.88571429,13.79142857
2020-09-17,3544,21.74285714,1.028571429,0,2.014285714,76.1,12.38857143
2020-09-18,4127,21.61428571,0.857142857,0,2.014285714,74.58571429,13.58428571
2020-09-19,3715,21.75714286,0.085714286,0,2.042857143,71.08571429,15.57142857
2020-09-20,3815,21.5,0.085714286,0,2.057142857,69.25714286,15.80857143
2020-09-21,2983,21.18571429,0.085714286,0,2.042857143,65.94285714,16.62
2020-09-22,2507,20.78571429,0.085714286,0,2.214285714,62.92857143,17.35571429
2020-09-23,3142,20.31428571,0.042857143,0,2.414285714,60.07142857,18.89571429
2020-09-24,3189,20.21428571,0.042857143,0,2.642857143,58.54285714,20.20857143
2020-09-25,3366,20.01428571,0.042857143,0,2.6,58.84285714,19.08714286
2020-09-26,3048,19.74285714,0,0,2.628571429,59.3,18.32571429
2020-09-27,3088,19.84285714,0,0,2.628571429,60.11428571,17.82714286
2020-09-28,2884,20.07142857,0,0,2.671428571,61.52857143,17.79142857
2020-09-29,2921,19.98571429,0,0,2.542857143,63.28571429,16.81
2020-09-30,2747,20.04285714,5.471428571,38,2.314285714,65.87142857,16.38285714
2020-10-01,2381,19.78571429,5.471428571,0,2.085714286,68.05714286,15.29
2020-10-02,2972,19.65714286,5.471428571,0,2.057142857,70.27142857,14.28285714
2020-10-03,2479,19.74285714,5.471428571,0,1.942857143,71.7,13.40714286
2020-10-04,3240,19.2,5.471428571,0,2.057142857,71.95714286,12.50142857
2020-10-05,2031,18.14285714,5.471428571,0,2.128571429,70.71428571,12.52285714
2020-10-06,1507,17.37142857,5.471428571,0,2.142857143,69.04285714,13.23285714
2020-10-07,1668,16.85714286,0,0,2.171428571,64.88571429,13.66
2020-10-08,1766,16.62857143,0,0,2.314285714,61.75714286,14.85714286
2020-10-09,2326,16.34285714,0,0,2.414285714,58.01428571,16.60142857
2020-10-10,2573,15.91428571,0,0,2.471428571,56.24285714,17.38571429
2020-10-11,2291,15.95714286,0,0,2.328571429,56.72857143,17.25571429
2020-10-12,1526,16.37142857,0,0,2.285714286,58.34285714,16.42
2020-10-13,1834,16.28571429,0,0,2.314285714,57.82857143,15.61285714
2020-10-14,1043,15.82857143,0,0,2.385714286,57.55714286,14.92714286
2020-10-15,722,15.04285714,0,0,2.157142857,55.95714286,14.24285714
2020-10-16,729,14.27142857,0,0,1.942857143,57.51428571,12.34714286
2020-10-17,651,13.72857143,0,0,1.914285714,58.11428571,12.68571429
2020-10-18,723,13.25714286,0,0,1.942857143,57.68571429,13.33
2020-10-19,990,13.1,0,0,1.871428571,58.51428571,13.57
2020-10-20,949,13.32857143,0,0,1.785714286,60.62857143,13.78571429
2020-10-21,1089,13.51428571,0,0,1.714285714,63.82857143,12.71857143
2020-10-22,982,13.77142857,0,0,1.9,67.28571429,12.22285714
2020-10-23,519,13.31428571,0,0,2.114285714,65.45714286,13.89857143
2020-10-24,270,12.68571429,0,0,2.214285714,63.07142857,13.75571429
2020-10-25,358,12.42857143,0,0,2.171428571,62.64285714,13.45142857
2020-10-26,536,12.11428571,0,0,2.157142857,62.24285714,13.22571429
2020-10-27,535,11.94285714,0,0,2.185714286,63.24285714,12.73428571
2020-10-28,884,11.9,0,0,2.271428571,60.77142857,14.24142857
2020-10-29,695,11.51428571,0,0,2.157142857,57.1,14.63571429
2020-10-30,543,11.98571429,0,0,1.942857143,55.87142857,14.29428571
2020-10-31,454,12.68571429,0,0,1.957142857,57.68571429,13.49142857
